symbol,reason,relationships,checkpoint
AAPD,MIGRATED_ACTIVE_CONTENT_CONFLICT,"[{""year"":2026,""left"":""data\\parquet\\daily\\symbol=AAPD\\year=2026\\1d8a8354d10a605df61f6c2b.parquet"",""right"":""data\\parquet\\daily\\symbol=AAPD\\year=2026\\AAPD_2026.parquet"",""left_sha256"":""d782f2844c53911c1eff64723a23ce6546e56771f146b2bfd965e237fc82cdd8"",""right_sha256"":""4738285de9edd654373992315c07bdaf4068d4c293afc495f9b959fd563c0c28"",""overlap_rows"":162,""conflicting_rows"":107,""first_conflict"":""2026-01-02"",""last_conflict"":""2026-08-14"",""warmup_conflicting_sessions"":107},{""year"":2026,""left"":""data\\parquet\\daily\\symbol=AAPD\\year=2026\\1d8a8354d10a605df61f6c2b.parquet"",""right"":""data\\parquet\\daily\\symbol=AAPD\\year=2026\\aa0224bbbf935cd72b31fbb7.parquet"",""left_sha256"":""d782f2844c53911c1eff64723a23ce6546e56771f146b2bfd965e237fc82cdd8"",""right_sha256"":""c79a93a5b80d31a7664548e065981354568514117c9f9607f9f86d61d79d40d3"",""overlap_rows"":162,""conflicting_rows"":71,""first_conflict"":""2026-01-02"",""last_conflict"":""2026-08-11"",""warmup_conflicting_sessions"":71},{""year"":2026,""left"":""data\\parquet\\daily\\symbol=AAPD\\year=2026\\AAPD_2026.parquet"",""right"":""data\\parquet\\daily\\symbol=AAPD\\year=2026\\aa0224bbbf935cd72b31fbb7.parquet"",""left_sha256"":""4738285de9edd654373992315c07bdaf4068d4c293afc495f9b959fd563c0c28"",""right_sha256"":""c79a93a5b80d31a7664548e065981354568514117c9f9607f9f86d61d79d40d3"",""overlap_rows"":168,""conflicting_rows"":36,""first_conflict"":""2026-01-06"",""last_conflict"":""2026-08-14"",""warmup_conflicting_sessions"":36}]",H:\workspace\PCSOS\pool_scan_runs\daily_coverage_recovery_20260905_1741\tickers\AAPD.json
AAXJ,MIGRATED_ACTIVE_CONTENT_CONFLICT,"[{""year"":2025,""left"":""data\\parquet\\daily\\symbol=AAXJ\\year=2025\\06aef4a3cc0ead8106196973.parquet"",""right"":""data\\parquet\\daily\\symbol=AAXJ\\year=2025\\135d2d1c6f794d39a9ed5850.parquet"",""left_sha256"":""4ef9dd4592fd31580e05cc5eb9bf4576105327ff4e2b80541604d52c82b77918"",""right_sha256"":""c32bab5b6c2481f1dbce2c35d3e9967db719235f2a2b542b912d250a5a70bbc0"",""overlap_rows"":250,""conflicting_rows"":91,""first_conflict"":""2025-07-01"",""last_conflict"":""2025-12-31"",""warmup_conflicting_sessions"":22},{""year"":2025,""left"":""data\\parquet\\daily\\symbol=AAXJ\\year=2025\\06aef4a3cc0ead8106196973.parquet"",""right"":""data\\parquet\\daily\\symbol=AAXJ\\year=2025\\6a0f6405a97ffa832d5fea59.parquet"",""left_sha256"":""4ef9dd4592fd31580e05cc5eb9bf4576105327ff4e2b80541604d52c82b77918"",""right_sha256"":""8787ce98deb05bfd735416923f46602a467131c18fc4e88bf4e5cbba866f3b35"",""overlap_rows"":250,""conflicting_rows"":56,""first_conflict"":""2025-07-10"",""last_conflict"":""2025-12-31"",""warmup_conflicting_sessions"":16},{""year"":2025,""left"":""data\\parquet\\daily\\symbol=AAXJ\\year=2025\\06aef4a3cc0ead8106196973.parquet"",""right"":""data\\parquet\\daily\\symbol=AAXJ\\year=2025\\AAXJ_2025.parquet"",""left_sha256"":""4ef9dd4592fd31580e05cc5eb9bf4576105327ff4e2b80541604d52c82b77918"",""right_sha256"":""0dbe81e799cb0c971eb63f3d3fe0c9087312e851212380c3619885603b33097a"",""overlap_rows"":250,""conflicting_rows"":91,""first_conflict"":""2025-07-01"",""last_conflict"":""2025-12-31"",""warmup_conflicting_sessions"":22},{""year"":2025,""left"":""data\\parquet\\daily\\symbol=AAXJ\\year=2025\\135d2d1c6f794d39a9ed5850.parquet"",""right"":""data\\parquet\\daily\\symbol=AAXJ\\year=2025\\6a0f6405a97ffa832d5fea59.parquet"",""left_sha256"":""c32bab5b6c2481f1dbce2c35d3e9967db719235f2a2b542b912d250a5a70bbc0"",""right_sha256"":""8787ce98deb05bfd735416923f46602a467131c18fc4e88bf4e5cbba866f3b35"",""overlap_rows"":250,""conflicting_rows"":59,""first_conflict"":""2025-07-01"",""last_conflict"":""2025-12-31"",""warmup_conflicting_sessions"":16},{""year"":2025,""left"":""data\\parquet\\daily\\symbol=AAXJ\\year=2025\\135d2d1c6f794d39a9ed5850.parquet"",""right"":""data\\parquet\\daily\\symbol=AAXJ\\year=2025\\AAXJ_2025.parquet"",""left_sha256"":""c32bab5b6c2481f1dbce2c35d3e9967db719235f2a2b542b912d250a5a70bbc0"",""right_sha256"":""0dbe81e799cb0c971eb63f3d3fe0c9087312e851212380c3619885603b33097a"",""overlap_rows"":250,""conflicting_rows"":24,""first_conflict"":""2025-07-10"",""last_conflict"":""2025-12-31"",""warmup_conflicting_sessions"":10},{""year"":2025,""left"":""data\\parquet\\daily\\symbol=AAXJ\\year=2025\\6a0f6405a97ffa832d5fea59.parquet"",""right"":""data\\parquet\\daily\\symbol=AAXJ\\year=2025\\AAXJ_2025.parquet"",""left_sha256"":""8787ce98deb05bfd735416923f46602a467131c18fc4e88bf4e5cbba866f3b35"",""right_sha256"":""0dbe81e799cb0c971eb63f3d3fe0c9087312e851212380c3619885603b33097a"",""overlap_rows"":250,""conflicting_rows"":35,""first_conflict"":""2025-07-01"",""last_conflict"":""2025-12-30"",""warmup_conflicting_sessions"":6}]",H:\workspace\PCSOS\pool_scan_runs\daily_coverage_recovery_20260905_1741\tickers\AAXJ.json
ABEO,MIGRATED_ACTIVE_CONTENT_CONFLICT,"[{""year"":2025,""left"":""data\\parquet\\daily\\symbol=ABEO\\year=2025\\4f6918c5986b4a0a0d466ec3.parquet"",""right"":""data\\parquet\\daily\\symbol=ABEO\\year=2025\\5d8dc12b9208479d5716693d.parquet"",""left_sha256"":""cf17dbf7c7d28e4cb62b06e0031ad1409bfacd183ffd21f6a2aa7b67917d16dc"",""right_sha256"":""bbbdc66574f47d0479afb5eb6b1740592d163d117b2cca32f6e5aab241f33e8a"",""overlap_rows"":250,""conflicting_rows"":18,""first_conflict"":""2025-07-29"",""last_conflict"":""2025-12-09"",""warmup_conflicting_sessions"":4},{""year"":2025,""left"":""data\\parquet\\daily\\symbol=ABEO\\year=2025\\4f6918c5986b4a0a0d466ec3.parquet"",""right"":""data\\parquet\\daily\\symbol=ABEO\\year=2025\\ABEO_2025.parquet"",""left_sha256"":""cf17dbf7c7d28e4cb62b06e0031ad1409bfacd183ffd21f6a2aa7b67917d16dc"",""right_sha256"":""cf17dbf7c7d28e4cb62b06e0031ad1409bfacd183ffd21f6a2aa7b67917d16dc"",""overlap_rows"":250,""conflicting_rows"":0,""first_conflict"":null,""last_conflict"":null,""warmup_conflicting_sessions"":0},{""year"":2025,""left"":""data\\parquet\\daily\\symbol=ABEO\\year=2025\\5d8dc12b9208479d5716693d.parquet"",""right"":""data\\parquet\\daily\\symbol=ABEO\\year=2025\\ABEO_2025.parquet"",""left_sha256"":""bbbdc66574f47d0479afb5eb6b1740592d163d117b2cca32f6e5aab241f33e8a"",""right_sha256"":""cf17dbf7c7d28e4cb62b06e0031ad1409bfacd183ffd21f6a2aa7b67917d16dc"",""overlap_rows"":250,""conflicting_rows"":18,""first_conflict"":""2025-07-29"",""last_conflict"":""2025-12-09"",""warmup_conflicting_sessions"":4}]",H:\workspace\PCSOS\pool_scan_runs\daily_coverage_recovery_20260905_1741\tickers\ABEO.json
ABT,MIGRATED_ACTIVE_CONTENT_CONFLICT,"[{""year"":2025,""left"":""data\\parquet\\daily\\symbol=ABT\\year=2025\\8cadf3b86ec475004efc7c39.parquet"",""right"":""data\\parquet\\daily\\symbol=ABT\\year=2025\\ABT_2025.parquet"",""left_sha256"":""6c8a0c5bb5596eeffd7a690fdb63d0fa32e5dccbe7c75a0e113a6a5d4ad965d4"",""right_sha256"":""f4e5dcad6544e3d64607cc983621198392486f58afe6809b31408e3a0953b8e9"",""overlap_rows"":250,""conflicting_rows"":56,""first_conflict"":""2025-07-10"",""last_conflict"":""2025-12-31"",""warmup_conflicting_sessions"":16},{""year"":2026,""left"":""data\\parquet\\daily\\symbol=ABT\\year=2026\\19f0801037464a74ddfad62b.parquet"",""right"":""data\\parquet\\daily\\symbol=ABT\\year=2026\\5f24e5fa75360d81c6ee0103.parquet"",""left_sha256"":""c6918b175c654b29fac84d6d658e5c356ab45622e3f9d11415a760f0d23542d8"",""right_sha256"":""838a72358c23c9272037dbf238e310d29c97058889fbed0124b91e69c9e6211a"",""overlap_rows"":167,""conflicting_rows"":61,""first_conflict"":""2026-01-02"",""last_conflict"":""2026-08-13"",""warmup_conflicting_sessions"":61},{""year"":2026,""left"":""data\\parquet\\daily\\symbol=ABT\\year=2026\\19f0801037464a74ddfad62b.parquet"",""right"":""data\\parquet\\daily\\symbol=ABT\\year=2026\\ABT_2026.parquet"",""left_sha256"":""c6918b175c654b29fac84d6d658e5c356ab45622e3f9d11415a760f0d23542d8"",""right_sha256"":""838a72358c23c9272037dbf238e310d29c97058889fbed0124b91e69c9e6211a"",""overlap_rows"":167,""conflicting_rows"":61,""first_conflict"":""2026-01-02"",""last_conflict"":""2026-08-13"",""warmup_conflicting_sessions"":61},{""year"":2026,""left"":""data\\parquet\\daily\\symbol=ABT\\year=2026\\5f24e5fa75360d81c6ee0103.parquet"",""right"":""data\\parquet\\daily\\symbol=ABT\\year=2026\\ABT_2026.parquet"",""left_sha256"":""838a72358c23c9272037dbf238e310d29c97058889fbed0124b91e69c9e6211a"",""right_sha256"":""838a72358c23c9272037dbf238e310d29c97058889fbed0124b91e69c9e6211a"",""overlap_rows"":168,""conflicting_rows"":0,""first_conflict"":null,""last_conflict"":null,""warmup_conflicting_sessions"":0}]",H:\workspace\PCSOS\pool_scan_runs\daily_coverage_recovery_20260905_1741\tickers\ABT.json
ABTS,MIGRATED_ACTIVE_CONTENT_CONFLICT,"[{""year"":2025,""left"":""data\\parquet\\daily\\symbol=ABTS\\year=2025\\5f29adf6d51a5321709713a9.parquet"",""right"":""data\\parquet\\daily\\symbol=ABTS\\year=2025\\ABTS_2025.parquet"",""left_sha256"":""f8234ead41e693905cd110b838ce129174bc2e0c42743913707357a18ba4576e"",""right_sha256"":""bcb6b7c6b27697ae89b56dc8738ab60a7ea4c991f0783271ff9eafd520bdf801"",""overlap_rows"":250,""conflicting_rows"":15,""first_conflict"":""2025-07-18"",""last_conflict"":""2025-12-12"",""warmup_conflicting_sessions"":1},{""year"":2026,""left"":""data\\parquet\\daily\\symbol=ABTS\\year=2026\\5e0d42cbccb9b812ce44440c.parquet"",""right"":""data\\parquet\\daily\\symbol=ABTS\\year=2026\\ABTS_2026.parquet"",""left_sha256"":""e8f25e5505d7c102c5ac7111458e1647d15dd58da5272d070a332f63a88d2ae4"",""right_sha256"":""1fad5fbdac4e2895bf9214ac13f199d387496c80b5aab1a9c7eda0c2e0814716"",""overlap_rows"":168,""conflicting_rows"":23,""first_conflict"":""2026-02-05"",""last_conflict"":""2026-08-28"",""warmup_conflicting_sessions"":23}]",H:\workspace\PCSOS\pool_scan_runs\daily_coverage_recovery_20260905_1741\tickers\ABTS.json
ABVC,MIGRATED_ACTIVE_CONTENT_CONFLICT,"[{""year"":2026,""left"":""data\\parquet\\daily\\symbol=ABVC\\year=2026\\441b6bfa481e1d9c56c12875.parquet"",""right"":""data\\parquet\\daily\\symbol=ABVC\\year=2026\\7fcee36b251cd5eb6265ab03.parquet"",""left_sha256"":""23042d887886ccf26861aad1b66ea236f6c6ce4edf5639a5cfb6eeed2b22d3cd"",""right_sha256"":""2f97fc11c237f66d71ed1b9cbd45c39e6b5ea25655dae029d3c2e6bd34027542"",""overlap_rows"":162,""conflicting_rows"":45,""first_conflict"":""2026-02-17"",""last_conflict"":""2026-08-17"",""warmup_conflicting_sessions"":45},{""year"":2026,""left"":""data\\parquet\\daily\\symbol=ABVC\\year=2026\\441b6bfa481e1d9c56c12875.parquet"",""right"":""data\\parquet\\daily\\symbol=ABVC\\year=2026\\ABVC_2026.parquet"",""left_sha256"":""23042d887886ccf26861aad1b66ea236f6c6ce4edf5639a5cfb6eeed2b22d3cd"",""right_sha256"":""2f97fc11c237f66d71ed1b9cbd45c39e6b5ea25655dae029d3c2e6bd34027542"",""overlap_rows"":162,""conflicting_rows"":45,""first_conflict"":""2026-02-17"",""last_conflict"":""2026-08-17"",""warmup_conflicting_sessions"":45},{""year"":2026,""left"":""data\\parquet\\daily\\symbol=ABVC\\year=2026\\7fcee36b251cd5eb6265ab03.parquet"",""right"":""data\\parquet\\daily\\symbol=ABVC\\year=2026\\ABVC_2026.parquet"",""left_sha256"":""2f97fc11c237f66d71ed1b9cbd45c39e6b5ea25655dae029d3c2e6bd34027542"",""right_sha256"":""2f97fc11c237f66d71ed1b9cbd45c39e6b5ea25655dae029d3c2e6bd34027542"",""overlap_rows"":168,""conflicting_rows"":0,""first_conflict"":null,""last_conflict"":null,""warmup_conflicting_sessions"":0}]",H:\workspace\PCSOS\pool_scan_runs\daily_coverage_recovery_20260905_1741\tickers\ABVC.json
ACA,MIGRATED_ACTIVE_CONTENT_CONFLICT,"[{""year"":2026,""left"":""data\\parquet\\daily\\symbol=ACA\\year=2026\\1cba7032ab28e828f37919c4.parquet"",""right"":""data\\parquet\\daily\\symbol=ACA\\year=2026\\ACA_2026.parquet"",""left_sha256"":""04c958832157fba833057eca1dbf0d56517162242519ed4f191f779f3638f67d"",""right_sha256"":""767c09385ee77fd55a58682747baf8a3b850406b355236d77fa46fb53871651b"",""overlap_rows"":168,""conflicting_rows"":44,""first_conflict"":""2026-01-02"",""last_conflict"":""2026-08-25"",""warmup_conflicting_sessions"":44}]",H:\workspace\PCSOS\pool_scan_runs\daily_coverage_recovery_20260905_1741\tickers\ACA.json
ACB,MIGRATED_ACTIVE_CONTENT_CONFLICT,"[{""year"":2025,""left"":""data\\parquet\\daily\\symbol=ACB\\year=2025\\7f41c4c7ef76877f61fe3749.parquet"",""right"":""data\\parquet\\daily\\symbol=ACB\\year=2025\\ACB_2025.parquet"",""left_sha256"":""5980029c88c1251218e1ccb02ef498077bd3ea450c6adc9b2df8dd6a1f4e1c96"",""right_sha256"":""006f237d5b72f94196f15578c1bfc07860a142444a73f2e10cbfe188fb961538"",""overlap_rows"":250,""conflicting_rows"":17,""first_conflict"":""2025-08-07"",""last_conflict"":""2025-12-31"",""warmup_conflicting_sessions"":8},{""year"":2026,""left"":""data\\parquet\\daily\\symbol=ACB\\year=2026\\ACB_2026.parquet"",""right"":""data\\parquet\\daily\\symbol=ACB\\year=2026\\acb324f86cd2ad184fad96b9.parquet"",""left_sha256"":""40e91682155eb7013f44c9773c5c5cccbc04fac2bf4b824cc71e95aa929317ce"",""right_sha256"":""094db5bfd74f81f5190f4741ab68ff0d139780cb7b8f40010199ee2db3c167cb"",""overlap_rows"":168,""conflicting_rows"":36,""first_conflict"":""2026-01-27"",""last_conflict"":""2026-08-28"",""warmup_conflicting_sessions"":36}]",H:\workspace\PCSOS\pool_scan_runs\daily_coverage_recovery_20260905_1741\tickers\ACB.json
ACET,MIGRATED_ACTIVE_CONTENT_CONFLICT,"[{""year"":2025,""left"":""data\\parquet\\daily\\symbol=ACET\\year=2025\\5f5b2fb3b2e8e4ec69655434.parquet"",""right"":""data\\parquet\\daily\\symbol=ACET\\year=2025\\ACET_2025.parquet"",""left_sha256"":""755329846d52ec21a7b8b668ad0a33273fc42cf50e4074e8336715293b399847"",""right_sha256"":""0d10fcda883cbc4e8da64a781d3269192a54d2059caba7379edf3b1691a23347"",""overlap_rows"":250,""conflicting_rows"":55,""first_conflict"":""2025-07-10"",""last_conflict"":""2025-12-23"",""warmup_conflicting_sessions"":15},{""year"":2026,""left"":""data\\parquet\\daily\\symbol=ACET\\year=2026\\0be523413d2f006976cda12a.parquet"",""right"":""data\\parquet\\daily\\symbol=ACET\\year=2026\\ACET_2026.parquet"",""left_sha256"":""d7682512a2994883d3ca7e1d43fd0ee73d329f17a36ee09c4361faa5575a3c70"",""right_sha256"":""d7682512a2994883d3ca7e1d43fd0ee73d329f17a36ee09c4361faa5575a3c70"",""overlap_rows"":168,""conflicting_rows"":0,""first_conflict"":null,""last_conflict"":null,""warmup_conflicting_sessions"":0}]",H:\workspace\PCSOS\pool_scan_runs\daily_coverage_recovery_20260905_1741\tickers\ACET.json
ACGL,MIGRATED_ACTIVE_CONTENT_CONFLICT,"[{""year"":2025,""left"":""data\\parquet\\daily\\symbol=ACGL\\year=2025\\4c820acdb12e22084e9f91ab.parquet"",""right"":""data\\parquet\\daily\\symbol=ACGL\\year=2025\\ACGL_2025.parquet"",""left_sha256"":""1dbd3352e90b88825a258eb66c6d0735e93e8407c758ae6ce1f57c7006429b30"",""right_sha256"":""1dbd3352e90b88825a258eb66c6d0735e93e8407c758ae6ce1f57c7006429b30"",""overlap_rows"":250,""conflicting_rows"":0,""first_conflict"":null,""last_conflict"":null,""warmup_conflicting_sessions"":0},{""year"":2026,""left"":""data\\parquet\\daily\\symbol=ACGL\\year=2026\\8e5a95597210ec555d05d693.parquet"",""right"":""data\\parquet\\daily\\symbol=ACGL\\year=2026\\ACGL_2026.parquet"",""left_sha256"":""0f4f819f1e0830fa0bf6216ee424a9443c386ff9be62da4abaf31134ecd0c37c"",""right_sha256"":""0f4f819f1e0830fa0bf6216ee424a9443c386ff9be62da4abaf31134ecd0c37c"",""overlap_rows"":168,""conflicting_rows"":0,""first_conflict"":null,""last_conflict"":null,""warmup_conflicting_sessions"":0},{""year"":2026,""left"":""data\\parquet\\daily\\symbol=ACGL\\year=2026\\8e5a95597210ec555d05d693.parquet"",""right"":""data\\parquet\\daily\\symbol=ACGL\\year=2026\\e6bab2e755cc90efa59a3d50.parquet"",""left_sha256"":""0f4f819f1e0830fa0bf6216ee424a9443c386ff9be62da4abaf31134ecd0c37c"",""right_sha256"":""e9c12115c963ac78495caf11edb0324ef2d2d1405242fa76df2be38251fd66c7"",""overlap_rows"":167,""conflicting_rows"":32,""first_conflict"":""2026-02-23"",""last_conflict"":""2026-08-06"",""warmup_conflicting_sessions"":32},{""year"":2026,""left"":""data\\parquet\\daily\\symbol=ACGL\\year=2026\\ACGL_2026.parquet"",""right"":""data\\parquet\\daily\\symbol=ACGL\\year=2026\\e6bab2e755cc90efa59a3d50.parquet"",""left_sha256"":""0f4f819f1e0830fa0bf6216ee424a9443c386ff9be62da4abaf31134ecd0c37c"",""right_sha256"":""e9c12115c963ac78495caf11edb0324ef2d2d1405242fa76df2be38251fd66c7"",""overlap_rows"":167,""conflicting_rows"":32,""first_conflict"":""2026-02-23"",""last_conflict"":""2026-08-06"",""warmup_conflicting_sessions"":32}]",H:\workspace\PCSOS\pool_scan_runs\daily_coverage_recovery_20260905_1741\tickers\ACGL.json
ACHC,MIGRATED_ACTIVE_CONTENT_CONFLICT,"[{""year"":2025,""left"":""data\\parquet\\daily\\symbol=ACHC\\year=2025\\ACHC_2025.parquet"",""right"":""data\\parquet\\daily\\symbol=ACHC\\year=2025\\ff9da37bc13e0350b20e2c5b.parquet"",""left_sha256"":""c70db092760d223d7416e5a49d40eea0a9cc0a8038886c007fa08d2533db755c"",""right_sha256"":""f8dec3d1b53136c4fcdee9788cfb0a3adc64430fb8cb076f9645123256450760"",""overlap_rows"":250,""conflicting_rows"":9,""first_conflict"":""2025-08-15"",""last_conflict"":""2025-12-01"",""warmup_conflicting_sessions"":3},{""year"":2026,""left"":""data\\parquet\\daily\\symbol=ACHC\\year=2026\\894ca763e2e6429def807b35.parquet"",""right"":""data\\parquet\\daily\\symbol=ACHC\\year=2026\\ACHC_2026.parquet"",""left_sha256"":""b80770895bd9d4f66096b4e695dda1d897e1af5f06e94b9a80587b4c9edc0968"",""right_sha256"":""a0c1cf5099bb233a947fb5be531193dcae3653db1157ae46f8b354c57c483447"",""overlap_rows"":168,""conflicting_rows"":26,""first_conflict"":""2026-01-27"",""last_conflict"":""2026-08-26"",""warmup_conflicting_sessions"":26}]",H:\workspace\PCSOS\pool_scan_runs\daily_coverage_recovery_20260905_1741\tickers\ACHC.json
ACHR,MIGRATED_ACTIVE_CONTENT_CONFLICT,"[{""year"":2025,""left"":""data\\parquet\\daily\\symbol=ACHR\\year=2025\\1c157a11fa7dc633c3f605c7.parquet"",""right"":""data\\parquet\\daily\\symbol=ACHR\\year=2025\\ACHR_2025.parquet"",""left_sha256"":""63f9604ede601ada6a551c6745408353d948adfe4f2492406fc91b7133057142"",""right_sha256"":""eb18f731f62fd4845c6c8fefffc0670988706a1a7f21fe21abf7f6b56140a45b"",""overlap_rows"":250,""conflicting_rows"":5,""first_conflict"":""2025-08-27"",""last_conflict"":""2025-12-17"",""warmup_conflicting_sessions"":1},{""year"":2026,""left"":""data\\parquet\\daily\\symbol=ACHR\\year=2026\\852d7d3f9c96803a70e33732.parquet"",""right"":""data\\parquet\\daily\\symbol=ACHR\\year=2026\\ACHR_2026.parquet"",""left_sha256"":""f3679d0d65c33b3258dd4dc56a466b57dd66faf90a4ec4bd7754bb1b8812fe4a"",""right_sha256"":""f3679d0d65c33b3258dd4dc56a466b57dd66faf90a4ec4bd7754bb1b8812fe4a"",""overlap_rows"":168,""conflicting_rows"":0,""first_conflict"":null,""last_conflict"":null,""warmup_conflicting_sessions"":0},{""year"":2026,""left"":""data\\parquet\\daily\\symbol=ACHR\\year=2026\\852d7d3f9c96803a70e33732.parquet"",""right"":""data\\parquet\\daily\\symbol=ACHR\\year=2026\\eb4f9e8f670cc8bd31e93264.parquet"",""left_sha256"":""f3679d0d65c33b3258dd4dc56a466b57dd66faf90a4ec4bd7754bb1b8812fe4a"",""right_sha256"":""25517382d1ca7f8d4a94f94ebe848c00d9b12d6d58a480ad1262e5c162764a68"",""overlap_rows"":167,""conflicting_rows"":28,""first_conflict"":""2026-02-05"",""last_conflict"":""2026-08-14"",""warmup_conflicting_sessions"":28},{""year"":2026,""left"":""data\\parquet\\daily\\symbol=ACHR\\year=2026\\ACHR_2026.parquet"",""right"":""data\\parquet\\daily\\symbol=ACHR\\year=2026\\eb4f9e8f670cc8bd31e93264.parquet"",""left_sha256"":""f3679d0d65c33b3258dd4dc56a466b57dd66faf90a4ec4bd7754bb1b8812fe4a"",""right_sha256"":""25517382d1ca7f8d4a94f94ebe848c00d9b12d6d58a480ad1262e5c162764a68"",""overlap_rows"":167,""conflicting_rows"":28,""first_conflict"":""2026-02-05"",""last_conflict"":""2026-08-14"",""warmup_conflicting_sessions"":28}]",H:\workspace\PCSOS\pool_scan_runs\daily_coverage_recovery_20260905_1741\tickers\ACHR.json
ACHV,MIGRATED_ACTIVE_CONTENT_CONFLICT,"[{""year"":2025,""left"":""data\\parquet\\daily\\symbol=ACHV\\year=2025\\9eee57daf62f92f3bfdd0abf.parquet"",""right"":""data\\parquet\\daily\\symbol=ACHV\\year=2025\\ACHV_2025.parquet"",""left_sha256"":""a62dfb0117df51bc72f95fdeea15466c1ba32e7f4ef6f0be2413b7beec820121"",""right_sha256"":""a62dfb0117df51bc72f95fdeea15466c1ba32e7f4ef6f0be2413b7beec820121"",""overlap_rows"":250,""conflicting_rows"":0,""first_conflict"":null,""last_conflict"":null,""warmup_conflicting_sessions"":0},{""year"":2025,""left"":""data\\parquet\\daily\\symbol=ACHV\\year=2025\\9eee57daf62f92f3bfdd0abf.parquet"",""right"":""data\\parquet\\daily\\symbol=ACHV\\year=2025\\ebb37796c04ea4f7c85543a2.parquet"",""left_sha256"":""a62dfb0117df51bc72f95fdeea15466c1ba32e7f4ef6f0be2413b7beec820121"",""right_sha256"":""51e8834331d1fcd20d70f2a205c8931ee9af24bd52ac0165c78865cab0eb0b7c"",""overlap_rows"":250,""conflicting_rows"":9,""first_conflict"":""2025-08-07"",""last_conflict"":""2025-12-22"",""warmup_conflicting_sessions"":4},{""year"":2025,""left"":""data\\parquet\\daily\\symbol=ACHV\\year=2025\\ACHV_2025.parquet"",""right"":""data\\parquet\\daily\\symbol=ACHV\\year=2025\\ebb37796c04ea4f7c85543a2.parquet"",""left_sha256"":""a62dfb0117df51bc72f95fdeea15466c1ba32e7f4ef6f0be2413b7beec820121"",""right_sha256"":""51e8834331d1fcd20d70f2a205c8931ee9af24bd52ac0165c78865cab0eb0b7c"",""overlap_rows"":250,""conflicting_rows"":9,""first_conflict"":""2025-08-07"",""last_conflict"":""2025-12-22"",""warmup_conflicting_sessions"":4},{""year"":2026,""left"":""data\\parquet\\daily\\symbol=ACHV\\year=2026\\851d3732fa1371d77328f400.parquet"",""right"":""data\\parquet\\daily\\symbol=ACHV\\year=2026\\ACHV_2026.parquet"",""left_sha256"":""14c8417b56025772082af8e0cf5c9ea52e1869f3c95d13a0d9bb4d8ac7437501"",""right_sha256"":""14c8417b56025772082af8e0cf5c9ea52e1869f3c95d13a0d9bb4d8ac7437501"",""overlap_rows"":168,""conflicting_rows"":0,""first_conflict"":null,""last_conflict"":null,""warmup_conflicting_sessions"":0}]",H:\workspace\PCSOS\pool_scan_runs\daily_coverage_recovery_20260905_1741\tickers\ACHV.json
ACI,MIGRATED_ACTIVE_CONTENT_CONFLICT,"[{""year"":2025,""left"":""data\\parquet\\daily\\symbol=ACI\\year=2025\\017a7dd1129d5909d52e4a4c.parquet"",""right"":""data\\parquet\\daily\\symbol=ACI\\year=2025\\ACI_2025.parquet"",""left_sha256"":""ba49d02a72285bc166e06cd1a04f50919eaaa9376f1b7aa8a2d89a9679b69ffb"",""right_sha256"":""ba49d02a72285bc166e06cd1a04f50919eaaa9376f1b7aa8a2d89a9679b69ffb"",""overlap_rows"":250,""conflicting_rows"":0,""first_conflict"":null,""last_conflict"":null,""warmup_conflicting_sessions"":0},{""year"":2026,""left"":""data\\parquet\\daily\\symbol=ACI\\year=2026\\ACI_2026.parquet"",""right"":""data\\parquet\\daily\\symbol=ACI\\year=2026\\a17b75fe4a73bb173a45aa2a.parquet"",""left_sha256"":""7d97d81af4dc1b219df47f218434f7de4531e8d640712219e02fc9943704dcd1"",""right_sha256"":""306069f87d66fa70b07c3491cdf022486a0447d9a217ea0a06e03bf5290d03f1"",""overlap_rows"":168,""conflicting_rows"":44,""first_conflict"":""2026-01-02"",""last_conflict"":""2026-08-14"",""warmup_conflicting_sessions"":44},{""year"":2026,""left"":""data\\parquet\\daily\\symbol=ACI\\year=2026\\ACI_2026.parquet"",""right"":""data\\parquet\\daily\\symbol=ACI\\year=2026\\c44562640c59d1ac1ce55a57.parquet"",""left_sha256"":""7d97d81af4dc1b219df47f218434f7de4531e8d640712219e02fc9943704dcd1"",""right_sha256"":""7d97d81af4dc1b219df47f218434f7de4531e8d640712219e02fc9943704dcd1"",""overlap_rows"":168,""conflicting_rows"":0,""first_conflict"":null,""last_conflict"":null,""warmup_conflicting_sessions"":0},{""year"":2026,""left"":""data\\parquet\\daily\\symbol=ACI\\year=2026\\a17b75fe4a73bb173a45aa2a.parquet"",""right"":""data\\parquet\\daily\\symbol=ACI\\year=2026\\c44562640c59d1ac1ce55a57.parquet"",""left_sha256"":""306069f87d66fa70b07c3491cdf022486a0447d9a217ea0a06e03bf5290d03f1"",""right_sha256"":""7d97d81af4dc1b219df47f218434f7de4531e8d640712219e02fc9943704dcd1"",""overlap_rows"":168,""conflicting_rows"":44,""first_conflict"":""2026-01-02"",""last_conflict"":""2026-08-14"",""warmup_conflicting_sessions"":44}]",H:\workspace\PCSOS\pool_scan_runs\daily_coverage_recovery_20260905_1741\tickers\ACI.json
ACIW,MIGRATED_ACTIVE_CONTENT_CONFLICT,"[{""year"":2025,""left"":""data\\parquet\\daily\\symbol=ACIW\\year=2025\\6b7b326b0a1aa497c71f0847.parquet"",""right"":""data\\parquet\\daily\\symbol=ACIW\\year=2025\\ACIW_2025.parquet"",""left_sha256"":""b7c272e79d9b2505f9cc1988529cce3cd782a3e063231dc31eb32ad1acbe9841"",""right_sha256"":""32da682b2497a686d01d54740858a63747f84dc9ed0d42237fc351a0652ca4c0"",""overlap_rows"":250,""conflicting_rows"":13,""first_conflict"":""2025-08-13"",""last_conflict"":""2025-12-23"",""warmup_conflicting_sessions"":3},{""year"":2026,""left"":""data\\parquet\\daily\\symbol=ACIW\\year=2026\\83fe42d5ea30cf3ca9325ef3.parquet"",""right"":""data\\parquet\\daily\\symbol=ACIW\\year=2026\\ACIW_2026.parquet"",""left_sha256"":""7345aa6f3fc67a8e8d9b7316f3f4be0761aea3f69d881a355faf183510b075b8"",""right_sha256"":""1f4ecdf4f4f26e647e794f42d4409809ba93cb19804c7ab76dfc4cbc3963adac"",""overlap_rows"":168,""conflicting_rows"":33,""first_conflict"":""2026-01-02"",""last_conflict"":""2026-08-19"",""warmup_conflicting_sessions"":33}]",H:\workspace\PCSOS\pool_scan_runs\daily_coverage_recovery_20260905_1741\tickers\ACIW.json
ACLS,MIGRATED_ACTIVE_CONTENT_CONFLICT,"[{""year"":2025,""left"":""data\\parquet\\daily\\symbol=ACLS\\year=2025\\ACLS_2025.parquet"",""right"":""data\\parquet\\daily\\symbol=ACLS\\year=2025\\b821b76118015e131cad2f65.parquet"",""left_sha256"":""631b296370790f6ffa10b0aa633af23edebe5983083a8f33851cdfbf19235ab0"",""right_sha256"":""631b296370790f6ffa10b0aa633af23edebe5983083a8f33851cdfbf19235ab0"",""overlap_rows"":250,""conflicting_rows"":0,""first_conflict"":null,""last_conflict"":null,""warmup_conflicting_sessions"":0},{""year"":2026,""left"":""data\\parquet\\daily\\symbol=ACLS\\year=2026\\9ccc6e8b52f6b8627a5dc98c.parquet"",""right"":""data\\parquet\\daily\\symbol=ACLS\\year=2026\\ACLS_2026.parquet"",""left_sha256"":""d3fb4dabfde05d564beef46f6adb1f4f3b174c08fa38dffcf17114d8c703ac33"",""right_sha256"":""d099a603fb0820958519df7fb96e680d4741dfebecdc518e96214f6db6bf52db"",""overlap_rows"":167,""conflicting_rows"":70,""first_conflict"":""2026-01-08"",""last_conflict"":""2026-08-14"",""warmup_conflicting_sessions"":70}]",H:\workspace\PCSOS\pool_scan_runs\daily_coverage_recovery_20260905_1741\tickers\ACLS.json
ACM,MIGRATED_ACTIVE_CONTENT_CONFLICT,"[{""year"":2026,""left"":""data\\parquet\\daily\\symbol=ACM\\year=2026\\40b198454a49ab4d2f4746b1.parquet"",""right"":""data\\parquet\\daily\\symbol=ACM\\year=2026\\7c40f512fbe611645601cd0f.parquet"",""left_sha256"":""e97a4f4c3081a5e369e6f3ad85e573ac480fc8b1af307aed15f8362816071563"",""right_sha256"":""49b866e4e632bacc62fd198e70f4102c0ea3c28a9382f716af90c2b9f393ee65"",""overlap_rows"":167,""conflicting_rows"":58,""first_conflict"":""2026-01-02"",""last_conflict"":""2026-08-14"",""warmup_conflicting_sessions"":58},{""year"":2026,""left"":""data\\parquet\\daily\\symbol=ACM\\year=2026\\40b198454a49ab4d2f4746b1.parquet"",""right"":""data\\parquet\\daily\\symbol=ACM\\year=2026\\ACM_2026.parquet"",""left_sha256"":""e97a4f4c3081a5e369e6f3ad85e573ac480fc8b1af307aed15f8362816071563"",""right_sha256"":""e97a4f4c3081a5e369e6f3ad85e573ac480fc8b1af307aed15f8362816071563"",""overlap_rows"":168,""conflicting_rows"":0,""first_conflict"":null,""last_conflict"":null,""warmup_conflicting_sessions"":0},{""year"":2026,""left"":""data\\parquet\\daily\\symbol=ACM\\year=2026\\7c40f512fbe611645601cd0f.parquet"",""right"":""data\\parquet\\daily\\symbol=ACM\\year=2026\\ACM_2026.parquet"",""left_sha256"":""49b866e4e632bacc62fd198e70f4102c0ea3c28a9382f716af90c2b9f393ee65"",""right_sha256"":""e97a4f4c3081a5e369e6f3ad85e573ac480fc8b1af307aed15f8362816071563"",""overlap_rows"":167,""conflicting_rows"":58,""first_conflict"":""2026-01-02"",""last_conflict"":""2026-08-14"",""warmup_conflicting_sessions"":58}]",H:\workspace\PCSOS\pool_scan_runs\daily_coverage_recovery_20260905_1741\tickers\ACM.json
ACMR,MIGRATED_ACTIVE_CONTENT_CONFLICT,"[{""year"":2025,""left"":""data\\parquet\\daily\\symbol=ACMR\\year=2025\\ACMR_2025.parquet"",""right"":""data\\parquet\\daily\\symbol=ACMR\\year=2025\\e082a4f53571b9c86e477141.parquet"",""left_sha256"":""259bbee8f4aa2fa35f687ae287dfa7032befa576e47261e39ba4ede83631d2ed"",""right_sha256"":""259bbee8f4aa2fa35f687ae287dfa7032befa576e47261e39ba4ede83631d2ed"",""overlap_rows"":250,""conflicting_rows"":0,""first_conflict"":null,""last_conflict"":null,""warmup_conflicting_sessions"":0},{""year"":2026,""left"":""data\\parquet\\daily\\symbol=ACMR\\year=2026\\4b67bb5cee2e55f8c6b6abe8.parquet"",""right"":""data\\parquet\\daily\\symbol=ACMR\\year=2026\\80980d79b86adcdff2a4e1ed.parquet"",""left_sha256"":""cafac3b6b4b92fa7faecb2b68463828f39a76a510ae439af4a1d55eed7cce00a"",""right_sha256"":""e3c0e6e39959a7cb548d98b245d073ed7d143bfef8843ab98154cb0374227b19"",""overlap_rows"":167,""conflicting_rows"":25,""first_conflict"":""2026-02-06"",""last_conflict"":""2026-08-13"",""warmup_conflicting_sessions"":25},{""year"":2026,""left"":""data\\parquet\\daily\\symbol=ACMR\\year=2026\\4b67bb5cee2e55f8c6b6abe8.parquet"",""right"":""data\\parquet\\daily\\symbol=ACMR\\year=2026\\ACMR_2026.parquet"",""left_sha256"":""cafac3b6b4b92fa7faecb2b68463828f39a76a510ae439af4a1d55eed7cce00a"",""right_sha256"":""e3c0e6e39959a7cb548d98b245d073ed7d143bfef8843ab98154cb0374227b19"",""overlap_rows"":167,""conflicting_rows"":25,""first_conflict"":""2026-02-06"",""last_conflict"":""2026-08-13"",""warmup_conflicting_sessions"":25},{""year"":2026,""left"":""data\\parquet\\daily\\symbol=ACMR\\year=2026\\80980d79b86adcdff2a4e1ed.parquet"",""right"":""data\\parquet\\daily\\symbol=ACMR\\year=2026\\ACMR_2026.parquet"",""left_sha256"":""e3c0e6e39959a7cb548d98b245d073ed7d143bfef8843ab98154cb0374227b19"",""right_sha256"":""e3c0e6e39959a7cb548d98b245d073ed7d143bfef8843ab98154cb0374227b19"",""overlap_rows"":168,""conflicting_rows"":0,""first_conflict"":null,""last_conflict"":null,""warmup_conflicting_sessions"":0}]",H:\workspace\PCSOS\pool_scan_runs\daily_coverage_recovery_20260905_1741\tickers\ACMR.json
ACN,MIGRATED_ACTIVE_CONTENT_CONFLICT,"[{""year"":2025,""left"":""data\\parquet\\daily\\symbol=ACN\\year=2025\\ACN_2025.parquet"",""right"":""data\\parquet\\daily\\symbol=ACN\\year=2025\\e59c43aacb9f534d9ed406a3.parquet"",""left_sha256"":""b9eb1287f35b32900666d52316b3781f9620dd2f91b52c9279be20de0858a9ce"",""right_sha256"":""b9eb1287f35b32900666d52316b3781f9620dd2f91b52c9279be20de0858a9ce"",""overlap_rows"":250,""conflicting_rows"":0,""first_conflict"":null,""last_conflict"":null,""warmup_conflicting_sessions"":0},{""year"":2026,""left"":""data\\parquet\\daily\\symbol=ACN\\year=2026\\1a33d0e5cd9c73fe496d6ecc.parquet"",""right"":""data\\parquet\\daily\\symbol=ACN\\year=2026\\ACN_2026.parquet"",""left_sha256"":""1c15be81d3639ffd3fdb5c6314dbd399fbe35880ac996fbb73b3a0ff05b829af"",""right_sha256"":""590d072808c29493c926c3b01dbdfa5e168eb42efdbd497f9a03b0f8fc2ad82e"",""overlap_rows"":167,""conflicting_rows"":62,""first_conflict"":""2026-01-02"",""last_conflict"":""2026-08-14"",""warmup_conflicting_sessions"":62},{""year"":2026,""left"":""data\\parquet\\daily\\symbol=ACN\\year=2026\\1a33d0e5cd9c73fe496d6ecc.parquet"",""right"":""data\\parquet\\daily\\symbol=ACN\\year=2026\\b924d999c3acccd10c6ee89b.parquet"",""left_sha256"":""1c15be81d3639ffd3fdb5c6314dbd399fbe35880ac996fbb73b3a0ff05b829af"",""right_sha256"":""590d072808c29493c926c3b01dbdfa5e168eb42efdbd497f9a03b0f8fc2ad82e"",""overlap_rows"":167,""conflicting_rows"":62,""first_conflict"":""2026-01-02"",""last_conflict"":""2026-08-14"",""warmup_conflicting_sessions"":62},{""year"":2026,""left"":""data\\parquet\\daily\\symbol=ACN\\year=2026\\ACN_2026.parquet"",""right"":""data\\parquet\\daily\\symbol=ACN\\year=2026\\b924d999c3acccd10c6ee89b.parquet"",""left_sha256"":""590d072808c29493c926c3b01dbdfa5e168eb42efdbd497f9a03b0f8fc2ad82e"",""right_sha256"":""590d072808c29493c926c3b01dbdfa5e168eb42efdbd497f9a03b0f8fc2ad82e"",""overlap_rows"":168,""conflicting_rows"":0,""first_conflict"":null,""last_conflict"":null,""warmup_conflicting_sessions"":0}]",H:\workspace\PCSOS\pool_scan_runs\daily_coverage_recovery_20260905_1741\tickers\ACN.json
ACON,MIGRATED_ACTIVE_CONTENT_CONFLICT,"[{""year"":2025,""left"":""data\\parquet\\daily\\symbol=ACON\\year=2025\\227933403a28120984f690af.parquet"",""right"":""data\\parquet\\daily\\symbol=ACON\\year=2025\\ACON_2025.parquet"",""left_sha256"":""e4c5e5e3fe9329371191dfbd6197188aae5f28017f1b15c65083992758bfbfec"",""right_sha256"":""e4c5e5e3fe9329371191dfbd6197188aae5f28017f1b15c65083992758bfbfec"",""overlap_rows"":250,""conflicting_rows"":0,""first_conflict"":null,""last_conflict"":null,""warmup_conflicting_sessions"":0},{""year"":2025,""left"":""data\\parquet\\daily\\symbol=ACON\\year=2025\\227933403a28120984f690af.parquet"",""right"":""data\\parquet\\daily\\symbol=ACON\\year=2025\\b0d7c242b5ba3afbf33c97d7.parquet"",""left_sha256"":""e4c5e5e3fe9329371191dfbd6197188aae5f28017f1b15c65083992758bfbfec"",""right_sha256"":""aebcbf8fd41a9112477c75bed16a71204096b1ed8569815814ce6cc18b1e93cb"",""overlap_rows"":250,""conflicting_rows"":16,""first_conflict"":""2025-07-29"",""last_conflict"":""2025-12-22"",""warmup_conflicting_sessions"":5},{""year"":2025,""left"":""data\\parquet\\daily\\symbol=ACON\\year=2025\\ACON_2025.parquet"",""right"":""data\\parquet\\daily\\symbol=ACON\\year=2025\\b0d7c242b5ba3afbf33c97d7.parquet"",""left_sha256"":""e4c5e5e3fe9329371191dfbd6197188aae5f28017f1b15c65083992758bfbfec"",""right_sha256"":""aebcbf8fd41a9112477c75bed16a71204096b1ed8569815814ce6cc18b1e93cb"",""overlap_rows"":250,""conflicting_rows"":16,""first_conflict"":""2025-07-29"",""last_conflict"":""2025-12-22"",""warmup_conflicting_sessions"":5},{""year"":2026,""left"":""data\\parquet\\daily\\symbol=ACON\\year=2026\\442d4c29052b1baa2a17a302.parquet"",""right"":""data\\parquet\\daily\\symbol=ACON\\year=2026\\ACON_2026.parquet"",""left_sha256"":""3389af428472f1a50cfefddbbc3940c8839905426eaaea283df3aeb4eb5c5283"",""right_sha256"":""3389af428472f1a50cfefddbbc3940c8839905426eaaea283df3aeb4eb5c5283"",""overlap_rows"":168,""conflicting_rows"":0,""first_conflict"":null,""last_conflict"":null,""warmup_conflicting_sessions"":0}]",H:\workspace\PCSOS\pool_scan_runs\daily_coverage_recovery_20260905_1741\tickers\ACON.json
ACWX,MIGRATED_ACTIVE_CONTENT_CONFLICT,"[{""year"":2026,""left"":""data\\parquet\\daily\\symbol=ACWX\\year=2026\\74816723f686cc9577dcbd60.parquet"",""right"":""data\\parquet\\daily\\symbol=ACWX\\year=2026\\ACWX_2026.parquet"",""left_sha256"":""be0a7191477578e4bde609a8e00fcc5630ef7d348b06a54777d0be96ed42c9b2"",""right_sha256"":""a30e91a7af49d961f24b29f87798eedb680e3935596f7066bedd82bc8fcf3d4e"",""overlap_rows"":168,""conflicting_rows"":38,""first_conflict"":""2026-01-06"",""last_conflict"":""2026-08-10"",""warmup_conflicting_sessions"":38},{""year"":2026,""left"":""data\\parquet\\daily\\symbol=ACWX\\year=2026\\74816723f686cc9577dcbd60.parquet"",""right"":""data\\parquet\\daily\\symbol=ACWX\\year=2026\\cab5c0038a7bcaa0865b60b7.parquet"",""left_sha256"":""be0a7191477578e4bde609a8e00fcc5630ef7d348b06a54777d0be96ed42c9b2"",""right_sha256"":""1d2fe5d86eb6837f7c13f2297229f062ee2a8b9c3bab3eee1c3f6dd0f3338db3"",""overlap_rows"":162,""conflicting_rows"":70,""first_conflict"":""2026-01-02"",""last_conflict"":""2026-08-20"",""warmup_conflicting_sessions"":70},{""year"":2026,""left"":""data\\parquet\\daily\\symbol=ACWX\\year=2026\\ACWX_2026.parquet"",""right"":""data\\parquet\\daily\\symbol=ACWX\\year=2026\\cab5c0038a7bcaa0865b60b7.parquet"",""left_sha256"":""a30e91a7af49d961f24b29f87798eedb680e3935596f7066bedd82bc8fcf3d4e"",""right_sha256"":""1d2fe5d86eb6837f7c13f2297229f062ee2a8b9c3bab3eee1c3f6dd0f3338db3"",""overlap_rows"":162,""conflicting_rows"":108,""first_conflict"":""2026-01-02"",""last_conflict"":""2026-08-20"",""warmup_conflicting_sessions"":108}]",H:\workspace\PCSOS\pool_scan_runs\daily_coverage_recovery_20260905_1741\tickers\ACWX.json
ACXP,MIGRATED_ACTIVE_CONTENT_CONFLICT,"[{""year"":2025,""left"":""data\\parquet\\daily\\symbol=ACXP\\year=2025\\ACXP_2025.parquet"",""right"":""data\\parquet\\daily\\symbol=ACXP\\year=2025\\c4be90d50414d000a329a756.parquet"",""left_sha256"":""80f8734e3689e98ee607e8d9541ba98d02b39456a57f6707b486e618bd032760"",""right_sha256"":""d4da28c86db041d52dc113f7a355c9db1a6cb7853df6dd7d5badb654d84b2a24"",""overlap_rows"":250,""conflicting_rows"":14,""first_conflict"":""2025-07-01"",""last_conflict"":""2025-12-29"",""warmup_conflicting_sessions"":2}]",H:\workspace\PCSOS\pool_scan_runs\daily_coverage_recovery_20260905_1741\tickers\ACXP.json
ADBE,MIGRATED_ACTIVE_CONTENT_CONFLICT,"[{""year"":2025,""left"":""data\\parquet\\daily\\symbol=ADBE\\year=2025\\107b36d06f6a62c5c8e966d6.parquet"",""right"":""data\\parquet\\daily\\symbol=ADBE\\year=2025\\ADBE_2025.parquet"",""left_sha256"":""dee6ae3929accbcfd30f96aa169a44c3a9239a01526c6a50de833d8c1c30be45"",""right_sha256"":""dee6ae3929accbcfd30f96aa169a44c3a9239a01526c6a50de833d8c1c30be45"",""overlap_rows"":250,""conflicting_rows"":0,""first_conflict"":null,""last_conflict"":null,""warmup_conflicting_sessions"":0},{""year"":2026,""left"":""data\\parquet\\daily\\symbol=ADBE\\year=2026\\0d4ed0e6de557467674bfaec.parquet"",""right"":""data\\parquet\\daily\\symbol=ADBE\\year=2026\\437e59e22a3bf9853738741d.parquet"",""left_sha256"":""2fcad3d90a44be5f68a582ddc2eef072aac0c42423e0dcf9ab547bf3472218d5"",""right_sha256"":""92031aea227746245ad97899cd8d9219c202b70209c636aeaa90e4db1bfb8418"",""overlap_rows"":167,""conflicting_rows"":39,""first_conflict"":""2026-01-02"",""last_conflict"":""2026-08-14"",""warmup_conflicting_sessions"":39},{""year"":2026,""left"":""data\\parquet\\daily\\symbol=ADBE\\year=2026\\0d4ed0e6de557467674bfaec.parquet"",""right"":""data\\parquet\\daily\\symbol=ADBE\\year=2026\\ADBE_2026.parquet"",""left_sha256"":""2fcad3d90a44be5f68a582ddc2eef072aac0c42423e0dcf9ab547bf3472218d5"",""right_sha256"":""2fcad3d90a44be5f68a582ddc2eef072aac0c42423e0dcf9ab547bf3472218d5"",""overlap_rows"":168,""conflicting_rows"":0,""first_conflict"":null,""last_conflict"":null,""warmup_conflicting_sessions"":0},{""year"":2026,""left"":""data\\parquet\\daily\\symbol=ADBE\\year=2026\\437e59e22a3bf9853738741d.parquet"",""right"":""data\\parquet\\daily\\symbol=ADBE\\year=2026\\ADBE_2026.parquet"",""left_sha256"":""92031aea227746245ad97899cd8d9219c202b70209c636aeaa90e4db1bfb8418"",""right_sha256"":""2fcad3d90a44be5f68a582ddc2eef072aac0c42423e0dcf9ab547bf3472218d5"",""overlap_rows"":167,""conflicting_rows"":39,""first_conflict"":""2026-01-02"",""last_conflict"":""2026-08-14"",""warmup_conflicting_sessions"":39}]",H:\workspace\PCSOS\pool_scan_runs\daily_coverage_recovery_20260905_1741\tickers\ADBE.json
ADI,MIGRATED_ACTIVE_CONTENT_CONFLICT,"[{""year"":2025,""left"":""data\\parquet\\daily\\symbol=ADI\\year=2025\\78f2ab5df1561d65f3861493.parquet"",""right"":""data\\parquet\\daily\\symbol=ADI\\year=2025\\ADI_2025.parquet"",""left_sha256"":""2a63c89d76524c73e3e94323c57b8fd7eaeedd28355711dabfea69ccb8b3fb00"",""right_sha256"":""2a63c89d76524c73e3e94323c57b8fd7eaeedd28355711dabfea69ccb8b3fb00"",""overlap_rows"":250,""conflicting_rows"":0,""first_conflict"":null,""last_conflict"":null,""warmup_conflicting_sessions"":0},{""year"":2026,""left"":""data\\parquet\\daily\\symbol=ADI\\year=2026\\09f41a22a838b5daf9f6587f.parquet"",""right"":""data\\parquet\\daily\\symbol=ADI\\year=2026\\5b42c27c1ffd9d1f89b35f3e.parquet"",""left_sha256"":""52ff0bfa6027cc05b7cc97c0c08ef2285a881615c59d2580874d8ebfd5d1655a"",""right_sha256"":""ab6092e5307318440b9f2e51ee604334c35f0c826b68430448506796827c61a4"",""overlap_rows"":167,""conflicting_rows"":54,""first_conflict"":""2026-01-02"",""last_conflict"":""2026-08-14"",""warmup_conflicting_sessions"":54},{""year"":2026,""left"":""data\\parquet\\daily\\symbol=ADI\\year=2026\\09f41a22a838b5daf9f6587f.parquet"",""right"":""data\\parquet\\daily\\symbol=ADI\\year=2026\\ADI_2026.parquet"",""left_sha256"":""52ff0bfa6027cc05b7cc97c0c08ef2285a881615c59d2580874d8ebfd5d1655a"",""right_sha256"":""52ff0bfa6027cc05b7cc97c0c08ef2285a881615c59d2580874d8ebfd5d1655a"",""overlap_rows"":168,""conflicting_rows"":0,""first_conflict"":null,""last_conflict"":null,""warmup_conflicting_sessions"":0},{""year"":2026,""left"":""data\\parquet\\daily\\symbol=ADI\\year=2026\\5b42c27c1ffd9d1f89b35f3e.parquet"",""right"":""data\\parquet\\daily\\symbol=ADI\\year=2026\\ADI_2026.parquet"",""left_sha256"":""ab6092e5307318440b9f2e51ee604334c35f0c826b68430448506796827c61a4"",""right_sha256"":""52ff0bfa6027cc05b7cc97c0c08ef2285a881615c59d2580874d8ebfd5d1655a"",""overlap_rows"":167,""conflicting_rows"":54,""first_conflict"":""2026-01-02"",""last_conflict"":""2026-08-14"",""warmup_conflicting_sessions"":54}]",H:\workspace\PCSOS\pool_scan_runs\daily_coverage_recovery_20260905_1741\tickers\ADI.json
ADMA,MIGRATED_ACTIVE_CONTENT_CONFLICT,"[{""year"":2025,""left"":""data\\parquet\\daily\\symbol=ADMA\\year=2025\\908cbd097c140f1f22367fa6.parquet"",""right"":""data\\parquet\\daily\\symbol=ADMA\\year=2025\\ADMA_2025.parquet"",""left_sha256"":""fb4b5a941f6d6ef37c9b3fee5677a79a4098bc84c8cb419805553cf17893aadb"",""right_sha256"":""fb4b5a941f6d6ef37c9b3fee5677a79a4098bc84c8cb419805553cf17893aadb"",""overlap_rows"":250,""conflicting_rows"":0,""first_conflict"":null,""last_conflict"":null,""warmup_conflicting_sessions"":0},{""year"":2026,""left"":""data\\parquet\\daily\\symbol=ADMA\\year=2026\\5c278b466cb56b46371c7beb.parquet"",""right"":""data\\parquet\\daily\\symbol=ADMA\\year=2026\\639d1c16042dcff0a4e4e9b0.parquet"",""left_sha256"":""5b7267adb6de91f7c98a9ca89a301f71ae647b52a5e74272a0ddab2a305c539f"",""right_sha256"":""75b9254de34e694b030bff01439dd684027c71fc9aeb2a91167599fa625f7d6c"",""overlap_rows"":167,""conflicting_rows"":48,""first_conflict"":""2026-01-30"",""last_conflict"":""2026-08-13"",""warmup_conflicting_sessions"":48},{""year"":2026,""left"":""data\\parquet\\daily\\symbol=ADMA\\year=2026\\5c278b466cb56b46371c7beb.parquet"",""right"":""data\\parquet\\daily\\symbol=ADMA\\year=2026\\ADMA_2026.parquet"",""left_sha256"":""5b7267adb6de91f7c98a9ca89a301f71ae647b52a5e74272a0ddab2a305c539f"",""right_sha256"":""5b7267adb6de91f7c98a9ca89a301f71ae647b52a5e74272a0ddab2a305c539f"",""overlap_rows"":168,""conflicting_rows"":0,""first_conflict"":null,""last_conflict"":null,""warmup_conflicting_sessions"":0},{""year"":2026,""left"":""data\\parquet\\daily\\symbol=ADMA\\year=2026\\639d1c16042dcff0a4e4e9b0.parquet"",""right"":""data\\parquet\\daily\\symbol=ADMA\\year=2026\\ADMA_2026.parquet"",""left_sha256"":""75b9254de34e694b030bff01439dd684027c71fc9aeb2a91167599fa625f7d6c"",""right_sha256"":""5b7267adb6de91f7c98a9ca89a301f71ae647b52a5e74272a0ddab2a305c539f"",""overlap_rows"":167,""conflicting_rows"":48,""first_conflict"":""2026-01-30"",""last_conflict"":""2026-08-13"",""warmup_conflicting_sessions"":48}]",H:\workspace\PCSOS\pool_scan_runs\daily_coverage_recovery_20260905_1741\tickers\ADMA.json
ADP,MIGRATED_ACTIVE_CONTENT_CONFLICT,"[{""year"":2025,""left"":""data\\parquet\\daily\\symbol=ADP\\year=2025\\ADP_2025.parquet"",""right"":""data\\parquet\\daily\\symbol=ADP\\year=2025\\db259b63a3311e716ef02849.parquet"",""left_sha256"":""620d0748216f204df8d4a66bbb3fdd2af5ed12b3ebce82c145eda644d30b3e4e"",""right_sha256"":""620d0748216f204df8d4a66bbb3fdd2af5ed12b3ebce82c145eda644d30b3e4e"",""overlap_rows"":250,""conflicting_rows"":0,""first_conflict"":null,""last_conflict"":null,""warmup_conflicting_sessions"":0},{""year"":2026,""left"":""data\\parquet\\daily\\symbol=ADP\\year=2026\\1c192078a95c46e8923146fa.parquet"",""right"":""data\\parquet\\daily\\symbol=ADP\\year=2026\\46bb45b34974a6d874ed0b79.parquet"",""left_sha256"":""bffdb37c1adf498341854575259b567eec7eaa3d2cb5e30a7a0d67b3ac3e7052"",""right_sha256"":""9d5dc90c4617cee2a73a62e16f5eae1de45cfc230a40de4e828bad2227bc8363"",""overlap_rows"":167,""conflicting_rows"":60,""first_conflict"":""2026-01-02"",""last_conflict"":""2026-08-13"",""warmup_conflicting_sessions"":60},{""year"":2026,""left"":""data\\parquet\\daily\\symbol=ADP\\year=2026\\1c192078a95c46e8923146fa.parquet"",""right"":""data\\parquet\\daily\\symbol=ADP\\year=2026\\ADP_2026.parquet"",""left_sha256"":""bffdb37c1adf498341854575259b567eec7eaa3d2cb5e30a7a0d67b3ac3e7052"",""right_sha256"":""bffdb37c1adf498341854575259b567eec7eaa3d2cb5e30a7a0d67b3ac3e7052"",""overlap_rows"":168,""conflicting_rows"":0,""first_conflict"":null,""last_conflict"":null,""warmup_conflicting_sessions"":0},{""year"":2026,""left"":""data\\parquet\\daily\\symbol=ADP\\year=2026\\46bb45b34974a6d874ed0b79.parquet"",""right"":""data\\parquet\\daily\\symbol=ADP\\year=2026\\ADP_2026.parquet"",""left_sha256"":""9d5dc90c4617cee2a73a62e16f5eae1de45cfc230a40de4e828bad2227bc8363"",""right_sha256"":""bffdb37c1adf498341854575259b567eec7eaa3d2cb5e30a7a0d67b3ac3e7052"",""overlap_rows"":167,""conflicting_rows"":60,""first_conflict"":""2026-01-02"",""last_conflict"":""2026-08-13"",""warmup_conflicting_sessions"":60}]",H:\workspace\PCSOS\pool_scan_runs\daily_coverage_recovery_20260905_1741\tickers\ADP.json
ADT,MIGRATED_ACTIVE_CONTENT_CONFLICT,"[{""year"":2026,""left"":""data\\parquet\\daily\\symbol=ADT\\year=2026\\939dda97914932c516adc204.parquet"",""right"":""data\\parquet\\daily\\symbol=ADT\\year=2026\\ADT_2026.parquet"",""left_sha256"":""8e85933b3c8d875cc796ff2785bfad5c718d0daeed868ba76d9aba31afc1dad8"",""right_sha256"":""9f554956cae40fb197bab44d0f8fd0a5c8426bab41365d9542107c38361e3d9a"",""overlap_rows"":167,""conflicting_rows"":1,""first_conflict"":""2026-08-17"",""last_conflict"":""2026-08-17"",""warmup_conflicting_sessions"":1}]",H:\workspace\PCSOS\pool_scan_runs\daily_coverage_recovery_20260905_1741\tickers\ADT.json
ADTN,MIGRATED_ACTIVE_CONTENT_CONFLICT,"[{""year"":2025,""left"":""data\\parquet\\daily\\symbol=ADTN\\year=2025\\077722379dc798a942d04839.parquet"",""right"":""data\\parquet\\daily\\symbol=ADTN\\year=2025\\ADTN_2025.parquet"",""left_sha256"":""9b33073eff2a83283ad38380fe448a5a66e428220c9567d654d618fe1dffe1ba"",""right_sha256"":""c2422bb70e5ccf10ea0e1ff15cc52f4fe696a94651f0dbb96c87405111490bc5"",""overlap_rows"":250,""conflicting_rows"":10,""first_conflict"":""2025-07-10"",""last_conflict"":""2025-11-26"",""warmup_conflicting_sessions"":1},{""year"":2026,""left"":""data\\parquet\\daily\\symbol=ADTN\\year=2026\\7ec090ecad21237d9a8c5931.parquet"",""right"":""data\\parquet\\daily\\symbol=ADTN\\year=2026\\ADTN_2026.parquet"",""left_sha256"":""9e0ff16a1080e61e80dd6c930f43ea217b7c01ce32054512f6819fdcd6a94e97"",""right_sha256"":""c92910543a08732d901921890c5d999a455becfda69293658651743f89ad2cc5"",""overlap_rows"":165,""conflicting_rows"":39,""first_conflict"":""2026-01-02"",""last_conflict"":""2026-08-17"",""warmup_conflicting_sessions"":39}]",H:\workspace\PCSOS\pool_scan_runs\daily_coverage_recovery_20260905_1741\tickers\ADTN.json
AEHL,MIGRATED_ACTIVE_CONTENT_CONFLICT,"[{""year"":2025,""left"":""data\\parquet\\daily\\symbol=AEHL\\year=2025\\53f18dca0a6c835f68ee459e.parquet"",""right"":""data\\parquet\\daily\\symbol=AEHL\\year=2025\\AEHL_2025.parquet"",""left_sha256"":""c0524df9543e470de0f4d42eaaea2dcfe900df0110e5d8ccbf64b7650a7e0de8"",""right_sha256"":""d3c41f1e572171f6e6298b77882d3439793b9220d8da994173edf7c18e35b254"",""overlap_rows"":250,""conflicting_rows"":24,""first_conflict"":""2025-07-10"",""last_conflict"":""2025-12-31"",""warmup_conflicting_sessions"":10},{""year"":2026,""left"":""data\\parquet\\daily\\symbol=AEHL\\year=2026\\8bc08bf4abc7cca41aa65993.parquet"",""right"":""data\\parquet\\daily\\symbol=AEHL\\year=2026\\AEHL_2026.parquet"",""left_sha256"":""a78378fc54e4b0547e043164fe48d718adc5e40b0043b30d379329c23c11feab"",""right_sha256"":""a78378fc54e4b0547e043164fe48d718adc5e40b0043b30d379329c23c11feab"",""overlap_rows"":162,""conflicting_rows"":0,""first_conflict"":null,""last_conflict"":null,""warmup_conflicting_sessions"":0}]",H:\workspace\PCSOS\pool_scan_runs\daily_coverage_recovery_20260905_1741\tickers\AEHL.json
AEIS,MIGRATED_ACTIVE_CONTENT_CONFLICT,"[{""year"":2025,""left"":""data\\parquet\\daily\\symbol=AEIS\\year=2025\\AEIS_2025.parquet"",""right"":""data\\parquet\\daily\\symbol=AEIS\\year=2025\\dbbff3d82c86ed49cb7c9b6d.parquet"",""left_sha256"":""5763ae2e7158abb8f329d22a1a4d62a7d542b0aa0c3f9df6ff8f5648961a94d4"",""right_sha256"":""242e25a73f36f59b5e910b298b5a95633905ae50305468bb1b90f9c621ca5513"",""overlap_rows"":250,""conflicting_rows"":56,""first_conflict"":""2025-07-10"",""last_conflict"":""2025-12-31"",""warmup_conflicting_sessions"":16},{""year"":2026,""left"":""data\\parquet\\daily\\symbol=AEIS\\year=2026\\592c78c957c5eb306de7d0a2.parquet"",""right"":""data\\parquet\\daily\\symbol=AEIS\\year=2026\\689a53f4af111da15266e186.parquet"",""left_sha256"":""2aa35359245a478a089ff6234fb1a38eeef83f7e7b7e816bba36a825be12e555"",""right_sha256"":""0ea60ee6b27d12b74a83bb51451ceee056384fc035dd3d80ea46557a634c5027"",""overlap_rows"":167,""conflicting_rows"":1,""first_conflict"":""2026-08-17"",""last_conflict"":""2026-08-17"",""warmup_conflicting_sessions"":1},{""year"":2026,""left"":""data\\parquet\\daily\\symbol=AEIS\\year=2026\\592c78c957c5eb306de7d0a2.parquet"",""right"":""data\\parquet\\daily\\symbol=AEIS\\year=2026\\AEIS_2026.parquet"",""left_sha256"":""2aa35359245a478a089ff6234fb1a38eeef83f7e7b7e816bba36a825be12e555"",""right_sha256"":""2aa35359245a478a089ff6234fb1a38eeef83f7e7b7e816bba36a825be12e555"",""overlap_rows"":167,""conflicting_rows"":0,""first_conflict"":null,""last_conflict"":null,""warmup_conflicting_sessions"":0},{""year"":2026,""left"":""data\\parquet\\daily\\symbol=AEIS\\year=2026\\689a53f4af111da15266e186.parquet"",""right"":""data\\parquet\\daily\\symbol=AEIS\\year=2026\\AEIS_2026.parquet"",""left_sha256"":""0ea60ee6b27d12b74a83bb51451ceee056384fc035dd3d80ea46557a634c5027"",""right_sha256"":""2aa35359245a478a089ff6234fb1a38eeef83f7e7b7e816bba36a825be12e555"",""overlap_rows"":167,""conflicting_rows"":1,""first_conflict"":""2026-08-17"",""last_conflict"":""2026-08-17"",""warmup_conflicting_sessions"":1}]",H:\workspace\PCSOS\pool_scan_runs\daily_coverage_recovery_20260905_1741\tickers\AEIS.json
AEO,MIGRATED_ACTIVE_CONTENT_CONFLICT,"[{""year"":2026,""left"":""data\\parquet\\daily\\symbol=AEO\\year=2026\\6365717a1dd29fc6f931bb2a.parquet"",""right"":""data\\parquet\\daily\\symbol=AEO\\year=2026\\68fc8a9e83fe2d537f367f66.parquet"",""left_sha256"":""a65a71f8287f2db02f2ecf0172ff8ba7b00339efb46cbe287271a2715a833bca"",""right_sha256"":""488ddc9585fd2ec458171382ecbac80c516b5e0ccad20b6b89383d3a7bd8b669"",""overlap_rows"":167,""conflicting_rows"":1,""first_conflict"":""2026-08-17"",""last_conflict"":""2026-08-17"",""warmup_conflicting_sessions"":1},{""year"":2026,""left"":""data\\parquet\\daily\\symbol=AEO\\year=2026\\6365717a1dd29fc6f931bb2a.parquet"",""right"":""data\\parquet\\daily\\symbol=AEO\\year=2026\\AEO_2026.parquet"",""left_sha256"":""a65a71f8287f2db02f2ecf0172ff8ba7b00339efb46cbe287271a2715a833bca"",""right_sha256"":""488ddc9585fd2ec458171382ecbac80c516b5e0ccad20b6b89383d3a7bd8b669"",""overlap_rows"":167,""conflicting_rows"":1,""first_conflict"":""2026-08-17"",""last_conflict"":""2026-08-17"",""warmup_conflicting_sessions"":1},{""year"":2026,""left"":""data\\parquet\\daily\\symbol=AEO\\year=2026\\68fc8a9e83fe2d537f367f66.parquet"",""right"":""data\\parquet\\daily\\symbol=AEO\\year=2026\\AEO_2026.parquet"",""left_sha256"":""488ddc9585fd2ec458171382ecbac80c516b5e0ccad20b6b89383d3a7bd8b669"",""right_sha256"":""488ddc9585fd2ec458171382ecbac80c516b5e0ccad20b6b89383d3a7bd8b669"",""overlap_rows"":167,""conflicting_rows"":0,""first_conflict"":null,""last_conflict"":null,""warmup_conflicting_sessions"":0}]",H:\workspace\PCSOS\pool_scan_runs\daily_coverage_recovery_20260905_1741\tickers\AEO.json
AEON,MIGRATED_ACTIVE_CONTENT_CONFLICT,"[{""year"":2026,""left"":""data\\parquet\\daily\\symbol=AEON\\year=2026\\06eb82ce52f75a3a872902fe.parquet"",""right"":""data\\parquet\\daily\\symbol=AEON\\year=2026\\AEON_2026.parquet"",""left_sha256"":""ef7768b3bbd47cd94a4c3c86c41c2294d091e51722ed60eeb960f301fa80d2e5"",""right_sha256"":""de0240bb23969b6c488f66b85cb697410e029fd111855b30c89c9cc55323cffe"",""overlap_rows"":162,""conflicting_rows"":1,""first_conflict"":""2026-08-18"",""last_conflict"":""2026-08-18"",""warmup_conflicting_sessions"":1},{""year"":2026,""left"":""data\\parquet\\daily\\symbol=AEON\\year=2026\\06eb82ce52f75a3a872902fe.parquet"",""right"":""data\\parquet\\daily\\symbol=AEON\\year=2026\\e0201273a765f46dca98d8f1.parquet"",""left_sha256"":""ef7768b3bbd47cd94a4c3c86c41c2294d091e51722ed60eeb960f301fa80d2e5"",""right_sha256"":""de0240bb23969b6c488f66b85cb697410e029fd111855b30c89c9cc55323cffe"",""overlap_rows"":162,""conflicting_rows"":1,""first_conflict"":""2026-08-18"",""last_conflict"":""2026-08-18"",""warmup_conflicting_sessions"":1},{""year"":2026,""left"":""data\\parquet\\daily\\symbol=AEON\\year=2026\\AEON_2026.parquet"",""right"":""data\\parquet\\daily\\symbol=AEON\\year=2026\\e0201273a765f46dca98d8f1.parquet"",""left_sha256"":""de0240bb23969b6c488f66b85cb697410e029fd111855b30c89c9cc55323cffe"",""right_sha256"":""de0240bb23969b6c488f66b85cb697410e029fd111855b30c89c9cc55323cffe"",""overlap_rows"":162,""conflicting_rows"":0,""first_conflict"":null,""last_conflict"":null,""warmup_conflicting_sessions"":0}]",H:\workspace\PCSOS\pool_scan_runs\daily_coverage_recovery_20260905_1741\tickers\AEON.json
AEP,MIGRATED_ACTIVE_CONTENT_CONFLICT,"[{""year"":2025,""left"":""data\\parquet\\daily\\symbol=AEP\\year=2025\\AEP_2025.parquet"",""right"":""data\\parquet\\daily\\symbol=AEP\\year=2025\\e109a5e2880ace2abdd589f3.parquet"",""left_sha256"":""7ab9817af9d607cb43c7ff73e412d2baf90cf016ebf75239ee1677a78449b2b6"",""right_sha256"":""e143734cedd096e5cf9f6a7e7f343e312a7d8256d2d6918e97168fe5d40dcc5e"",""overlap_rows"":250,""conflicting_rows"":56,""first_conflict"":""2025-07-10"",""last_conflict"":""2025-12-31"",""warmup_conflicting_sessions"":16},{""year"":2026,""left"":""data\\parquet\\daily\\symbol=AEP\\year=2026\\2dc2e24f63f580983a652405.parquet"",""right"":""data\\parquet\\daily\\symbol=AEP\\year=2026\\AEP_2026.parquet"",""left_sha256"":""243bd91835fc66c7c1d133d78903fdc40b3b83ecf359f7162c63398b9edb9537"",""right_sha256"":""62e2fe33f7bf1696760033d3d85f9e665012ee8cec4c99fd659371b282ae9eb9"",""overlap_rows"":167,""conflicting_rows"":0,""first_conflict"":null,""last_conflict"":null,""warmup_conflicting_sessions"":0}]",H:\workspace\PCSOS\pool_scan_runs\daily_coverage_recovery_20260905_1741\tickers\AEP.json
AES,MIGRATED_ACTIVE_CONTENT_CONFLICT,"[{""year"":2026,""left"":""data\\parquet\\daily\\symbol=AES\\year=2026\\2cf3e1e95873ff6c57cdb651.parquet"",""right"":""data\\parquet\\daily\\symbol=AES\\year=2026\\94d5d4b49d363866c9d9ad5c.parquet"",""left_sha256"":""7b49ee17dd2093c2825ad4d63f5c547c907b8e404fd1c86e821a6b5e76436b6c"",""right_sha256"":""71e75ec6ddc1aa8b256e548d484d4b998c021a1a1dd65e67bb0698d7f6f59af2"",""overlap_rows"":167,""conflicting_rows"":1,""first_conflict"":""2026-08-17"",""last_conflict"":""2026-08-17"",""warmup_conflicting_sessions"":1},{""year"":2026,""left"":""data\\parquet\\daily\\symbol=AES\\year=2026\\2cf3e1e95873ff6c57cdb651.parquet"",""right"":""data\\parquet\\daily\\symbol=AES\\year=2026\\AES_2026.parquet"",""left_sha256"":""7b49ee17dd2093c2825ad4d63f5c547c907b8e404fd1c86e821a6b5e76436b6c"",""right_sha256"":""7b49ee17dd2093c2825ad4d63f5c547c907b8e404fd1c86e821a6b5e76436b6c"",""overlap_rows"":167,""conflicting_rows"":0,""first_conflict"":null,""last_conflict"":null,""warmup_conflicting_sessions"":0},{""year"":2026,""left"":""data\\parquet\\daily\\symbol=AES\\year=2026\\94d5d4b49d363866c9d9ad5c.parquet"",""right"":""data\\parquet\\daily\\symbol=AES\\year=2026\\AES_2026.parquet"",""left_sha256"":""71e75ec6ddc1aa8b256e548d484d4b998c021a1a1dd65e67bb0698d7f6f59af2"",""right_sha256"":""7b49ee17dd2093c2825ad4d63f5c547c907b8e404fd1c86e821a6b5e76436b6c"",""overlap_rows"":167,""conflicting_rows"":1,""first_conflict"":""2026-08-17"",""last_conflict"":""2026-08-17"",""warmup_conflicting_sessions"":1}]",H:\workspace\PCSOS\pool_scan_runs\daily_coverage_recovery_20260905_1741\tickers\AES.json
AESI,MIGRATED_ACTIVE_CONTENT_CONFLICT,"[{""year"":2026,""left"":""data\\parquet\\daily\\symbol=AESI\\year=2026\\AESI_2026.parquet"",""right"":""data\\parquet\\daily\\symbol=AESI\\year=2026\\b4aa1d007c8fb439f5cb5189.parquet"",""left_sha256"":""3fbaa7a6474993740ce19d5de929957eac4f1b91bb684b628640ba01e3ee8e5f"",""right_sha256"":""e67709b6d8db57abaf09e8690fd72a0db95679fe7a1c9cf1562e2eb4b7d13be9"",""overlap_rows"":167,""conflicting_rows"":36,""first_conflict"":""2026-01-02"",""last_conflict"":""2026-08-14"",""warmup_conflicting_sessions"":36}]",H:\workspace\PCSOS\pool_scan_runs\daily_coverage_recovery_20260905_1741\tickers\AESI.json
AFL,MIGRATED_ACTIVE_CONTENT_CONFLICT,"[{""year"":2026,""left"":""data\\parquet\\daily\\symbol=AFL\\year=2026\\AFL_2026.parquet"",""right"":""data\\parquet\\daily\\symbol=AFL\\year=2026\\bd9932346442f950c62fe044.parquet"",""left_sha256"":""d60498022ce4b3f7bd17c6e9c46a9c71f690de1a4c6ff972cb02db3574bfe104"",""right_sha256"":""bbc2acb3d7e59ece973c57914dff4c57ea56193748015bfca7cb874bf320fe8f"",""overlap_rows"":167,""conflicting_rows"":71,""first_conflict"":""2026-01-02"",""last_conflict"":""2026-08-17"",""warmup_conflicting_sessions"":71}]",H:\workspace\PCSOS\pool_scan_runs\daily_coverage_recovery_20260905_1741\tickers\AFL.json
AG,MIGRATED_ACTIVE_CONTENT_CONFLICT,"[{""year"":2026,""left"":""data\\parquet\\daily\\symbol=AG\\year=2026\\7370e1e43d745acddbe780ea.parquet"",""right"":""data\\parquet\\daily\\symbol=AG\\year=2026\\AG_2026.parquet"",""left_sha256"":""6e5e706e98dfe8b0312453501557a1a1924201b9b77f19039f0f783cb184c2b5"",""right_sha256"":""d6cd7226e7209bbdf02bdd1aaa09b377304b12711504a4a01127bfe252bc43ef"",""overlap_rows"":167,""conflicting_rows"":1,""first_conflict"":""2026-08-17"",""last_conflict"":""2026-08-17"",""warmup_conflicting_sessions"":1},{""year"":2026,""left"":""data\\parquet\\daily\\symbol=AG\\year=2026\\7370e1e43d745acddbe780ea.parquet"",""right"":""data\\parquet\\daily\\symbol=AG\\year=2026\\f16998ecce4496655f6114d2.parquet"",""left_sha256"":""6e5e706e98dfe8b0312453501557a1a1924201b9b77f19039f0f783cb184c2b5"",""right_sha256"":""d6cd7226e7209bbdf02bdd1aaa09b377304b12711504a4a01127bfe252bc43ef"",""overlap_rows"":167,""conflicting_rows"":1,""first_conflict"":""2026-08-17"",""last_conflict"":""2026-08-17"",""warmup_conflicting_sessions"":1},{""year"":2026,""left"":""data\\parquet\\daily\\symbol=AG\\year=2026\\AG_2026.parquet"",""right"":""data\\parquet\\daily\\symbol=AG\\year=2026\\f16998ecce4496655f6114d2.parquet"",""left_sha256"":""d6cd7226e7209bbdf02bdd1aaa09b377304b12711504a4a01127bfe252bc43ef"",""right_sha256"":""d6cd7226e7209bbdf02bdd1aaa09b377304b12711504a4a01127bfe252bc43ef"",""overlap_rows"":167,""conflicting_rows"":0,""first_conflict"":null,""last_conflict"":null,""warmup_conflicting_sessions"":0}]",H:\workspace\PCSOS\pool_scan_runs\daily_coverage_recovery_20260905_1741\tickers\AG.json
AGCO,MIGRATED_ACTIVE_CONTENT_CONFLICT,"[{""year"":2026,""left"":""data\\parquet\\daily\\symbol=AGCO\\year=2026\\0892a779f54452ffd1bf4cf1.parquet"",""right"":""data\\parquet\\daily\\symbol=AGCO\\year=2026\\AGCO_2026.parquet"",""left_sha256"":""5ddc05b39c4810cee573dfeda12eb21d0ad0ab00beb0c159a4546eaea8084a74"",""right_sha256"":""260b58e3850e8a49ce0afb0ffe58da682e0fc03843eba6249ade453263894ff7"",""overlap_rows"":167,""conflicting_rows"":1,""first_conflict"":""2026-08-17"",""last_conflict"":""2026-08-17"",""warmup_conflicting_sessions"":1}]",H:\workspace\PCSOS\pool_scan_runs\daily_coverage_recovery_20260905_1741\tickers\AGCO.json
AGEN,MIGRATED_ACTIVE_CONTENT_CONFLICT,"[{""year"":2026,""left"":""data\\parquet\\daily\\symbol=AGEN\\year=2026\\AGEN_2026.parquet"",""right"":""data\\parquet\\daily\\symbol=AGEN\\year=2026\\aa9ec22aada22cf86dc2f44c.parquet"",""left_sha256"":""df83deae3f3e8061ff59ad4ad7b9070066ca7a7f841b57c414af397096a04352"",""right_sha256"":""df83deae3f3e8061ff59ad4ad7b9070066ca7a7f841b57c414af397096a04352"",""overlap_rows"":167,""conflicting_rows"":0,""first_conflict"":null,""last_conflict"":null,""warmup_conflicting_sessions"":0},{""year"":2026,""left"":""data\\parquet\\daily\\symbol=AGEN\\year=2026\\AGEN_2026.parquet"",""right"":""data\\parquet\\daily\\symbol=AGEN\\year=2026\\cb46e034e9630811e9c9a0a5.parquet"",""left_sha256"":""df83deae3f3e8061ff59ad4ad7b9070066ca7a7f841b57c414af397096a04352"",""right_sha256"":""6ff901cd5ccb14cab1bf18e419d0ca4e043ec724ce271daf80f36c3bab61bf44"",""overlap_rows"":167,""conflicting_rows"":1,""first_conflict"":""2026-08-17"",""last_conflict"":""2026-08-17"",""warmup_conflicting_sessions"":1},{""year"":2026,""left"":""data\\parquet\\daily\\symbol=AGEN\\year=2026\\aa9ec22aada22cf86dc2f44c.parquet"",""right"":""data\\parquet\\daily\\symbol=AGEN\\year=2026\\cb46e034e9630811e9c9a0a5.parquet"",""left_sha256"":""df83deae3f3e8061ff59ad4ad7b9070066ca7a7f841b57c414af397096a04352"",""right_sha256"":""6ff901cd5ccb14cab1bf18e419d0ca4e043ec724ce271daf80f36c3bab61bf44"",""overlap_rows"":167,""conflicting_rows"":1,""first_conflict"":""2026-08-17"",""last_conflict"":""2026-08-17"",""warmup_conflicting_sessions"":1}]",H:\workspace\PCSOS\pool_scan_runs\daily_coverage_recovery_20260905_1741\tickers\AGEN.json
AGG,MIGRATED_ACTIVE_CONTENT_CONFLICT,"[{""year"":2025,""left"":""data\\parquet\\daily\\symbol=AGG\\year=2025\\AGG_2025.parquet"",""right"":""data\\parquet\\daily\\symbol=AGG\\year=2025\\d53683af80fb0a5e9b34c9b1.parquet"",""left_sha256"":""7c6fb0c0bdf5aa348429691fe228c6f8d423806625358273cbdcba38511ad325"",""right_sha256"":""a623a9caa442640ee3abfd3fea65aaca4172da8fc76492861d6e7ddcbf0fc68c"",""overlap_rows"":250,""conflicting_rows"":56,""first_conflict"":""2025-07-10"",""last_conflict"":""2025-12-31"",""warmup_conflicting_sessions"":16},{""year"":2026,""left"":""data\\parquet\\daily\\symbol=AGG\\year=2026\\8fc2203913552c0d31eb7d80.parquet"",""right"":""data\\parquet\\daily\\symbol=AGG\\year=2026\\AGG_2026.parquet"",""left_sha256"":""9af5975d013b5b657ad688c781708398e41eb317249c0ec879b8c47da06db244"",""right_sha256"":""ce44cd31a6cbd25a2de1c14f22b6aafb29e665079d615eb6317204da9e202a7d"",""overlap_rows"":167,""conflicting_rows"":0,""first_conflict"":null,""last_conflict"":null,""warmup_conflicting_sessions"":0}]",H:\workspace\PCSOS\pool_scan_runs\daily_coverage_recovery_20260905_1741\tickers\AGG.json
AGI,MIGRATED_ACTIVE_CONTENT_CONFLICT,"[{""year"":2026,""left"":""data\\parquet\\daily\\symbol=AGI\\year=2026\\42e7a89c5a1243fc769fd465.parquet"",""right"":""data\\parquet\\daily\\symbol=AGI\\year=2026\\AGI_2026.parquet"",""left_sha256"":""1a8db85aa502b45452c9b679603d8501e32995903f1fad4e6816caa5cfa5eb62"",""right_sha256"":""fe55a21475927bd4aeaca61df13c0200b618572baf35f22d7a1e3a440138ffc4"",""overlap_rows"":166,""conflicting_rows"":1,""first_conflict"":""2026-08-17"",""last_conflict"":""2026-08-17"",""warmup_conflicting_sessions"":1},{""year"":2026,""left"":""data\\parquet\\daily\\symbol=AGI\\year=2026\\42e7a89c5a1243fc769fd465.parquet"",""right"":""data\\parquet\\daily\\symbol=AGI\\year=2026\\c30b32a5704c5603efc34f25.parquet"",""left_sha256"":""1a8db85aa502b45452c9b679603d8501e32995903f1fad4e6816caa5cfa5eb62"",""right_sha256"":""fe55a21475927bd4aeaca61df13c0200b618572baf35f22d7a1e3a440138ffc4"",""overlap_rows"":166,""conflicting_rows"":1,""first_conflict"":""2026-08-17"",""last_conflict"":""2026-08-17"",""warmup_conflicting_sessions"":1},{""year"":2026,""left"":""data\\parquet\\daily\\symbol=AGI\\year=2026\\AGI_2026.parquet"",""right"":""data\\parquet\\daily\\symbol=AGI\\year=2026\\c30b32a5704c5603efc34f25.parquet"",""left_sha256"":""fe55a21475927bd4aeaca61df13c0200b618572baf35f22d7a1e3a440138ffc4"",""right_sha256"":""fe55a21475927bd4aeaca61df13c0200b618572baf35f22d7a1e3a440138ffc4"",""overlap_rows"":167,""conflicting_rows"":0,""first_conflict"":null,""last_conflict"":null,""warmup_conflicting_sessions"":0}]",H:\workspace\PCSOS\pool_scan_runs\daily_coverage_recovery_20260905_1741\tickers\AGI.json
AGIO,MIGRATED_ACTIVE_CONTENT_CONFLICT,"[{""year"":2026,""left"":""data\\parquet\\daily\\symbol=AGIO\\year=2026\\68443ac544d4088dd4a1b084.parquet"",""right"":""data\\parquet\\daily\\symbol=AGIO\\year=2026\\AGIO_2026.parquet"",""left_sha256"":""b57580f5c7cbc006172f0f7780adfcafa94d545e15492186cafedc2c86f7736a"",""right_sha256"":""b57580f5c7cbc006172f0f7780adfcafa94d545e15492186cafedc2c86f7736a"",""overlap_rows"":167,""conflicting_rows"":0,""first_conflict"":null,""last_conflict"":null,""warmup_conflicting_sessions"":0},{""year"":2026,""left"":""data\\parquet\\daily\\symbol=AGIO\\year=2026\\68443ac544d4088dd4a1b084.parquet"",""right"":""data\\parquet\\daily\\symbol=AGIO\\year=2026\\f7b6331345e62f0fc9714321.parquet"",""left_sha256"":""b57580f5c7cbc006172f0f7780adfcafa94d545e15492186cafedc2c86f7736a"",""right_sha256"":""86619acce7cd9348107741f2a48a17fba56136d1959b9b4173c3ad3f5bbd36ed"",""overlap_rows"":167,""conflicting_rows"":1,""first_conflict"":""2026-08-17"",""last_conflict"":""2026-08-17"",""warmup_conflicting_sessions"":1},{""year"":2026,""left"":""data\\parquet\\daily\\symbol=AGIO\\year=2026\\AGIO_2026.parquet"",""right"":""data\\parquet\\daily\\symbol=AGIO\\year=2026\\f7b6331345e62f0fc9714321.parquet"",""left_sha256"":""b57580f5c7cbc006172f0f7780adfcafa94d545e15492186cafedc2c86f7736a"",""right_sha256"":""86619acce7cd9348107741f2a48a17fba56136d1959b9b4173c3ad3f5bbd36ed"",""overlap_rows"":167,""conflicting_rows"":1,""first_conflict"":""2026-08-17"",""last_conflict"":""2026-08-17"",""warmup_conflicting_sessions"":1}]",H:\workspace\PCSOS\pool_scan_runs\daily_coverage_recovery_20260905_1741\tickers\AGIO.json
AGL,MIGRATED_ACTIVE_CONTENT_CONFLICT,"[{""year"":2026,""left"":""data\\parquet\\daily\\symbol=AGL\\year=2026\\93828394f5f49ae80a7b92b0.parquet"",""right"":""data\\parquet\\daily\\symbol=AGL\\year=2026\\AGL_2026.parquet"",""left_sha256"":""0230181a15bfa4f0453fbe13d054ee5683aa2c286faa76fca02ad8e6219d58f4"",""right_sha256"":""76cf7b0a5903b88349438ba9f1112e42af44fafc82266b830ae9978da6dc2742"",""overlap_rows"":167,""conflicting_rows"":47,""first_conflict"":""2026-01-02"",""last_conflict"":""2026-08-14"",""warmup_conflicting_sessions"":47},{""year"":2026,""left"":""data\\parquet\\daily\\symbol=AGL\\year=2026\\93828394f5f49ae80a7b92b0.parquet"",""right"":""data\\parquet\\daily\\symbol=AGL\\year=2026\\fa7f1027d2383389985bdfac.parquet"",""left_sha256"":""0230181a15bfa4f0453fbe13d054ee5683aa2c286faa76fca02ad8e6219d58f4"",""right_sha256"":""0c42160406f68b37d9f963651619f2983d40851aa5bf2c17d91ef9c85f11ffe5"",""overlap_rows"":167,""conflicting_rows"":1,""first_conflict"":""2026-08-17"",""last_conflict"":""2026-08-17"",""warmup_conflicting_sessions"":1},{""year"":2026,""left"":""data\\parquet\\daily\\symbol=AGL\\year=2026\\AGL_2026.parquet"",""right"":""data\\parquet\\daily\\symbol=AGL\\year=2026\\fa7f1027d2383389985bdfac.parquet"",""left_sha256"":""76cf7b0a5903b88349438ba9f1112e42af44fafc82266b830ae9978da6dc2742"",""right_sha256"":""0c42160406f68b37d9f963651619f2983d40851aa5bf2c17d91ef9c85f11ffe5"",""overlap_rows"":167,""conflicting_rows"":48,""first_conflict"":""2026-01-02"",""last_conflict"":""2026-08-17"",""warmup_conflicting_sessions"":48}]",H:\workspace\PCSOS\pool_scan_runs\daily_coverage_recovery_20260905_1741\tickers\AGL.json
AGMH,MIGRATED_ACTIVE_CONTENT_CONFLICT,"[{""year"":2026,""left"":""data\\parquet\\daily\\symbol=AGMH\\year=2026\\3f10a5cda8d9d19e296ed3b8.parquet"",""right"":""data\\parquet\\daily\\symbol=AGMH\\year=2026\\673ac52a11481a963ab69e4b.parquet"",""left_sha256"":""571f71dbdeb08faa457e3df5825a86549531ab336c3ced75c9e791c525796d9b"",""right_sha256"":""7336a2f23bea61c1fdf3420e28747d8d970fad79e092e837b7abf5f105a87387"",""overlap_rows"":162,""conflicting_rows"":1,""first_conflict"":""2026-08-18"",""last_conflict"":""2026-08-18"",""warmup_conflicting_sessions"":1},{""year"":2026,""left"":""data\\parquet\\daily\\symbol=AGMH\\year=2026\\3f10a5cda8d9d19e296ed3b8.parquet"",""right"":""data\\parquet\\daily\\symbol=AGMH\\year=2026\\AGMH_2026.parquet"",""left_sha256"":""571f71dbdeb08faa457e3df5825a86549531ab336c3ced75c9e791c525796d9b"",""right_sha256"":""571f71dbdeb08faa457e3df5825a86549531ab336c3ced75c9e791c525796d9b"",""overlap_rows"":162,""conflicting_rows"":0,""first_conflict"":null,""last_conflict"":null,""warmup_conflicting_sessions"":0},{""year"":2026,""left"":""data\\parquet\\daily\\symbol=AGMH\\year=2026\\673ac52a11481a963ab69e4b.parquet"",""right"":""data\\parquet\\daily\\symbol=AGMH\\year=2026\\AGMH_2026.parquet"",""left_sha256"":""7336a2f23bea61c1fdf3420e28747d8d970fad79e092e837b7abf5f105a87387"",""right_sha256"":""571f71dbdeb08faa457e3df5825a86549531ab336c3ced75c9e791c525796d9b"",""overlap_rows"":162,""conflicting_rows"":1,""first_conflict"":""2026-08-18"",""last_conflict"":""2026-08-18"",""warmup_conflicting_sessions"":1}]",H:\workspace\PCSOS\pool_scan_runs\daily_coverage_recovery_20260905_1741\tickers\AGMH.json
AGO,MIGRATED_ACTIVE_CONTENT_CONFLICT,"[{""year"":2026,""left"":""data\\parquet\\daily\\symbol=AGO\\year=2026\\286157e1ad735b9f13a583b1.parquet"",""right"":""data\\parquet\\daily\\symbol=AGO\\year=2026\\AGO_2026.parquet"",""left_sha256"":""7ffd4ec952f1eb5f047ed73ae8a8166cf84b023ad369b2aac340564c65bd0214"",""right_sha256"":""14aeec82d824557551ff81c759bae3e0a0166d19fdac2acb536be1d81867e052"",""overlap_rows"":167,""conflicting_rows"":1,""first_conflict"":""2026-08-17"",""last_conflict"":""2026-08-17"",""warmup_conflicting_sessions"":1},{""year"":2026,""left"":""data\\parquet\\daily\\symbol=AGO\\year=2026\\286157e1ad735b9f13a583b1.parquet"",""right"":""data\\parquet\\daily\\symbol=AGO\\year=2026\\df257dd08b7c727464427530.parquet"",""left_sha256"":""7ffd4ec952f1eb5f047ed73ae8a8166cf84b023ad369b2aac340564c65bd0214"",""right_sha256"":""14aeec82d824557551ff81c759bae3e0a0166d19fdac2acb536be1d81867e052"",""overlap_rows"":167,""conflicting_rows"":1,""first_conflict"":""2026-08-17"",""last_conflict"":""2026-08-17"",""warmup_conflicting_sessions"":1},{""year"":2026,""left"":""data\\parquet\\daily\\symbol=AGO\\year=2026\\AGO_2026.parquet"",""right"":""data\\parquet\\daily\\symbol=AGO\\year=2026\\df257dd08b7c727464427530.parquet"",""left_sha256"":""14aeec82d824557551ff81c759bae3e0a0166d19fdac2acb536be1d81867e052"",""right_sha256"":""14aeec82d824557551ff81c759bae3e0a0166d19fdac2acb536be1d81867e052"",""overlap_rows"":167,""conflicting_rows"":0,""first_conflict"":null,""last_conflict"":null,""warmup_conflicting_sessions"":0}]",H:\workspace\PCSOS\pool_scan_runs\daily_coverage_recovery_20260905_1741\tickers\AGO.json
AGQ,MIGRATED_ACTIVE_CONTENT_CONFLICT,"[{""year"":2026,""left"":""data\\parquet\\daily\\symbol=AGQ\\year=2026\\537b53db2f5a18a3713fc6ac.parquet"",""right"":""data\\parquet\\daily\\symbol=AGQ\\year=2026\\AGQ_2026.parquet"",""left_sha256"":""367a25b74da8cf4509329f57f97bd94abc4216589f85949817b5c3b05de1f582"",""right_sha256"":""dbf898e8a096b9b07d1abdc33105680b306b018fd7e062ec5ae1ea49a9cf90a6"",""overlap_rows"":167,""conflicting_rows"":1,""first_conflict"":""2026-08-17"",""last_conflict"":""2026-08-17"",""warmup_conflicting_sessions"":1},{""year"":2026,""left"":""data\\parquet\\daily\\symbol=AGQ\\year=2026\\537b53db2f5a18a3713fc6ac.parquet"",""right"":""data\\parquet\\daily\\symbol=AGQ\\year=2026\\c49b33c6fb13d13507bddde2.parquet"",""left_sha256"":""367a25b74da8cf4509329f57f97bd94abc4216589f85949817b5c3b05de1f582"",""right_sha256"":""dbf898e8a096b9b07d1abdc33105680b306b018fd7e062ec5ae1ea49a9cf90a6"",""overlap_rows"":167,""conflicting_rows"":1,""first_conflict"":""2026-08-17"",""last_conflict"":""2026-08-17"",""warmup_conflicting_sessions"":1},{""year"":2026,""left"":""data\\parquet\\daily\\symbol=AGQ\\year=2026\\AGQ_2026.parquet"",""right"":""data\\parquet\\daily\\symbol=AGQ\\year=2026\\c49b33c6fb13d13507bddde2.parquet"",""left_sha256"":""dbf898e8a096b9b07d1abdc33105680b306b018fd7e062ec5ae1ea49a9cf90a6"",""right_sha256"":""dbf898e8a096b9b07d1abdc33105680b306b018fd7e062ec5ae1ea49a9cf90a6"",""overlap_rows"":167,""conflicting_rows"":0,""first_conflict"":null,""last_conflict"":null,""warmup_conflicting_sessions"":0}]",H:\workspace\PCSOS\pool_scan_runs\daily_coverage_recovery_20260905_1741\tickers\AGQ.json
AGX,MIGRATED_ACTIVE_CONTENT_CONFLICT,"[{""year"":2025,""left"":""data\\parquet\\daily\\symbol=AGX\\year=2025\\AGX_2025.parquet"",""right"":""data\\parquet\\daily\\symbol=AGX\\year=2025\\fc0602d072cee89375a0bb07.parquet"",""left_sha256"":""9f23b44f30a15f7de0c0f280d5b338016b06202904e96de97683bf9d7b1b14a8"",""right_sha256"":""193e6e9ce4cf7f787c4ef12d39ac702ebaf4fa6627f580e93d009165ae6211bb"",""overlap_rows"":250,""conflicting_rows"":56,""first_conflict"":""2025-07-10"",""last_conflict"":""2025-12-31"",""warmup_conflicting_sessions"":16},{""year"":2026,""left"":""data\\parquet\\daily\\symbol=AGX\\year=2026\\6e6c2e9da46c5d5781fdf767.parquet"",""right"":""data\\parquet\\daily\\symbol=AGX\\year=2026\\AGX_2026.parquet"",""left_sha256"":""2f154a0f2a3faa8b2b3afe030b2b054f6e705cb9131559539941a792dc2249af"",""right_sha256"":""f4b0832444adfaabe21a56146fdc73a0605417816c15865f54e95b2408b92dca"",""overlap_rows"":167,""conflicting_rows"":63,""first_conflict"":""2026-01-02"",""last_conflict"":""2026-08-14"",""warmup_conflicting_sessions"":63}]",H:\workspace\PCSOS\pool_scan_runs\daily_coverage_recovery_20260905_1741\tickers\AGX.json
AHCO,MIGRATED_ACTIVE_CONTENT_CONFLICT,"[{""year"":2025,""left"":""data\\parquet\\daily\\symbol=AHCO\\year=2025\\AHCO_2025.parquet"",""right"":""data\\parquet\\daily\\symbol=AHCO\\year=2025\\c916ccec6c80076818ef3044.parquet"",""left_sha256"":""7863ebedc368a9719223f16c47b96ca26ab8530ee6137f4057e1e95ece783b6f"",""right_sha256"":""3bdf90f25c3ae423cfe046a2e3ffa59a54cd0a573fb76af18107ed2b3bf56082"",""overlap_rows"":250,""conflicting_rows"":20,""first_conflict"":""2025-07-23"",""last_conflict"":""2025-12-17"",""warmup_conflicting_sessions"":5}]",H:\workspace\PCSOS\pool_scan_runs\daily_coverage_recovery_20260905_1741\tickers\AHCO.json
AI,MIGRATED_ACTIVE_CONTENT_CONFLICT,"[{""year"":2026,""left"":""data\\parquet\\daily\\symbol=AI\\year=2026\\96dc5472806b0d2b8dbfa6fd.parquet"",""right"":""data\\parquet\\daily\\symbol=AI\\year=2026\\99c9472a29094a4f49ee2693.parquet"",""left_sha256"":""d6893c1a1c09cc701f839cd0e7aa13bc5e532b4823b001293c98bd35c3d24ce4"",""right_sha256"":""a72149102994372e7af523c9f1790e6cd7057027f4675b7296c4f930f5ef8c92"",""overlap_rows"":167,""conflicting_rows"":1,""first_conflict"":""2026-08-17"",""last_conflict"":""2026-08-17"",""warmup_conflicting_sessions"":1},{""year"":2026,""left"":""data\\parquet\\daily\\symbol=AI\\year=2026\\96dc5472806b0d2b8dbfa6fd.parquet"",""right"":""data\\parquet\\daily\\symbol=AI\\year=2026\\AI_2026.parquet"",""left_sha256"":""d6893c1a1c09cc701f839cd0e7aa13bc5e532b4823b001293c98bd35c3d24ce4"",""right_sha256"":""a327162ad6a2eed3855f3a1c4a530cdf453dc067745b5b4c3eb8de6f9cb033dc"",""overlap_rows"":167,""conflicting_rows"":46,""first_conflict"":""2026-01-30"",""last_conflict"":""2026-08-17"",""warmup_conflicting_sessions"":46},{""year"":2026,""left"":""data\\parquet\\daily\\symbol=AI\\year=2026\\99c9472a29094a4f49ee2693.parquet"",""right"":""data\\parquet\\daily\\symbol=AI\\year=2026\\AI_2026.parquet"",""left_sha256"":""a72149102994372e7af523c9f1790e6cd7057027f4675b7296c4f930f5ef8c92"",""right_sha256"":""a327162ad6a2eed3855f3a1c4a530cdf453dc067745b5b4c3eb8de6f9cb033dc"",""overlap_rows"":167,""conflicting_rows"":45,""first_conflict"":""2026-01-30"",""last_conflict"":""2026-08-14"",""warmup_conflicting_sessions"":45}]",H:\workspace\PCSOS\pool_scan_runs\daily_coverage_recovery_20260905_1741\tickers\AI.json
AIG,MIGRATED_ACTIVE_CONTENT_CONFLICT,"[{""year"":2026,""left"":""data\\parquet\\daily\\symbol=AIG\\year=2026\\682170d4745c74e5a192633a.parquet"",""right"":""data\\parquet\\daily\\symbol=AIG\\year=2026\\AIG_2026.parquet"",""left_sha256"":""99c4e2bed8e092a075f72d576a9abd353d3b33f4a3ef4dc5861be8e995c3c704"",""right_sha256"":""b79e9824e860349b63519b78c628df5797df7d02618dd230576299caee512d21"",""overlap_rows"":167,""conflicting_rows"":58,""first_conflict"":""2026-01-02"",""last_conflict"":""2026-08-17"",""warmup_conflicting_sessions"":58},{""year"":2026,""left"":""data\\parquet\\daily\\symbol=AIG\\year=2026\\682170d4745c74e5a192633a.parquet"",""right"":""data\\parquet\\daily\\symbol=AIG\\year=2026\\e3eec5479c9f38f230599574.parquet"",""left_sha256"":""99c4e2bed8e092a075f72d576a9abd353d3b33f4a3ef4dc5861be8e995c3c704"",""right_sha256"":""481126e9e5d6b0ff16c2e5c4e93a2ec51dec9e10a4d442c6f81bd374440c8e93"",""overlap_rows"":167,""conflicting_rows"":1,""first_conflict"":""2026-08-17"",""last_conflict"":""2026-08-17"",""warmup_conflicting_sessions"":1},{""year"":2026,""left"":""data\\parquet\\daily\\symbol=AIG\\year=2026\\AIG_2026.parquet"",""right"":""data\\parquet\\daily\\symbol=AIG\\year=2026\\e3eec5479c9f38f230599574.parquet"",""left_sha256"":""b79e9824e860349b63519b78c628df5797df7d02618dd230576299caee512d21"",""right_sha256"":""481126e9e5d6b0ff16c2e5c4e93a2ec51dec9e10a4d442c6f81bd374440c8e93"",""overlap_rows"":167,""conflicting_rows"":57,""first_conflict"":""2026-01-02"",""last_conflict"":""2026-08-14"",""warmup_conflicting_sessions"":57}]",H:\workspace\PCSOS\pool_scan_runs\daily_coverage_recovery_20260905_1741\tickers\AIG.json
AIHS,MIGRATED_ACTIVE_CONTENT_CONFLICT,"[{""year"":2025,""left"":""data\\parquet\\daily\\symbol=AIHS\\year=2025\\AIHS_2025.parquet"",""right"":""data\\parquet\\daily\\symbol=AIHS\\year=2025\\d047bddc9e29a0f206b6ce4c.parquet"",""left_sha256"":""793aa7be7cac22940f2481feee0e2ce9a8f3619f9fb61fbc6b687f12079ca59d"",""right_sha256"":""8d76d5b64101e79482712a71a78a709349c798c92e0509c57852f35b5da5a824"",""overlap_rows"":250,""conflicting_rows"":15,""first_conflict"":""2025-07-10"",""last_conflict"":""2025-12-22"",""warmup_conflicting_sessions"":2},{""year"":2026,""left"":""data\\parquet\\daily\\symbol=AIHS\\year=2026\\244c177712efec3a90a90c2b.parquet"",""right"":""data\\parquet\\daily\\symbol=AIHS\\year=2026\\AIHS_2026.parquet"",""left_sha256"":""0867f48efc617dd42166802f5d2d0ae3d50fd5d488b149f2343bb2b5cb0bf7c4"",""right_sha256"":""f48c8f25d9b14fca822707af6df4295639f7fc90b7ad53e47e4f41a6c40f5f13"",""overlap_rows"":162,""conflicting_rows"":0,""first_conflict"":null,""last_conflict"":null,""warmup_conflicting_sessions"":0}]",H:\workspace\PCSOS\pool_scan_runs\daily_coverage_recovery_20260905_1741\tickers\AIHS.json
AIQ,MIGRATED_ACTIVE_CONTENT_CONFLICT,"[{""year"":2026,""left"":""data\\parquet\\daily\\symbol=AIQ\\year=2026\\83f093af88748c8dabc3881b.parquet"",""right"":""data\\parquet\\daily\\symbol=AIQ\\year=2026\\AIQ_2026.parquet"",""left_sha256"":""5c1cf26187bf779cef91fd19088af090a6b3bf9fb235d9266daf4ce1ca3ba740"",""right_sha256"":""0c631b74deaa1195d1f08d5878900e82290ee98481360ff6ba66c5ddd243170b"",""overlap_rows"":167,""conflicting_rows"":1,""first_conflict"":""2026-08-17"",""last_conflict"":""2026-08-17"",""warmup_conflicting_sessions"":1}]",H:\workspace\PCSOS\pool_scan_runs\daily_coverage_recovery_20260905_1741\tickers\AIQ.json
AIRR,MIGRATED_ACTIVE_CONTENT_CONFLICT,"[{""year"":2025,""left"":""data\\parquet\\daily\\symbol=AIRR\\year=2025\\AIRR_2025.parquet"",""right"":""data\\parquet\\daily\\symbol=AIRR\\year=2025\\d934c6c69c90457702ff705f.parquet"",""left_sha256"":""8987e74244453c737f8a82809c17896ad1e986785775ac53dd0937a4ad6e889b"",""right_sha256"":""4d7ba4ad8eb2802c7d5b8d343748d3dcd72e6d57a4fa457e22f908d88304e54f"",""overlap_rows"":250,""conflicting_rows"":91,""first_conflict"":""2025-07-01"",""last_conflict"":""2025-12-31"",""warmup_conflicting_sessions"":22},{""year"":2025,""left"":""data\\parquet\\daily\\symbol=AIRR\\year=2025\\AIRR_2025.parquet"",""right"":""data\\parquet\\daily\\symbol=AIRR\\year=2025\\e8a2d4e16a9bf1de3ac75c44.parquet"",""left_sha256"":""8987e74244453c737f8a82809c17896ad1e986785775ac53dd0937a4ad6e889b"",""right_sha256"":""02d720a5da113fde50fc16d2d79b08d479ea42acc4b69fbd9bbc6ef5b97eddb1"",""overlap_rows"":250,""conflicting_rows"":56,""first_conflict"":""2025-07-10"",""last_conflict"":""2025-12-31"",""warmup_conflicting_sessions"":16},{""year"":2025,""left"":""data\\parquet\\daily\\symbol=AIRR\\year=2025\\d934c6c69c90457702ff705f.parquet"",""right"":""data\\parquet\\daily\\symbol=AIRR\\year=2025\\e8a2d4e16a9bf1de3ac75c44.parquet"",""left_sha256"":""4d7ba4ad8eb2802c7d5b8d343748d3dcd72e6d57a4fa457e22f908d88304e54f"",""right_sha256"":""02d720a5da113fde50fc16d2d79b08d479ea42acc4b69fbd9bbc6ef5b97eddb1"",""overlap_rows"":250,""conflicting_rows"":59,""first_conflict"":""2025-07-01"",""last_conflict"":""2025-12-31"",""warmup_conflicting_sessions"":16}]",H:\workspace\PCSOS\pool_scan_runs\daily_coverage_recovery_20260905_1741\tickers\AIRR.json
AIT,MIGRATED_ACTIVE_CONTENT_CONFLICT,"[{""year"":2026,""left"":""data\\parquet\\daily\\symbol=AIT\\year=2026\\1e19c9672a1b1234276d6313.parquet"",""right"":""data\\parquet\\daily\\symbol=AIT\\year=2026\\AIT_2026.parquet"",""left_sha256"":""83b9fd52d01a9916bf1415fdd86a98082446f70da4b29c8e026e7171c2b839ba"",""right_sha256"":""a48b058469aead51ee03f6701ec5b5eeb9120bdc76b52fcd752629abb565d65a"",""overlap_rows"":167,""conflicting_rows"":65,""first_conflict"":""2026-01-02"",""last_conflict"":""2026-08-17"",""warmup_conflicting_sessions"":65}]",H:\workspace\PCSOS\pool_scan_runs\daily_coverage_recovery_20260905_1741\tickers\AIT.json
AIZ,MIGRATED_ACTIVE_CONTENT_CONFLICT,"[{""year"":2025,""left"":""data\\parquet\\daily\\symbol=AIZ\\year=2025\\7679baf79eba62bdaaa08339.parquet"",""right"":""data\\parquet\\daily\\symbol=AIZ\\year=2025\\AIZ_2025.parquet"",""left_sha256"":""4d9971af7a038a30a132616e439615771fc6c75642f1339b27814176cb3d75ef"",""right_sha256"":""c023bda250770a1f6bf44387e6ada9e279c1a00cca59d06d92234a3a31480999"",""overlap_rows"":250,""conflicting_rows"":56,""first_conflict"":""2025-07-10"",""last_conflict"":""2025-12-31"",""warmup_conflicting_sessions"":16},{""year"":2026,""left"":""data\\parquet\\daily\\symbol=AIZ\\year=2026\\1b20c4415fed4e3a43d88166.parquet"",""right"":""data\\parquet\\daily\\symbol=AIZ\\year=2026\\AIZ_2026.parquet"",""left_sha256"":""5d935b98b81154598645f4c58c2a4db4a61db3607ab26ba00a64c24d1cddecc1"",""right_sha256"":""e185e999856ad9fc8b2133780b6778456d51c430ee9ccf175d0acc624483b9f3"",""overlap_rows"":162,""conflicting_rows"":0,""first_conflict"":null,""last_conflict"":null,""warmup_conflicting_sessions"":0}]",H:\workspace\PCSOS\pool_scan_runs\daily_coverage_recovery_20260905_1741\tickers\AIZ.json
AJG,MIGRATED_ACTIVE_CONTENT_CONFLICT,"[{""year"":2026,""left"":""data\\parquet\\daily\\symbol=AJG\\year=2026\\AJG_2026.parquet"",""right"":""data\\parquet\\daily\\symbol=AJG\\year=2026\\ae52f87a85c4f1cc3ea35906.parquet"",""left_sha256"":""aeb0765d0143477c3da635d6840f805d05d962fb42929afc59afdea1608a5130"",""right_sha256"":""b0580a1402e07574ce90cb6f46afd5037d50de1addf36e166643824f4dd95085"",""overlap_rows"":167,""conflicting_rows"":56,""first_conflict"":""2026-01-02"",""last_conflict"":""2026-08-13"",""warmup_conflicting_sessions"":56},{""year"":2026,""left"":""data\\parquet\\daily\\symbol=AJG\\year=2026\\AJG_2026.parquet"",""right"":""data\\parquet\\daily\\symbol=AJG\\year=2026\\e1adc852fb880966eb9601b4.parquet"",""left_sha256"":""aeb0765d0143477c3da635d6840f805d05d962fb42929afc59afdea1608a5130"",""right_sha256"":""320321cce02e051a402a0a7ef30004855cb75977ad57a512da31b6c38b8f277d"",""overlap_rows"":167,""conflicting_rows"":62,""first_conflict"":""2026-01-02"",""last_conflict"":""2026-08-13"",""warmup_conflicting_sessions"":62},{""year"":2026,""left"":""data\\parquet\\daily\\symbol=AJG\\year=2026\\ae52f87a85c4f1cc3ea35906.parquet"",""right"":""data\\parquet\\daily\\symbol=AJG\\year=2026\\e1adc852fb880966eb9601b4.parquet"",""left_sha256"":""b0580a1402e07574ce90cb6f46afd5037d50de1addf36e166643824f4dd95085"",""right_sha256"":""320321cce02e051a402a0a7ef30004855cb75977ad57a512da31b6c38b8f277d"",""overlap_rows"":167,""conflicting_rows"":11,""first_conflict"":""2026-01-07"",""last_conflict"":""2026-08-04"",""warmup_conflicting_sessions"":11}]",H:\workspace\PCSOS\pool_scan_runs\daily_coverage_recovery_20260905_1741\tickers\AJG.json
AKAM,MIGRATED_ACTIVE_CONTENT_CONFLICT,"[{""year"":2026,""left"":""data\\parquet\\daily\\symbol=AKAM\\year=2026\\125fb5591a49d1e9f2c9fa98.parquet"",""right"":""data\\parquet\\daily\\symbol=AKAM\\year=2026\\8c2ab8a4363544858d9e856e.parquet"",""left_sha256"":""1f51b2d02365bc87deb1ab631da526e3ad0e4997bfaf7e96e9ee466ce4248f80"",""right_sha256"":""de0e443f87872caca6cb4202e0fe8f4c05b87f56952e67bc1bec9c23504e659d"",""overlap_rows"":167,""conflicting_rows"":1,""first_conflict"":""2026-08-17"",""last_conflict"":""2026-08-17"",""warmup_conflicting_sessions"":1},{""year"":2026,""left"":""data\\parquet\\daily\\symbol=AKAM\\year=2026\\125fb5591a49d1e9f2c9fa98.parquet"",""right"":""data\\parquet\\daily\\symbol=AKAM\\year=2026\\AKAM_2026.parquet"",""left_sha256"":""1f51b2d02365bc87deb1ab631da526e3ad0e4997bfaf7e96e9ee466ce4248f80"",""right_sha256"":""de0e443f87872caca6cb4202e0fe8f4c05b87f56952e67bc1bec9c23504e659d"",""overlap_rows"":167,""conflicting_rows"":1,""first_conflict"":""2026-08-17"",""last_conflict"":""2026-08-17"",""warmup_conflicting_sessions"":1},{""year"":2026,""left"":""data\\parquet\\daily\\symbol=AKAM\\year=2026\\8c2ab8a4363544858d9e856e.parquet"",""right"":""data\\parquet\\daily\\symbol=AKAM\\year=2026\\AKAM_2026.parquet"",""left_sha256"":""de0e443f87872caca6cb4202e0fe8f4c05b87f56952e67bc1bec9c23504e659d"",""right_sha256"":""de0e443f87872caca6cb4202e0fe8f4c05b87f56952e67bc1bec9c23504e659d"",""overlap_rows"":167,""conflicting_rows"":0,""first_conflict"":null,""last_conflict"":null,""warmup_conflicting_sessions"":0}]",H:\workspace\PCSOS\pool_scan_runs\daily_coverage_recovery_20260905_1741\tickers\AKAM.json
AKAN,MIGRATED_ACTIVE_CONTENT_CONFLICT,"[{""year"":2026,""left"":""data\\parquet\\daily\\symbol=AKAN\\year=2026\\AKAN_2026.parquet"",""right"":""data\\parquet\\daily\\symbol=AKAN\\year=2026\\c3966a38989670e72f604465.parquet"",""left_sha256"":""37b0b666227ba9ca76be1fe7de57d1ef9d3657e4e50e6894f4dc850df5392f55"",""right_sha256"":""37b0b666227ba9ca76be1fe7de57d1ef9d3657e4e50e6894f4dc850df5392f55"",""overlap_rows"":162,""conflicting_rows"":0,""first_conflict"":null,""last_conflict"":null,""warmup_conflicting_sessions"":0},{""year"":2026,""left"":""data\\parquet\\daily\\symbol=AKAN\\year=2026\\AKAN_2026.parquet"",""right"":""data\\parquet\\daily\\symbol=AKAN\\year=2026\\d54737bbe3e316fe4a5973af.parquet"",""left_sha256"":""37b0b666227ba9ca76be1fe7de57d1ef9d3657e4e50e6894f4dc850df5392f55"",""right_sha256"":""3c10d7a6826389f652e7f5d9b479ebefa2017aa74ff1516084fbf05d873b599a"",""overlap_rows"":162,""conflicting_rows"":1,""first_conflict"":""2026-08-18"",""last_conflict"":""2026-08-18"",""warmup_conflicting_sessions"":1},{""year"":2026,""left"":""data\\parquet\\daily\\symbol=AKAN\\year=2026\\c3966a38989670e72f604465.parquet"",""right"":""data\\parquet\\daily\\symbol=AKAN\\year=2026\\d54737bbe3e316fe4a5973af.parquet"",""left_sha256"":""37b0b666227ba9ca76be1fe7de57d1ef9d3657e4e50e6894f4dc850df5392f55"",""right_sha256"":""3c10d7a6826389f652e7f5d9b479ebefa2017aa74ff1516084fbf05d873b599a"",""overlap_rows"":162,""conflicting_rows"":1,""first_conflict"":""2026-08-18"",""last_conflict"":""2026-08-18"",""warmup_conflicting_sessions"":1}]",H:\workspace\PCSOS\pool_scan_runs\daily_coverage_recovery_20260905_1741\tickers\AKAN.json
ALAR,MIGRATED_ACTIVE_CONTENT_CONFLICT,"[{""year"":2025,""left"":""data\\parquet\\daily\\symbol=ALAR\\year=2025\\589f04230189a853f4585e1f.parquet"",""right"":""data\\parquet\\daily\\symbol=ALAR\\year=2025\\ALAR_2025.parquet"",""left_sha256"":""e10138fdf56b064659c6ad3804ee7d767edd63e94ec56ef37490b495c9abc232"",""right_sha256"":""057cb21c7f1ae3bc49c6d2d9a6d961f3475d2145a7ea2087838d394820565d07"",""overlap_rows"":250,""conflicting_rows"":23,""first_conflict"":""2025-07-16"",""last_conflict"":""2025-12-23"",""warmup_conflicting_sessions"":9},{""year"":2026,""left"":""data\\parquet\\daily\\symbol=ALAR\\year=2026\\5a8cfd1d8e8762df3217d261.parquet"",""right"":""data\\parquet\\daily\\symbol=ALAR\\year=2026\\ALAR_2026.parquet"",""left_sha256"":""dfa9cac7d50d962ff5bac6581c54eed5f6db46f902540b5dddc0d8273e8d87cd"",""right_sha256"":""dfa9cac7d50d962ff5bac6581c54eed5f6db46f902540b5dddc0d8273e8d87cd"",""overlap_rows"":162,""conflicting_rows"":0,""first_conflict"":null,""last_conflict"":null,""warmup_conflicting_sessions"":0}]",H:\workspace\PCSOS\pool_scan_runs\daily_coverage_recovery_20260905_1741\tickers\ALAR.json
ALC,MIGRATED_ACTIVE_CONTENT_CONFLICT,"[{""year"":2025,""left"":""data\\parquet\\daily\\symbol=ALC\\year=2025\\2dd82c826807941b7dafb5ed.parquet"",""right"":""data\\parquet\\daily\\symbol=ALC\\year=2025\\ALC_2025.parquet"",""left_sha256"":""5dd83dcdc080f3d361d3df5e22b6a467b5086ecb1794c68771c049c450f72c4e"",""right_sha256"":""edc6fcbfdd67a8e5e3723514a5bb82408dddfb68cdf9a87c0760a18c13267bad"",""overlap_rows"":250,""conflicting_rows"":56,""first_conflict"":""2025-07-10"",""last_conflict"":""2025-12-31"",""warmup_conflicting_sessions"":16},{""year"":2026,""left"":""data\\parquet\\daily\\symbol=ALC\\year=2026\\96795438f889bcff5dda7160.parquet"",""right"":""data\\parquet\\daily\\symbol=ALC\\year=2026\\ALC_2026.parquet"",""left_sha256"":""b62a3a95888000c367324e895e7fbcbebdc4dc4f261a5884eabd950221e9ea3b"",""right_sha256"":""509b1f31f7d263d91ba36c8374bf8fda4e8820c3d4c9d9c46cddc82d73cf3df1"",""overlap_rows"":167,""conflicting_rows"":49,""first_conflict"":""2026-01-02"",""last_conflict"":""2026-08-14"",""warmup_conflicting_sessions"":49}]",H:\workspace\PCSOS\pool_scan_runs\daily_coverage_recovery_20260905_1741\tickers\ALC.json
ALGM,MIGRATED_ACTIVE_CONTENT_CONFLICT,"[{""year"":2025,""left"":""data\\parquet\\daily\\symbol=ALGM\\year=2025\\68d4d566d61f95a25e9cb39d.parquet"",""right"":""data\\parquet\\daily\\symbol=ALGM\\year=2025\\ALGM_2025.parquet"",""left_sha256"":""e6de8655312c14bd8ff5a08bc519df84874877533bc0747906a73ac01858d800"",""right_sha256"":""bfe928ae5f71f36ebbafb318718d659837fe7395b59b1b2546a48ce071ce3dc3"",""overlap_rows"":250,""conflicting_rows"":22,""first_conflict"":""2025-07-16"",""last_conflict"":""2025-12-23"",""warmup_conflicting_sessions"":8},{""year"":2026,""left"":""data\\parquet\\daily\\symbol=ALGM\\year=2026\\ALGM_2026.parquet"",""right"":""data\\parquet\\daily\\symbol=ALGM\\year=2026\\f5b08b3aad991fe65a967b42.parquet"",""left_sha256"":""d22bdfad01a75ca109ea341bbf3281b431647272c7d044c7c6348a7e869fbc4d"",""right_sha256"":""5fded609e167ed8a55b8643c8f3b0c6336731909339b129369a6c02b31f93699"",""overlap_rows"":167,""conflicting_rows"":40,""first_conflict"":""2026-01-02"",""last_conflict"":""2026-08-13"",""warmup_conflicting_sessions"":40}]",H:\workspace\PCSOS\pool_scan_runs\daily_coverage_recovery_20260905_1741\tickers\ALGM.json
ALGN,MIGRATED_ACTIVE_CONTENT_CONFLICT,"[{""year"":2025,""left"":""data\\parquet\\daily\\symbol=ALGN\\year=2025\\ALGN_2025.parquet"",""right"":""data\\parquet\\daily\\symbol=ALGN\\year=2025\\b166698b6dbeb6f110a1ef76.parquet"",""left_sha256"":""db40139815af39088ae62ee1990a3128af01b65343269a75dfef9751fe9fabbf"",""right_sha256"":""0f1af65af964702bae2e40909462e3e0e3f344b1c91e4e234053e22513d94000"",""overlap_rows"":250,""conflicting_rows"":14,""first_conflict"":""2025-07-10"",""last_conflict"":""2025-12-23"",""warmup_conflicting_sessions"":4},{""year"":2026,""left"":""data\\parquet\\daily\\symbol=ALGN\\year=2026\\7171359ed9b4125cb1ffc9e9.parquet"",""right"":""data\\parquet\\daily\\symbol=ALGN\\year=2026\\ALGN_2026.parquet"",""left_sha256"":""67930c4358906796ee170aa984336148d5580819870016792183ea50e8f66b18"",""right_sha256"":""34a7369cfca6934497e78c2543195a832a13c26ee588f7c867844e50102b3792"",""overlap_rows"":167,""conflicting_rows"":1,""first_conflict"":""2026-08-17"",""last_conflict"":""2026-08-17"",""warmup_conflicting_sessions"":1}]",H:\workspace\PCSOS\pool_scan_runs\daily_coverage_recovery_20260905_1741\tickers\ALGN.json
ALGS,MIGRATED_ACTIVE_CONTENT_CONFLICT,"[{""year"":2025,""left"":""data\\parquet\\daily\\symbol=ALGS\\year=2025\\0440599165f8211ffb282030.parquet"",""right"":""data\\parquet\\daily\\symbol=ALGS\\year=2025\\ALGS_2025.parquet"",""left_sha256"":""42da09f48b55a31ab0b75ab7dd4bcd47a52c3e147db69f7eea2ea797ff653490"",""right_sha256"":""fbb2ba9dff787d107ca6af08a919e833f5f994516aa9704d5cf04cc3aab49a17"",""overlap_rows"":250,""conflicting_rows"":23,""first_conflict"":""2025-07-30"",""last_conflict"":""2025-12-23"",""warmup_conflicting_sessions"":8},{""year"":2026,""left"":""data\\parquet\\daily\\symbol=ALGS\\year=2026\\ALGS_2026.parquet"",""right"":""data\\parquet\\daily\\symbol=ALGS\\year=2026\\f8def7a219cd99bb34b4476b.parquet"",""left_sha256"":""e5262fa484d5d5bc2e2285b7300f95013bce951bbf26073fbbdf9a88b3fc0d69"",""right_sha256"":""e5262fa484d5d5bc2e2285b7300f95013bce951bbf26073fbbdf9a88b3fc0d69"",""overlap_rows"":162,""conflicting_rows"":0,""first_conflict"":null,""last_conflict"":null,""warmup_conflicting_sessions"":0}]",H:\workspace\PCSOS\pool_scan_runs\daily_coverage_recovery_20260905_1741\tickers\ALGS.json
ALGT,MIGRATED_ACTIVE_CONTENT_CONFLICT,"[{""year"":2025,""left"":""data\\parquet\\daily\\symbol=ALGT\\year=2025\\68e7f4463960c4a4e938b02b.parquet"",""right"":""data\\parquet\\daily\\symbol=ALGT\\year=2025\\ALGT_2025.parquet"",""left_sha256"":""be8c48944df81834dd82104e53fb9dbbb41ce08520fa0d63d1beeba270aec021"",""right_sha256"":""7ecde803b284d6c31686c0a4319bfabd48ee78a166533e0570a37ab0c980091d"",""overlap_rows"":250,""conflicting_rows"":19,""first_conflict"":""2025-07-10"",""last_conflict"":""2025-12-23"",""warmup_conflicting_sessions"":3},{""year"":2026,""left"":""data\\parquet\\daily\\symbol=ALGT\\year=2026\\85bac37a27fa8d1d28555538.parquet"",""right"":""data\\parquet\\daily\\symbol=ALGT\\year=2026\\ALGT_2026.parquet"",""left_sha256"":""1a845b18080e289bc7240c3b6b46179ae484ccb5cd082ae8ff55c5b3b81f807f"",""right_sha256"":""df96869a61cad15d1c0c35cdd278eef526e86c0057f475217d2a101ec5caa956"",""overlap_rows"":167,""conflicting_rows"":36,""first_conflict"":""2026-01-02"",""last_conflict"":""2026-08-14"",""warmup_conflicting_sessions"":36}]",H:\workspace\PCSOS\pool_scan_runs\daily_coverage_recovery_20260905_1741\tickers\ALGT.json
ALKT,MIGRATED_ACTIVE_CONTENT_CONFLICT,"[{""year"":2026,""left"":""data\\parquet\\daily\\symbol=ALKT\\year=2026\\9fe5c3f8a7ccf47ed81a59d6.parquet"",""right"":""data\\parquet\\daily\\symbol=ALKT\\year=2026\\ALKT_2026.parquet"",""left_sha256"":""b350ba058ac20d9fd427b87fcf3dce92509235c988347fef00f9dfad39793dca"",""right_sha256"":""6de748df2930d244f057f6ae9ce483ee2da35448ded4e412ca6023102867e597"",""overlap_rows"":167,""conflicting_rows"":38,""first_conflict"":""2026-01-27"",""last_conflict"":""2026-08-13"",""warmup_conflicting_sessions"":38}]",H:\workspace\PCSOS\pool_scan_runs\daily_coverage_recovery_20260905_1741\tickers\ALKT.json
ALLE,MIGRATED_ACTIVE_CONTENT_CONFLICT,"[{""year"":2026,""left"":""data\\parquet\\daily\\symbol=ALLE\\year=2026\\53d90aebf11b1370d539cde9.parquet"",""right"":""data\\parquet\\daily\\symbol=ALLE\\year=2026\\ALLE_2026.parquet"",""left_sha256"":""44904f321813d9d17c94fe39d7c68cb6378114b591d98c2a471e26df97fcec0e"",""right_sha256"":""81c3d7dde661c76c9a7b1f81e17314d6299a7cd16210c014deb62ab6e31409ed"",""overlap_rows"":167,""conflicting_rows"":56,""first_conflict"":""2026-01-02"",""last_conflict"":""2026-08-13"",""warmup_conflicting_sessions"":56}]",H:\workspace\PCSOS\pool_scan_runs\daily_coverage_recovery_20260905_1741\tickers\ALLE.json
ALSN,MIGRATED_ACTIVE_CONTENT_CONFLICT,"[{""year"":2026,""left"":""data\\parquet\\daily\\symbol=ALSN\\year=2026\\7d9096119616f0dd56228acd.parquet"",""right"":""data\\parquet\\daily\\symbol=ALSN\\year=2026\\ALSN_2026.parquet"",""left_sha256"":""0949c5bc261bfabe73fb0b7c7e87a30d2a509332aeb9ea0379a3010f7393047b"",""right_sha256"":""1a09f34cfca00d5d121ea03d9276da8c6b9e553a77d3af054a8fa6a5fcf8cac3"",""overlap_rows"":167,""conflicting_rows"":54,""first_conflict"":""2026-01-02"",""last_conflict"":""2026-08-14"",""warmup_conflicting_sessions"":54}]",H:\workspace\PCSOS\pool_scan_runs\daily_coverage_recovery_20260905_1741\tickers\ALSN.json
AM,MIGRATED_ACTIVE_CONTENT_CONFLICT,"[{""year"":2026,""left"":""data\\parquet\\daily\\symbol=AM\\year=2026\\5e56a0f29a37bd6be9af654a.parquet"",""right"":""data\\parquet\\daily\\symbol=AM\\year=2026\\AM_2026.parquet"",""left_sha256"":""68037279f9069a2ce50992facdf70d9e985871a253be6b7e99e6b92d48bcc010"",""right_sha256"":""5fd9584db5df9a5a886293389de0809db041eba2c58365938fbde26591356c8f"",""overlap_rows"":167,""conflicting_rows"":62,""first_conflict"":""2026-01-02"",""last_conflict"":""2026-08-14"",""warmup_conflicting_sessions"":62}]",H:\workspace\PCSOS\pool_scan_runs\daily_coverage_recovery_20260905_1741\tickers\AM.json
AMAT,MIGRATED_ACTIVE_CONTENT_CONFLICT,"[{""year"":2026,""left"":""data\\parquet\\daily\\symbol=AMAT\\year=2026\\4b798aaea33b4c02f8171143.parquet"",""right"":""data\\parquet\\daily\\symbol=AMAT\\year=2026\\AMAT_2026.parquet"",""left_sha256"":""f6efc49053e2429038cec2950b456b18209fb067b206ed142a319a7d656f9cd8"",""right_sha256"":""05a1fd28315e2bae915d1c3ed201f1f326583f1516fe713b1baf948afd11f850"",""overlap_rows"":167,""conflicting_rows"":59,""first_conflict"":""2026-01-02"",""last_conflict"":""2026-08-13"",""warmup_conflicting_sessions"":59}]",H:\workspace\PCSOS\pool_scan_runs\daily_coverage_recovery_20260905_1741\tickers\AMAT.json
AMBA,MIGRATED_ACTIVE_CONTENT_CONFLICT,"[{""year"":2026,""left"":""data\\parquet\\daily\\symbol=AMBA\\year=2026\\884ccd7cfce4f0400c9fc35f.parquet"",""right"":""data\\parquet\\daily\\symbol=AMBA\\year=2026\\AMBA_2026.parquet"",""left_sha256"":""c537db47bd74e14b8939ab1b118de518aa225cce35f0b9769496ca7c21e99d35"",""right_sha256"":""230d15f6d9f0c0a6d6ca5d6e9f4ace5f8a772b36d2b2aa92f32f1d670d59146a"",""overlap_rows"":166,""conflicting_rows"":42,""first_conflict"":""2026-01-29"",""last_conflict"":""2026-08-18"",""warmup_conflicting_sessions"":42}]",H:\workspace\PCSOS\pool_scan_runs\daily_coverage_recovery_20260905_1741\tickers\AMBA.json
AMC,MIGRATED_ACTIVE_CONTENT_CONFLICT,"[{""year"":2026,""left"":""data\\parquet\\daily\\symbol=AMC\\year=2026\\79923b255715de7b9dabe9f1.parquet"",""right"":""data\\parquet\\daily\\symbol=AMC\\year=2026\\AMC_2026.parquet"",""left_sha256"":""56e9ca5dee8e50ffd0c66f0b20a7b5b356ce819d627604de70bc5a31f6488582"",""right_sha256"":""cc19fbc720d6c1733813691b7fca3db677973c6ca352799b2b8771165ad770bc"",""overlap_rows"":166,""conflicting_rows"":39,""first_conflict"":""2026-02-23"",""last_conflict"":""2026-08-18"",""warmup_conflicting_sessions"":39}]",H:\workspace\PCSOS\pool_scan_runs\daily_coverage_recovery_20260905_1741\tickers\AMC.json
AME,MIGRATED_ACTIVE_CONTENT_CONFLICT,"[{""year"":2026,""left"":""data\\parquet\\daily\\symbol=AME\\year=2026\\AME_2026.parquet"",""right"":""data\\parquet\\daily\\symbol=AME\\year=2026\\f031ed3bb6a7d2c653e98956.parquet"",""left_sha256"":""120a9a8bcc20f54ae007e7a84e23756a40629b52295a044d716cf038db3f6a45"",""right_sha256"":""38b0a6d5e94f923991c3b9e3440be88f703ad7564c10e70616134b70ab44d95a"",""overlap_rows"":167,""conflicting_rows"":56,""first_conflict"":""2026-01-02"",""last_conflict"":""2026-08-14"",""warmup_conflicting_sessions"":56}]",H:\workspace\PCSOS\pool_scan_runs\daily_coverage_recovery_20260905_1741\tickers\AME.json
AMG,MIGRATED_ACTIVE_CONTENT_CONFLICT,"[{""year"":2026,""left"":""data\\parquet\\daily\\symbol=AMG\\year=2026\\8833348707a6632652cfb579.parquet"",""right"":""data\\parquet\\daily\\symbol=AMG\\year=2026\\AMG_2026.parquet"",""left_sha256"":""98c5dddcc00133862d55aee07976e8e3d23108b5f7270942a304720157eedec2"",""right_sha256"":""fd9109efa18374c7fad7c1021bf15911b6df57f739e41feb5fae05006fff46b5"",""overlap_rows"":167,""conflicting_rows"":64,""first_conflict"":""2026-01-02"",""last_conflict"":""2026-08-14"",""warmup_conflicting_sessions"":64}]",H:\workspace\PCSOS\pool_scan_runs\daily_coverage_recovery_20260905_1741\tickers\AMG.json
AMKR,MIGRATED_ACTIVE_CONTENT_CONFLICT,"[{""year"":2026,""left"":""data\\parquet\\daily\\symbol=AMKR\\year=2026\\096c625874f91564b50146da.parquet"",""right"":""data\\parquet\\daily\\symbol=AMKR\\year=2026\\AMKR_2026.parquet"",""left_sha256"":""3015e98e3b7e09ff6d95e80bd1604c2f9ae614d53c3ef884836b0c38670762f3"",""right_sha256"":""712e71a9745637e785907a591935fca7935a334abacc445445a256870f6fd1d7"",""overlap_rows"":167,""conflicting_rows"":57,""first_conflict"":""2026-01-02"",""last_conflict"":""2026-08-14"",""warmup_conflicting_sessions"":57}]",H:\workspace\PCSOS\pool_scan_runs\daily_coverage_recovery_20260905_1741\tickers\AMKR.json
AMP,MIGRATED_ACTIVE_CONTENT_CONFLICT,"[{""year"":2026,""left"":""data\\parquet\\daily\\symbol=AMP\\year=2026\\AMP_2026.parquet"",""right"":""data\\parquet\\daily\\symbol=AMP\\year=2026\\c3aaf824bf891679939b8061.parquet"",""left_sha256"":""4efcad9f7e4b440c521e4a2ed728fc0ff98c6fefe8fb7cd98692b06a3bc4f58a"",""right_sha256"":""a9c9d8ec1f6e61bbc941168d8243b162c33e097c6ba2d0c97f74959ded95257c"",""overlap_rows"":167,""conflicting_rows"":62,""first_conflict"":""2026-01-02"",""last_conflict"":""2026-08-14"",""warmup_conflicting_sessions"":62}]",H:\workspace\PCSOS\pool_scan_runs\daily_coverage_recovery_20260905_1741\tickers\AMP.json
AMPL,MIGRATED_ACTIVE_CONTENT_CONFLICT,"[{""year"":2026,""left"":""data\\parquet\\daily\\symbol=AMPL\\year=2026\\6ee0ddc024b75d72dc385c32.parquet"",""right"":""data\\parquet\\daily\\symbol=AMPL\\year=2026\\AMPL_2026.parquet"",""left_sha256"":""7ab8371ad4986426907b85944532a97ec6c0f857915e81cb8ae93af3770441c8"",""right_sha256"":""bd9f1dae131bc4182eabf56eeb70eddb777260ad7cb384c2c66fb2d3ce5964e6"",""overlap_rows"":167,""conflicting_rows"":44,""first_conflict"":""2026-02-02"",""last_conflict"":""2026-08-13"",""warmup_conflicting_sessions"":44}]",H:\workspace\PCSOS\pool_scan_runs\daily_coverage_recovery_20260905_1741\tickers\AMPL.json
AMPX,MIGRATED_ACTIVE_CONTENT_CONFLICT,"[{""year"":2026,""left"":""data\\parquet\\daily\\symbol=AMPX\\year=2026\\AMPX_2026.parquet"",""right"":""data\\parquet\\daily\\symbol=AMPX\\year=2026\\a7f70bf2827b0eb0cc6996b5.parquet"",""left_sha256"":""1ec962a41b702f618fcab85aa42969b0e0c346691d5e0ed2f4041801066ca274"",""right_sha256"":""f8c8dc6f3ba2881f9d8999f2cf9c03616f5dc9d2f13dcd7ce22af6f00d2618b5"",""overlap_rows"":167,""conflicting_rows"":37,""first_conflict"":""2026-01-02"",""last_conflict"":""2026-08-14"",""warmup_conflicting_sessions"":37}]",H:\workspace\PCSOS\pool_scan_runs\daily_coverage_recovery_20260905_1741\tickers\AMPX.json
AMR,MIGRATED_ACTIVE_CONTENT_CONFLICT,"[{""year"":2026,""left"":""data\\parquet\\daily\\symbol=AMR\\year=2026\\92594652f8fbd3ae30b482d9.parquet"",""right"":""data\\parquet\\daily\\symbol=AMR\\year=2026\\AMR_2026.parquet"",""left_sha256"":""db994dc509508170d997a56a33369d0c6d36ce1aa01224c75440b9d1e68593e1"",""right_sha256"":""be53f1eb021211a33043b3564498d02efc485808b6e19f26e2489b03d9af6395"",""overlap_rows"":167,""conflicting_rows"":47,""first_conflict"":""2026-01-02"",""last_conflict"":""2026-08-14"",""warmup_conflicting_sessions"":47}]",H:\workspace\PCSOS\pool_scan_runs\daily_coverage_recovery_20260905_1741\tickers\AMR.json
AMT,MIGRATED_ACTIVE_CONTENT_CONFLICT,"[{""year"":2026,""left"":""data\\parquet\\daily\\symbol=AMT\\year=2026\\65ee0efa92ad645a495dca02.parquet"",""right"":""data\\parquet\\daily\\symbol=AMT\\year=2026\\AMT_2026.parquet"",""left_sha256"":""61a945d26fdfd1960ef9368c270b48f3cf62ea3bffdbdb367e81ef7dfa46c4e0"",""right_sha256"":""9bb1589275be348afaceffd5592786e474857522c568a9085669d282a8abba3b"",""overlap_rows"":167,""conflicting_rows"":59,""first_conflict"":""2026-01-02"",""last_conflict"":""2026-08-14"",""warmup_conflicting_sessions"":59}]",H:\workspace\PCSOS\pool_scan_runs\daily_coverage_recovery_20260905_1741\tickers\AMT.json
AMWL,MIGRATED_ACTIVE_CONTENT_CONFLICT,"[{""year"":2026,""left"":""data\\parquet\\daily\\symbol=AMWL\\year=2026\\AMWL_2026.parquet"",""right"":""data\\parquet\\daily\\symbol=AMWL\\year=2026\\b30c4ce853b2bd81fd8024fb.parquet"",""left_sha256"":""b7efe86590475069d6caa65fe6042d6904ddebaf76b2cf51b56d9f0d4062c6fc"",""right_sha256"":""d05a6f1c2f232951d5bf4a978211df2781a2c792cea11b7c3b2df28daf59e859"",""overlap_rows"":167,""conflicting_rows"":35,""first_conflict"":""2026-02-09"",""last_conflict"":""2026-08-14"",""warmup_conflicting_sessions"":35}]",H:\workspace\PCSOS\pool_scan_runs\daily_coverage_recovery_20260905_1741\tickers\AMWL.json
AMZU,MIGRATED_ACTIVE_CONTENT_CONFLICT,"[{""year"":2026,""left"":""data\\parquet\\daily\\symbol=AMZU\\year=2026\\3ed2a7f10f31dbdbc6c311ed.parquet"",""right"":""data\\parquet\\daily\\symbol=AMZU\\year=2026\\AMZU_2026.parquet"",""left_sha256"":""feb42f1dfd8ec3a257e5b8a8e91e9a43ed3563fdc39120fb0006e743ffd0e302"",""right_sha256"":""769088824e490355ab3bf79a27635e563b497f212d450517b1c3f95b5f60ecf5"",""overlap_rows"":167,""conflicting_rows"":60,""first_conflict"":""2026-01-02"",""last_conflict"":""2026-08-13"",""warmup_conflicting_sessions"":60}]",H:\workspace\PCSOS\pool_scan_runs\daily_coverage_recovery_20260905_1741\tickers\AMZU.json
AN,MIGRATED_ACTIVE_CONTENT_CONFLICT,"[{""year"":2026,""left"":""data\\parquet\\daily\\symbol=AN\\year=2026\\20f6808f820ee464e6726081.parquet"",""right"":""data\\parquet\\daily\\symbol=AN\\year=2026\\AN_2026.parquet"",""left_sha256"":""ddaac1788d1bfaacc155f1b02dd2995eb071d95341b1d6e2ae1e943c769035f6"",""right_sha256"":""8614e8d5ee7115452fc377c764ed0792bac2af7bdc426f4c5032c8578b4d7504"",""overlap_rows"":167,""conflicting_rows"":36,""first_conflict"":""2026-01-29"",""last_conflict"":""2026-08-13"",""warmup_conflicting_sessions"":36}]",H:\workspace\PCSOS\pool_scan_runs\daily_coverage_recovery_20260905_1741\tickers\AN.json
ANGI,MIGRATED_ACTIVE_CONTENT_CONFLICT,"[{""year"":2026,""left"":""data\\parquet\\daily\\symbol=ANGI\\year=2026\\92e26d2d48f927887fd75606.parquet"",""right"":""data\\parquet\\daily\\symbol=ANGI\\year=2026\\ANGI_2026.parquet"",""left_sha256"":""871d5a8b7f7ddbaafb52484373095803e9dfeb71b918266bea81b2a9311765e3"",""right_sha256"":""4b542769296e1475c147b1c62195f06d2924718f3ca1da905a41448432960e30"",""overlap_rows"":167,""conflicting_rows"":43,""first_conflict"":""2026-01-02"",""last_conflict"":""2026-08-14"",""warmup_conflicting_sessions"":43}]",H:\workspace\PCSOS\pool_scan_runs\daily_coverage_recovery_20260905_1741\tickers\ANGI.json
AON,MIGRATED_ACTIVE_CONTENT_CONFLICT,"[{""year"":2026,""left"":""data\\parquet\\daily\\symbol=AON\\year=2026\\AON_2026.parquet"",""right"":""data\\parquet\\daily\\symbol=AON\\year=2026\\a89bc33ad7ef5a408ded966c.parquet"",""left_sha256"":""06993b8b0f0d7da24bce37cce759b101847591e970afd82aa690cc513d9b032a"",""right_sha256"":""20a3e546bd66ae6b5cdef5038dc76fc78802fd7e356c8bc89f68797d1f1c4f8b"",""overlap_rows"":167,""conflicting_rows"":63,""first_conflict"":""2026-01-02"",""last_conflict"":""2026-08-14"",""warmup_conflicting_sessions"":63}]",H:\workspace\PCSOS\pool_scan_runs\daily_coverage_recovery_20260905_1741\tickers\AON.json
AOS,MIGRATED_ACTIVE_CONTENT_CONFLICT,"[{""year"":2026,""left"":""data\\parquet\\daily\\symbol=AOS\\year=2026\\4e46b8914bd066041337d225.parquet"",""right"":""data\\parquet\\daily\\symbol=AOS\\year=2026\\AOS_2026.parquet"",""left_sha256"":""2225323f4ac519b7cc1a526f227643225b15e608943d47b36bfdb8d7c4ad7645"",""right_sha256"":""7ca171bb42ccdcabc2c07ea0d9d511c19fff248d524e94cda099402665beb417"",""overlap_rows"":167,""conflicting_rows"":62,""first_conflict"":""2026-01-02"",""last_conflict"":""2026-08-13"",""warmup_conflicting_sessions"":62}]",H:\workspace\PCSOS\pool_scan_runs\daily_coverage_recovery_20260905_1741\tickers\AOS.json
APA,MIGRATED_ACTIVE_CONTENT_CONFLICT,"[{""year"":2026,""left"":""data\\parquet\\daily\\symbol=APA\\year=2026\\63bb541b3b19ef0f125fff45.parquet"",""right"":""data\\parquet\\daily\\symbol=APA\\year=2026\\APA_2026.parquet"",""left_sha256"":""244b494586ed6dcb6056748dcd447fad8e457bd95c1a98758ab8bf95282c91d2"",""right_sha256"":""f81439ff8104cfd37d30ddcd3cdfdb34210326dd1a1b97e0c682324ed42ca0fe"",""overlap_rows"":167,""conflicting_rows"":59,""first_conflict"":""2026-01-02"",""last_conflict"":""2026-08-13"",""warmup_conflicting_sessions"":59}]",H:\workspace\PCSOS\pool_scan_runs\daily_coverage_recovery_20260905_1741\tickers\APA.json
APD,MIGRATED_ACTIVE_CONTENT_CONFLICT,"[{""year"":2026,""left"":""data\\parquet\\daily\\symbol=APD\\year=2026\\4dbb27083c6b99cb4c4d12b0.parquet"",""right"":""data\\parquet\\daily\\symbol=APD\\year=2026\\APD_2026.parquet"",""left_sha256"":""2ac8402d8ce7930991c1ce4df2b0839723f5789f15bb73eef70a879451d71319"",""right_sha256"":""05f214d0581f1b6e6eac4618285760a63cf72b3a3ad5c989d63d150c225f5d76"",""overlap_rows"":166,""conflicting_rows"":61,""first_conflict"":""2026-01-02"",""last_conflict"":""2026-08-18"",""warmup_conflicting_sessions"":61}]",H:\workspace\PCSOS\pool_scan_runs\daily_coverage_recovery_20260905_1741\tickers\APD.json
APLD,MIGRATED_ACTIVE_CONTENT_CONFLICT,"[{""year"":2026,""left"":""data\\parquet\\daily\\symbol=APLD\\year=2026\\338d199ef64b2f5dc56c4843.parquet"",""right"":""data\\parquet\\daily\\symbol=APLD\\year=2026\\APLD_2026.parquet"",""left_sha256"":""f3f81177f1d857e6bdb28738b302658a984b4a2796890699ef0ec785aee69570"",""right_sha256"":""078e31c9fb5179cac60a3cfebc856fc0843cd792eeeed56b5afc28f4057fa12a"",""overlap_rows"":167,""conflicting_rows"":44,""first_conflict"":""2026-01-30"",""last_conflict"":""2026-08-14"",""warmup_conflicting_sessions"":44}]",H:\workspace\PCSOS\pool_scan_runs\daily_coverage_recovery_20260905_1741\tickers\APLD.json
APLE,MIGRATED_ACTIVE_CONTENT_CONFLICT,"[{""year"":2026,""left"":""data\\parquet\\daily\\symbol=APLE\\year=2026\\9c235e257d5f2523176a420e.parquet"",""right"":""data\\parquet\\daily\\symbol=APLE\\year=2026\\APLE_2026.parquet"",""left_sha256"":""63d7dfb8d5ccb37616fb6a0e9bb09b3cd14ac51c24d57a4527fc852cd25eeb24"",""right_sha256"":""d84d3f4c629bba85f2b8f40df25579bc3088eee2c0ab013fc9d080029fcfce6a"",""overlap_rows"":167,""conflicting_rows"":63,""first_conflict"":""2026-01-02"",""last_conflict"":""2026-08-14"",""warmup_conflicting_sessions"":63}]",H:\workspace\PCSOS\pool_scan_runs\daily_coverage_recovery_20260905_1741\tickers\APLE.json
APO,MIGRATED_ACTIVE_CONTENT_CONFLICT,"[{""year"":2026,""left"":""data\\parquet\\daily\\symbol=APO\\year=2026\\APO_2026.parquet"",""right"":""data\\parquet\\daily\\symbol=APO\\year=2026\\d2c2602138ae4871de1b1e90.parquet"",""left_sha256"":""67883bfa105e8def713ed22cbd7eb1e4f73d370973d6c2cc13263e13dc97a495"",""right_sha256"":""311cb45fd6791993bdb22caec079b96e55c43f90d792f6f579e0ff92b16f3cb0"",""overlap_rows"":167,""conflicting_rows"":52,""first_conflict"":""2026-01-02"",""last_conflict"":""2026-08-14"",""warmup_conflicting_sessions"":52}]",H:\workspace\PCSOS\pool_scan_runs\daily_coverage_recovery_20260905_1741\tickers\APO.json
APP,MIGRATED_ACTIVE_CONTENT_CONFLICT,"[{""year"":2026,""left"":""data\\parquet\\daily\\symbol=APP\\year=2026\\190b1f1f3dc34b564bdacb80.parquet"",""right"":""data\\parquet\\daily\\symbol=APP\\year=2026\\APP_2026.parquet"",""left_sha256"":""0ca3845c0bdb72b266f24f29343b90a2b585e613ff59bb960c34a7f347834d27"",""right_sha256"":""1c74fb7649cbe3df406adc983c8ed1e568c33e48ce17647aba2edec0e0984e8e"",""overlap_rows"":167,""conflicting_rows"":39,""first_conflict"":""2026-02-05"",""last_conflict"":""2026-08-14"",""warmup_conflicting_sessions"":39}]",H:\workspace\PCSOS\pool_scan_runs\daily_coverage_recovery_20260905_1741\tickers\APP.json
APPF,MIGRATED_ACTIVE_CONTENT_CONFLICT,"[{""year"":2026,""left"":""data\\parquet\\daily\\symbol=APPF\\year=2026\\0211eae38c4582981b432ff6.parquet"",""right"":""data\\parquet\\daily\\symbol=APPF\\year=2026\\APPF_2026.parquet"",""left_sha256"":""6e235f3ce8c732f637416aa05b1a007dcebbf1e38859a27b261f0d55f44e487d"",""right_sha256"":""170bb38bc9114eac2d44166b1f94e78df76d4221c50928c4ae643a1c2d8c634d"",""overlap_rows"":167,""conflicting_rows"":43,""first_conflict"":""2026-01-02"",""last_conflict"":""2026-08-14"",""warmup_conflicting_sessions"":43}]",H:\workspace\PCSOS\pool_scan_runs\daily_coverage_recovery_20260905_1741\tickers\APPF.json
APPS,MIGRATED_ACTIVE_CONTENT_CONFLICT,"[{""year"":2026,""left"":""data\\parquet\\daily\\symbol=APPS\\year=2026\\35cfaa3e5fd3050ef75d7739.parquet"",""right"":""data\\parquet\\daily\\symbol=APPS\\year=2026\\APPS_2026.parquet"",""left_sha256"":""29e116374c555c2ef49554fbc1da01d86762c9ed8221849ac996cc2336dc483e"",""right_sha256"":""30d96ed3ca06825633df020db0356c1a626c9afd1dba9a0007b1a19ae97b38ca"",""overlap_rows"":167,""conflicting_rows"":40,""first_conflict"":""2026-01-29"",""last_conflict"":""2026-08-13"",""warmup_conflicting_sessions"":40}]",H:\workspace\PCSOS\pool_scan_runs\daily_coverage_recovery_20260905_1741\tickers\APPS.json
APTV,MIGRATED_ACTIVE_CONTENT_CONFLICT,"[{""year"":2026,""left"":""data\\parquet\\daily\\symbol=APTV\\year=2026\\APTV_2026.parquet"",""right"":""data\\parquet\\daily\\symbol=APTV\\year=2026\\a3ed464341af9f4478509816.parquet"",""left_sha256"":""f4b5d31b0fb60988f60b9e399354ac0437f4e3539d689060fc1dfec9906ede77"",""right_sha256"":""a26bff8b73e4495eeae6ec37a0d6bf06b243aebb24bb360f6cfe91f048a828c1"",""overlap_rows"":166,""conflicting_rows"":48,""first_conflict"":""2026-01-02"",""last_conflict"":""2026-08-18"",""warmup_conflicting_sessions"":48}]",H:\workspace\PCSOS\pool_scan_runs\daily_coverage_recovery_20260905_1741\tickers\APTV.json
AR,MIGRATED_ACTIVE_CONTENT_CONFLICT,"[{""year"":2026,""left"":""data\\parquet\\daily\\symbol=AR\\year=2026\\98a5455763819a84ddaff397.parquet"",""right"":""data\\parquet\\daily\\symbol=AR\\year=2026\\AR_2026.parquet"",""left_sha256"":""ee0a08e0ed2ccaec81b6a29226d8f47f836ecc15139b574366b9914ded1a6de8"",""right_sha256"":""2cdad70cf9ce2e2fe266e069924db570dce1f8b9fef3371f09abe109365374ee"",""overlap_rows"":167,""conflicting_rows"":47,""first_conflict"":""2026-01-27"",""last_conflict"":""2026-08-14"",""warmup_conflicting_sessions"":47}]",H:\workspace\PCSOS\pool_scan_runs\daily_coverage_recovery_20260905_1741\tickers\AR.json
ARE,MIGRATED_ACTIVE_CONTENT_CONFLICT,"[{""year"":2026,""left"":""data\\parquet\\daily\\symbol=ARE\\year=2026\\673f4f24612e53f84b4b6df3.parquet"",""right"":""data\\parquet\\daily\\symbol=ARE\\year=2026\\ARE_2026.parquet"",""left_sha256"":""3379ced98a286e9c7ba6ca37ac74c4c5b65dfbb1c35e7e65a54df6a335d01790"",""right_sha256"":""a9edda7632ecd865093a9c60a3412515ce13e0209f494513cead12657ce16e6c"",""overlap_rows"":167,""conflicting_rows"":57,""first_conflict"":""2026-01-02"",""last_conflict"":""2026-08-14"",""warmup_conflicting_sessions"":57}]",H:\workspace\PCSOS\pool_scan_runs\daily_coverage_recovery_20260905_1741\tickers\ARE.json
ARES,MIGRATED_ACTIVE_CONTENT_CONFLICT,"[{""year"":2026,""left"":""data\\parquet\\daily\\symbol=ARES\\year=2026\\382f6b1132b6b1608e800878.parquet"",""right"":""data\\parquet\\daily\\symbol=ARES\\year=2026\\ARES_2026.parquet"",""left_sha256"":""f740b61a94dd55d1e253716cc7eabbe8476f74e0b4b6815de5b20b259222cbec"",""right_sha256"":""effe426c6748f62b1c76901d146bdfe4205e12dd0d9ff2536b8680a57f22243d"",""overlap_rows"":167,""conflicting_rows"":56,""first_conflict"":""2026-01-02"",""last_conflict"":""2026-08-14"",""warmup_conflicting_sessions"":56}]",H:\workspace\PCSOS\pool_scan_runs\daily_coverage_recovery_20260905_1741\tickers\ARES.json
ARGX,MIGRATED_ACTIVE_CONTENT_CONFLICT,"[{""year"":2026,""left"":""data\\parquet\\daily\\symbol=ARGX\\year=2026\\6a88291c2b83b0348e5d5bbc.parquet"",""right"":""data\\parquet\\daily\\symbol=ARGX\\year=2026\\ARGX_2026.parquet"",""left_sha256"":""6381ae680923c1f65e9ece3362475aa84b5dba56f13359c15ef687139708a175"",""right_sha256"":""abbaafabab5a4d4a6767a8cf0901a9d2c0f62c039dfb5941338e4e82f724590b"",""overlap_rows"":166,""conflicting_rows"":49,""first_conflict"":""2026-01-30"",""last_conflict"":""2026-08-18"",""warmup_conflicting_sessions"":49}]",H:\workspace\PCSOS\pool_scan_runs\daily_coverage_recovery_20260905_1741\tickers\ARGX.json
ARKK,MIGRATED_ACTIVE_CONTENT_CONFLICT,"[{""year"":2026,""left"":""data\\parquet\\daily\\symbol=ARKK\\year=2026\\02efa0f17d7af5081ab5d4a8.parquet"",""right"":""data\\parquet\\daily\\symbol=ARKK\\year=2026\\ARKK_2026.parquet"",""left_sha256"":""9f11c0a83a556a0f88857e00492e3312734e30ca904ab18cacbf0d2948d3c0de"",""right_sha256"":""c0a874e400d424e51a4dfbdc2c9f507fb05b4e5668be67d183a39e957c6700dc"",""overlap_rows"":167,""conflicting_rows"":36,""first_conflict"":""2026-01-27"",""last_conflict"":""2026-08-14"",""warmup_conflicting_sessions"":36}]",H:\workspace\PCSOS\pool_scan_runs\daily_coverage_recovery_20260905_1741\tickers\ARKK.json
ARKQ,MIGRATED_ACTIVE_CONTENT_CONFLICT,"[{""year"":2026,""left"":""data\\parquet\\daily\\symbol=ARKQ\\year=2026\\ARKQ_2026.parquet"",""right"":""data\\parquet\\daily\\symbol=ARKQ\\year=2026\\cd6863356dfb12329d381413.parquet"",""left_sha256"":""d51e86fae466eb08b0b8bbe2793987e23f7867e2808d2271f9c3bdf3fe55c4d0"",""right_sha256"":""6e9faf65526a04656f698b5ae0be922fb731699cc93628ad28abc804dd389b9d"",""overlap_rows"":167,""conflicting_rows"":34,""first_conflict"":""2026-01-02"",""last_conflict"":""2026-08-13"",""warmup_conflicting_sessions"":34}]",H:\workspace\PCSOS\pool_scan_runs\daily_coverage_recovery_20260905_1741\tickers\ARKQ.json
ARMK,MIGRATED_ACTIVE_CONTENT_CONFLICT,"[{""year"":2026,""left"":""data\\parquet\\daily\\symbol=ARMK\\year=2026\\7a5a578e431bb5e04f337b88.parquet"",""right"":""data\\parquet\\daily\\symbol=ARMK\\year=2026\\ARMK_2026.parquet"",""left_sha256"":""d6ad669c42b6940aced7197c4e781c20ae42fc3adfa1564b02ca19b37fb4898b"",""right_sha256"":""bf61f3e8dce7ada4feb9608b69a1892e337ef8d899c842fb5e17dc28e3930c1d"",""overlap_rows"":167,""conflicting_rows"":60,""first_conflict"":""2026-01-02"",""last_conflict"":""2026-08-14"",""warmup_conflicting_sessions"":60}]",H:\workspace\PCSOS\pool_scan_runs\daily_coverage_recovery_20260905_1741\tickers\ARMK.json
ARQQ,MIGRATED_ACTIVE_CONTENT_CONFLICT,"[{""year"":2026,""left"":""data\\parquet\\daily\\symbol=ARQQ\\year=2026\\3b6b0fad9ab598b68770b669.parquet"",""right"":""data\\parquet\\daily\\symbol=ARQQ\\year=2026\\ARQQ_2026.parquet"",""left_sha256"":""f05d470a158a03dafbbf518c639527cc4a9559dbf6cc808538efb440f515abdf"",""right_sha256"":""784b4332f7bec41b967d69174d793d64eeed459c7f1a46b4d2bb57b0af9709b7"",""overlap_rows"":167,""conflicting_rows"":45,""first_conflict"":""2026-01-02"",""last_conflict"":""2026-08-14"",""warmup_conflicting_sessions"":45}]",H:\workspace\PCSOS\pool_scan_runs\daily_coverage_recovery_20260905_1741\tickers\ARQQ.json
ARRY,MIGRATED_ACTIVE_CONTENT_CONFLICT,"[{""year"":2026,""left"":""data\\parquet\\daily\\symbol=ARRY\\year=2026\\360b72ca1e517375d1a059f6.parquet"",""right"":""data\\parquet\\daily\\symbol=ARRY\\year=2026\\ARRY_2026.parquet"",""left_sha256"":""b6b8bde138d06809f819cd90821d9e1fa1d372ce7f2b44d534fc43c2add5651f"",""right_sha256"":""d5fa3d27c576d8914afc0c3fd8e1e2bec27a8f855db8f155f30214e416951cf9"",""overlap_rows"":167,""conflicting_rows"":46,""first_conflict"":""2026-01-27"",""last_conflict"":""2026-08-14"",""warmup_conflicting_sessions"":46}]",H:\workspace\PCSOS\pool_scan_runs\daily_coverage_recovery_20260905_1741\tickers\ARRY.json
ARW,MIGRATED_ACTIVE_CONTENT_CONFLICT,"[{""year"":2026,""left"":""data\\parquet\\daily\\symbol=ARW\\year=2026\\3a0f8c6628d37baa4d052735.parquet"",""right"":""data\\parquet\\daily\\symbol=ARW\\year=2026\\ARW_2026.parquet"",""left_sha256"":""b7d8d64ca3a9995e778ae627daaa7fde34bf9faa9dc805a5f850a5afcb9e8603"",""right_sha256"":""18acec1d0c185540abab6cf1a33bbb042a3fb1e9aba8aba9fb7461e9a5eb164f"",""overlap_rows"":167,""conflicting_rows"":36,""first_conflict"":""2026-02-09"",""last_conflict"":""2026-08-06"",""warmup_conflicting_sessions"":36}]",H:\workspace\PCSOS\pool_scan_runs\daily_coverage_recovery_20260905_1741\tickers\ARW.json
ASAN,MIGRATED_ACTIVE_CONTENT_CONFLICT,"[{""year"":2026,""left"":""data\\parquet\\daily\\symbol=ASAN\\year=2026\\81342b6dd713750e88509a71.parquet"",""right"":""data\\parquet\\daily\\symbol=ASAN\\year=2026\\ASAN_2026.parquet"",""left_sha256"":""331ebe0d093bc543367c772eddfda55f09eda4f99e48d80729e6c10069bd9bc6"",""right_sha256"":""07ac2891753d9ec31ea8e2fdb96a0353ae855ff65f25b378aa4c9b14c834257d"",""overlap_rows"":167,""conflicting_rows"":48,""first_conflict"":""2026-01-29"",""last_conflict"":""2026-08-14"",""warmup_conflicting_sessions"":48}]",H:\workspace\PCSOS\pool_scan_runs\daily_coverage_recovery_20260905_1741\tickers\ASAN.json
ASHR,MIGRATED_ACTIVE_CONTENT_CONFLICT,"[{""year"":2026,""left"":""data\\parquet\\daily\\symbol=ASHR\\year=2026\\0cf2d822d67ff6984041bdcf.parquet"",""right"":""data\\parquet\\daily\\symbol=ASHR\\year=2026\\ASHR_2026.parquet"",""left_sha256"":""0470153c41aa5ba8d190e5b2eef2502af9711320a7d29bbc87b88c258aebd396"",""right_sha256"":""7fa6d61f470bbbbe748fb226fbba572e7538dc90bebd6a0471ff35b4b316198d"",""overlap_rows"":167,""conflicting_rows"":50,""first_conflict"":""2026-01-27"",""last_conflict"":""2026-08-14"",""warmup_conflicting_sessions"":50}]",H:\workspace\PCSOS\pool_scan_runs\daily_coverage_recovery_20260905_1741\tickers\ASHR.json
ASO,MIGRATED_ACTIVE_CONTENT_CONFLICT,"[{""year"":2026,""left"":""data\\parquet\\daily\\symbol=ASO\\year=2026\\92078836412125f68cc05e4a.parquet"",""right"":""data\\parquet\\daily\\symbol=ASO\\year=2026\\ASO_2026.parquet"",""left_sha256"":""f6163fee9d34a9b49d8b08a6508c5c69d79a756d29c27032f568dc5e669aa875"",""right_sha256"":""c9d9479d308845976f1d416ecff723d6e8a84d06a3c1aef0a2fd2472fc987beb"",""overlap_rows"":167,""conflicting_rows"":59,""first_conflict"":""2026-01-02"",""last_conflict"":""2026-08-14"",""warmup_conflicting_sessions"":59}]",H:\workspace\PCSOS\pool_scan_runs\daily_coverage_recovery_20260905_1741\tickers\ASO.json
ASPI,MIGRATED_ACTIVE_CONTENT_CONFLICT,"[{""year"":2026,""left"":""data\\parquet\\daily\\symbol=ASPI\\year=2026\\759b37a00e2bb83c3666b4ac.parquet"",""right"":""data\\parquet\\daily\\symbol=ASPI\\year=2026\\ASPI_2026.parquet"",""left_sha256"":""2d53dd33901e2b84b015e36da5f19c6974d043c02997e5aa3ae89ed33a2db148"",""right_sha256"":""eb4d3369d48707cf27c65bf7aac8a2ce20e46e9be5540a4adcc807aba0c4f625"",""overlap_rows"":167,""conflicting_rows"":48,""first_conflict"":""2026-01-02"",""last_conflict"":""2026-08-14"",""warmup_conflicting_sessions"":48}]",H:\workspace\PCSOS\pool_scan_runs\daily_coverage_recovery_20260905_1741\tickers\ASPI.json
ASST,MIGRATED_ACTIVE_CONTENT_CONFLICT,"[{""year"":2026,""left"":""data\\parquet\\daily\\symbol=ASST\\year=2026\\7e6ed133423c8ae610a9b061.parquet"",""right"":""data\\parquet\\daily\\symbol=ASST\\year=2026\\ASST_2026.parquet"",""left_sha256"":""b49cd250e85dfb0783073cafb9bc943da7d73b7b75131e98d249df06f4b55c07"",""right_sha256"":""e44cfd5422559c83aae50bb1e7ab8de7ae82871377db25bc41813d561aefc27a"",""overlap_rows"":167,""conflicting_rows"":49,""first_conflict"":""2026-01-02"",""last_conflict"":""2026-08-14"",""warmup_conflicting_sessions"":49}]",H:\workspace\PCSOS\pool_scan_runs\daily_coverage_recovery_20260905_1741\tickers\ASST.json
ASX,MIGRATED_ACTIVE_CONTENT_CONFLICT,"[{""year"":2026,""left"":""data\\parquet\\daily\\symbol=ASX\\year=2026\\3b4bad37cb8768f46f223fcf.parquet"",""right"":""data\\parquet\\daily\\symbol=ASX\\year=2026\\ASX_2026.parquet"",""left_sha256"":""796cb6c5c73d4d4c0c2c4477f8ed5df3997dc7e4990ea30555af89901a69ddd9"",""right_sha256"":""019faf4a6a2fbb9c0dea3890f6d5ac32109e7001fb59f064883efc4fe63ed3f4"",""overlap_rows"":167,""conflicting_rows"":59,""first_conflict"":""2026-01-02"",""last_conflict"":""2026-08-13"",""warmup_conflicting_sessions"":59}]",H:\workspace\PCSOS\pool_scan_runs\daily_coverage_recovery_20260905_1741\tickers\ASX.json
ATAI,MIGRATED_ACTIVE_CONTENT_CONFLICT,"[{""year"":2026,""left"":""data\\parquet\\daily\\symbol=ATAI\\year=2026\\3d264f8c1e4ebbc7c14c2122.parquet"",""right"":""data\\parquet\\daily\\symbol=ATAI\\year=2026\\ATAI_2026.parquet"",""left_sha256"":""5fa063a660494c90354f8a03ed08c26e1bdbeca56f213b6e3f87139240f14685"",""right_sha256"":""b3dcb286801cdf98de039da695e79ac9172590d3362e467ddc8df7090126d5fc"",""overlap_rows"":167,""conflicting_rows"":46,""first_conflict"":""2026-01-29"",""last_conflict"":""2026-08-05"",""warmup_conflicting_sessions"":46}]",H:\workspace\PCSOS\pool_scan_runs\daily_coverage_recovery_20260905_1741\tickers\ATAI.json
ATAT,MIGRATED_ACTIVE_CONTENT_CONFLICT,"[{""year"":2026,""left"":""data\\parquet\\daily\\symbol=ATAT\\year=2026\\95b66a37522fdcbfeb78e2ea.parquet"",""right"":""data\\parquet\\daily\\symbol=ATAT\\year=2026\\ATAT_2026.parquet"",""left_sha256"":""15cd541814620f45dbe14ea6f336d5d15e489d9cc22bfbf40a246f04639c2ed3"",""right_sha256"":""8960894267a769e404fca3c7837a90103a2ace5035de15b24e8d5ab5376ed9e9"",""overlap_rows"":167,""conflicting_rows"":56,""first_conflict"":""2026-01-02"",""last_conflict"":""2026-08-14"",""warmup_conflicting_sessions"":56}]",H:\workspace\PCSOS\pool_scan_runs\daily_coverage_recovery_20260905_1741\tickers\ATAT.json
ATHM,MIGRATED_ACTIVE_CONTENT_CONFLICT,"[{""year"":2026,""left"":""data\\parquet\\daily\\symbol=ATHM\\year=2026\\ATHM_2026.parquet"",""right"":""data\\parquet\\daily\\symbol=ATHM\\year=2026\\bf6843ca574ea7490bb468af.parquet"",""left_sha256"":""34b6b4e2a56801b94d550957d958873b9a6771da5698eb987149db3678719282"",""right_sha256"":""7b1ca8eab790346c40bc3f6115eb0ca2cd6c121a3543dc062819c79e830d0d71"",""overlap_rows"":167,""conflicting_rows"":63,""first_conflict"":""2026-01-02"",""last_conflict"":""2026-08-13"",""warmup_conflicting_sessions"":63}]",H:\workspace\PCSOS\pool_scan_runs\daily_coverage_recovery_20260905_1741\tickers\ATHM.json
ATO,MIGRATED_ACTIVE_CONTENT_CONFLICT,"[{""year"":2026,""left"":""data\\parquet\\daily\\symbol=ATO\\year=2026\\4249dc4e10baf69915948ac3.parquet"",""right"":""data\\parquet\\daily\\symbol=ATO\\year=2026\\ATO_2026.parquet"",""left_sha256"":""a949e8a4254cb98486a12a480c87a783f0ce5dbb2f301c803a3903cd6b9ec19c"",""right_sha256"":""b8419e5dbd60ac076f9c3933cce3500bc626d30e536295fe53505f6ae63a3de6"",""overlap_rows"":167,""conflicting_rows"":56,""first_conflict"":""2026-01-02"",""last_conflict"":""2026-08-14"",""warmup_conflicting_sessions"":56}]",H:\workspace\PCSOS\pool_scan_runs\daily_coverage_recovery_20260905_1741\tickers\ATO.json
ATR,MIGRATED_ACTIVE_CONTENT_CONFLICT,"[{""year"":2026,""left"":""data\\parquet\\daily\\symbol=ATR\\year=2026\\ATR_2026.parquet"",""right"":""data\\parquet\\daily\\symbol=ATR\\year=2026\\c965500f1fd6baa007f50943.parquet"",""left_sha256"":""66bf12facddc24bf18fa28653dc4cb21a5bfd4270751a441672166a5f22c7ab5"",""right_sha256"":""4ce3115ded87677b3756abb6aba0891db393736b290b3f955be764e0a11606ec"",""overlap_rows"":167,""conflicting_rows"":63,""first_conflict"":""2026-01-02"",""last_conflict"":""2026-08-14"",""warmup_conflicting_sessions"":63}]",H:\workspace\PCSOS\pool_scan_runs\daily_coverage_recovery_20260905_1741\tickers\ATR.json
AU,MIGRATED_ACTIVE_CONTENT_CONFLICT,"[{""year"":2026,""left"":""data\\parquet\\daily\\symbol=AU\\year=2026\\00a8b292f1b48c2d345b75dc.parquet"",""right"":""data\\parquet\\daily\\symbol=AU\\year=2026\\AU_2026.parquet"",""left_sha256"":""034744022ed723932b6b58b8b3d919f0c684aefe2213cbd93b0a15a0b6958705"",""right_sha256"":""2729940d78bf74f8df4fe14a27d5d83b0e8c5b5f97b44acea791d5f140e6f2a1"",""overlap_rows"":167,""conflicting_rows"":56,""first_conflict"":""2026-01-02"",""last_conflict"":""2026-08-14"",""warmup_conflicting_sessions"":56}]",H:\workspace\PCSOS\pool_scan_runs\daily_coverage_recovery_20260905_1741\tickers\AU.json
AUR,MIGRATED_ACTIVE_CONTENT_CONFLICT,"[{""year"":2026,""left"":""data\\parquet\\daily\\symbol=AUR\\year=2026\\4ef5964eb612a895da22b37a.parquet"",""right"":""data\\parquet\\daily\\symbol=AUR\\year=2026\\AUR_2026.parquet"",""left_sha256"":""1cabd94d8eb8c9dc61afa93d4252a64f09bdceec53abf96e0524ff8cab79b6cb"",""right_sha256"":""46ad5b08dbbc77c135d7610d6d8233d4b660ff093c691bebc77d3b62b4cbe224"",""overlap_rows"":167,""conflicting_rows"":46,""first_conflict"":""2026-01-29"",""last_conflict"":""2026-08-14"",""warmup_conflicting_sessions"":46}]",H:\workspace\PCSOS\pool_scan_runs\daily_coverage_recovery_20260905_1741\tickers\AUR.json
AVAV,MIGRATED_ACTIVE_CONTENT_CONFLICT,"[{""year"":2026,""left"":""data\\parquet\\daily\\symbol=AVAV\\year=2026\\5043fee77062428450247136.parquet"",""right"":""data\\parquet\\daily\\symbol=AVAV\\year=2026\\AVAV_2026.parquet"",""left_sha256"":""43163ad178f05f8b2bf4710b2d76b8a615bf4826cffcba0f98c3f1853eb0a8e8"",""right_sha256"":""bbc2d569119a54fbeb6dace6c3c519c198851c084b588a3427d4e98b03098672"",""overlap_rows"":167,""conflicting_rows"":37,""first_conflict"":""2026-02-05"",""last_conflict"":""2026-08-14"",""warmup_conflicting_sessions"":37}]",H:\workspace\PCSOS\pool_scan_runs\daily_coverage_recovery_20260905_1741\tickers\AVAV.json
AVT,MIGRATED_ACTIVE_CONTENT_CONFLICT,"[{""year"":2026,""left"":""data\\parquet\\daily\\symbol=AVT\\year=2026\\1ed9ce3252ac7f7b19a2c18e.parquet"",""right"":""data\\parquet\\daily\\symbol=AVT\\year=2026\\AVT_2026.parquet"",""left_sha256"":""e7e8f4216aa32a98045e4f8fde6c3b9abf8c151ed4224a1357abc1d15eb18d21"",""right_sha256"":""be5f60ce8250b3c1ceb0a628e996858715da51709bec175bdfbcf3b285765133"",""overlap_rows"":167,""conflicting_rows"":57,""first_conflict"":""2026-01-02"",""last_conflict"":""2026-08-14"",""warmup_conflicting_sessions"":57}]",H:\workspace\PCSOS\pool_scan_runs\daily_coverage_recovery_20260905_1741\tickers\AVT.json
AVTR,MIGRATED_ACTIVE_CONTENT_CONFLICT,"[{""year"":2026,""left"":""data\\parquet\\daily\\symbol=AVTR\\year=2026\\632b22b35436a633c31ab502.parquet"",""right"":""data\\parquet\\daily\\symbol=AVTR\\year=2026\\AVTR_2026.parquet"",""left_sha256"":""2269513a089f6dd14dc6ba09cf20ebe3e2f987d4e96a6aaa64fffe3bd7c24360"",""right_sha256"":""afad6c13b33f6c8a3b6b07c67393a592cb4de056b365e9247c05f5096e92320f"",""overlap_rows"":167,""conflicting_rows"":44,""first_conflict"":""2026-02-02"",""last_conflict"":""2026-08-14"",""warmup_conflicting_sessions"":44}]",H:\workspace\PCSOS\pool_scan_runs\daily_coverage_recovery_20260905_1741\tickers\AVTR.json
AX,MIGRATED_ACTIVE_CONTENT_CONFLICT,"[{""year"":2026,""left"":""data\\parquet\\daily\\symbol=AX\\year=2026\\9929c58ab6af8b1e17f3a41d.parquet"",""right"":""data\\parquet\\daily\\symbol=AX\\year=2026\\AX_2026.parquet"",""left_sha256"":""1f043a16447df6cc6c3aa621f795d4d2e4b2d2f7eb6c2d547533bc3e7c127459"",""right_sha256"":""da9002cb745c028028b38f6d84241e04c38c6051ef0fa15abdf19e92d4b973a0"",""overlap_rows"":167,""conflicting_rows"":33,""first_conflict"":""2026-02-06"",""last_conflict"":""2026-08-13"",""warmup_conflicting_sessions"":33}]",H:\workspace\PCSOS\pool_scan_runs\daily_coverage_recovery_20260905_1741\tickers\AX.json
AXON,MIGRATED_ACTIVE_CONTENT_CONFLICT,"[{""year"":2026,""left"":""data\\parquet\\daily\\symbol=AXON\\year=2026\\AXON_2026.parquet"",""right"":""data\\parquet\\daily\\symbol=AXON\\year=2026\\e028c1715474954a908334e2.parquet"",""left_sha256"":""aff66f67eb28e7ce887757f5eeaeb1b36a8fb630c4837327dab4f5a41c95c702"",""right_sha256"":""796c51ff2dcab55bda3014c54729030b087efaf474fa4dcb5e09298456f8d393"",""overlap_rows"":167,""conflicting_rows"":35,""first_conflict"":""2026-02-09"",""last_conflict"":""2026-08-14"",""warmup_conflicting_sessions"":35}]",H:\workspace\PCSOS\pool_scan_runs\daily_coverage_recovery_20260905_1741\tickers\AXON.json
AXS,MIGRATED_ACTIVE_CONTENT_CONFLICT,"[{""year"":2026,""left"":""data\\parquet\\daily\\symbol=AXS\\year=2026\\AXS_2026.parquet"",""right"":""data\\parquet\\daily\\symbol=AXS\\year=2026\\ca0fa5f6efda87963e344425.parquet"",""left_sha256"":""547c1b4b9c2e3ca1da7acdf3f9bfd3839527cf78a757f4dad841157c2c191179"",""right_sha256"":""b4e2b8dbd571b486ef27fc97069853b027d8fa4f1466f1117145427bef24c7b5"",""overlap_rows"":166,""conflicting_rows"":62,""first_conflict"":""2026-01-02"",""last_conflict"":""2026-08-18"",""warmup_conflicting_sessions"":62}]",H:\workspace\PCSOS\pool_scan_runs\daily_coverage_recovery_20260905_1741\tickers\AXS.json
AXSM,MIGRATED_ACTIVE_CONTENT_CONFLICT,"[{""year"":2026,""left"":""data\\parquet\\daily\\symbol=AXSM\\year=2026\\AXSM_2026.parquet"",""right"":""data\\parquet\\daily\\symbol=AXSM\\year=2026\\cf0cf55d61c8a0d1e4598cdc.parquet"",""left_sha256"":""1b3e54702a1b295d9c29358c2348ee0e4383bd5d15e7e345d44ed0883ef103b9"",""right_sha256"":""fd8daeb0b310b51a898019a1d668d64a983ea05ab50fbb314643310c363f676c"",""overlap_rows"":167,""conflicting_rows"":43,""first_conflict"":""2026-01-29"",""last_conflict"":""2026-08-06"",""warmup_conflicting_sessions"":43}]",H:\workspace\PCSOS\pool_scan_runs\daily_coverage_recovery_20260905_1741\tickers\AXSM.json
AXTI,MIGRATED_ACTIVE_CONTENT_CONFLICT,"[{""year"":2026,""left"":""data\\parquet\\daily\\symbol=AXTI\\year=2026\\59fd68f8f1a3b6ed2ef0c603.parquet"",""right"":""data\\parquet\\daily\\symbol=AXTI\\year=2026\\AXTI_2026.parquet"",""left_sha256"":""b2967498ffa2ef6b50bb6cf80a048bdf810fcfdf31935230344484aa097d03e0"",""right_sha256"":""d7aeaf3f031c718d694d0e6ed039d1eae5c615c1f8fc50c878da9d0ec8ad7ee3"",""overlap_rows"":167,""conflicting_rows"":37,""first_conflict"":""2026-02-02"",""last_conflict"":""2026-08-13"",""warmup_conflicting_sessions"":37}]",H:\workspace\PCSOS\pool_scan_runs\daily_coverage_recovery_20260905_1741\tickers\AXTI.json
AYI,MIGRATED_ACTIVE_CONTENT_CONFLICT,"[{""year"":2026,""left"":""data\\parquet\\daily\\symbol=AYI\\year=2026\\AYI_2026.parquet"",""right"":""data\\parquet\\daily\\symbol=AYI\\year=2026\\bb4dfb8b2a912f9ae6f5c422.parquet"",""left_sha256"":""df5301dde64c5eac5bc9689a3e479514f5bfcd31c5c305fe146d4c242a990737"",""right_sha256"":""ae3f785c846476abd0055b7558c394710e2cb207feba62a34a7c578c05f43490"",""overlap_rows"":167,""conflicting_rows"":61,""first_conflict"":""2026-01-02"",""last_conflict"":""2026-08-14"",""warmup_conflicting_sessions"":61}]",H:\workspace\PCSOS\pool_scan_runs\daily_coverage_recovery_20260905_1741\tickers\AYI.json
AZO,MIGRATED_ACTIVE_CONTENT_CONFLICT,"[{""year"":2026,""left"":""data\\parquet\\daily\\symbol=AZO\\year=2026\\AZO_2026.parquet"",""right"":""data\\parquet\\daily\\symbol=AZO\\year=2026\\f7a1ad280494332d4064a35f.parquet"",""left_sha256"":""33712f4882fb23611074dc8cd58099d79689375202d51cc01806fd611e304e39"",""right_sha256"":""37789d467653bf8eafb7f8788e3bd7663adb171f0591d0cf6aa61a2eac542b02"",""overlap_rows"":167,""conflicting_rows"":30,""first_conflict"":""2026-02-05"",""last_conflict"":""2026-08-14"",""warmup_conflicting_sessions"":30}]",H:\workspace\PCSOS\pool_scan_runs\daily_coverage_recovery_20260905_1741\tickers\AZO.json
B,MIGRATED_ACTIVE_CONTENT_CONFLICT,"[{""year"":2026,""left"":""data\\parquet\\daily\\symbol=B\\year=2026\\B_2026.parquet"",""right"":""data\\parquet\\daily\\symbol=B\\year=2026\\e58b43d550309a13e9cf113f.parquet"",""left_sha256"":""490f56a6322dbccdd87af2982791b0beb660df264aef4d45b39b56a10347719a"",""right_sha256"":""99068af13497bb89e0711a03e55c7ef2bd4fccb86bafd53ce55758dc67a9e0e1"",""overlap_rows"":167,""conflicting_rows"":59,""first_conflict"":""2026-01-02"",""last_conflict"":""2026-08-14"",""warmup_conflicting_sessions"":59}]",H:\workspace\PCSOS\pool_scan_runs\daily_coverage_recovery_20260905_1741\tickers\B.json
BABX,MIGRATED_ACTIVE_CONTENT_CONFLICT,"[{""year"":2026,""left"":""data\\parquet\\daily\\symbol=BABX\\year=2026\\87a834b6bb05c5e4335208f2.parquet"",""right"":""data\\parquet\\daily\\symbol=BABX\\year=2026\\BABX_2026.parquet"",""left_sha256"":""8245767611e360057096d9b407def17a3d80ddd35cb011fb910f3da0853082cc"",""right_sha256"":""1641c702dc4d619c32b7854a42b96a855da4af02365ba3faa26acda54440d737"",""overlap_rows"":167,""conflicting_rows"":37,""first_conflict"":""2026-02-02"",""last_conflict"":""2026-08-14"",""warmup_conflicting_sessions"":37}]",H:\workspace\PCSOS\pool_scan_runs\daily_coverage_recovery_20260905_1741\tickers\BABX.json
BALL,MIGRATED_ACTIVE_CONTENT_CONFLICT,"[{""year"":2026,""left"":""data\\parquet\\daily\\symbol=BALL\\year=2026\\BALL_2026.parquet"",""right"":""data\\parquet\\daily\\symbol=BALL\\year=2026\\ca1d62b6c620a4ff6f93a23b.parquet"",""left_sha256"":""6386871f6d74e4dd36459ab11fbe158570c617598c93abdff6c35a5904d86e23"",""right_sha256"":""b0ddc97f892bf4fd8fa932ad44138da9ed4721afa5d2be5be7c13bbf4ea4e76a"",""overlap_rows"":167,""conflicting_rows"":57,""first_conflict"":""2026-01-02"",""last_conflict"":""2026-08-14"",""warmup_conflicting_sessions"":57}]",H:\workspace\PCSOS\pool_scan_runs\daily_coverage_recovery_20260905_1741\tickers\BALL.json
BAM,MIGRATED_ACTIVE_CONTENT_CONFLICT,"[{""year"":2026,""left"":""data\\parquet\\daily\\symbol=BAM\\year=2026\\81c1386b80bf6bb92be8194e.parquet"",""right"":""data\\parquet\\daily\\symbol=BAM\\year=2026\\BAM_2026.parquet"",""left_sha256"":""7b4772e75dda863ce10285b50ff586dfc0af34973e6da499b62dd0c2422dba52"",""right_sha256"":""96b63ed1905ef256b872ccfaf2ba7479918eccb5cfb56e2decacbcf75560f76e"",""overlap_rows"":167,""conflicting_rows"":54,""first_conflict"":""2026-01-02"",""last_conflict"":""2026-08-14"",""warmup_conflicting_sessions"":54}]",H:\workspace\PCSOS\pool_scan_runs\daily_coverage_recovery_20260905_1741\tickers\BAM.json
BANC,MIGRATED_ACTIVE_CONTENT_CONFLICT,"[{""year"":2026,""left"":""data\\parquet\\daily\\symbol=BANC\\year=2026\\0ee9680865e51ffcde341244.parquet"",""right"":""data\\parquet\\daily\\symbol=BANC\\year=2026\\BANC_2026.parquet"",""left_sha256"":""96aecd2d00d6e52eb0ecb5148d88710ec932f7de5e8f08f8732bce39ee3908dd"",""right_sha256"":""d4dcad038b4517330dea8755d81def0bc441b8662de8aed46fb4a08e3c577482"",""overlap_rows"":167,""conflicting_rows"":61,""first_conflict"":""2026-01-02"",""last_conflict"":""2026-08-14"",""warmup_conflicting_sessions"":61}]",H:\workspace\PCSOS\pool_scan_runs\daily_coverage_recovery_20260905_1741\tickers\BANC.json
BAND,MIGRATED_ACTIVE_CONTENT_CONFLICT,"[{""year"":2026,""left"":""data\\parquet\\daily\\symbol=BAND\\year=2026\\BAND_2026.parquet"",""right"":""data\\parquet\\daily\\symbol=BAND\\year=2026\\f33ebf11edb7b9a8cc127b96.parquet"",""left_sha256"":""5fc2c3f97de15d20c9c48923840754b9137875e8aacef906dd675a2e46568935"",""right_sha256"":""9c0e3ff05f8a6d1e900beb747c96f2bc40bc4533a1d39edf80914f15efe611ae"",""overlap_rows"":167,""conflicting_rows"":43,""first_conflict"":""2026-01-02"",""last_conflict"":""2026-08-14"",""warmup_conflicting_sessions"":43}]",H:\workspace\PCSOS\pool_scan_runs\daily_coverage_recovery_20260905_1741\tickers\BAND.json
BAP,MIGRATED_ACTIVE_CONTENT_CONFLICT,"[{""year"":2026,""left"":""data\\parquet\\daily\\symbol=BAP\\year=2026\\BAP_2026.parquet"",""right"":""data\\parquet\\daily\\symbol=BAP\\year=2026\\af011a271223505d207ba710.parquet"",""left_sha256"":""dfcf715848010ddc6880a9d80279fd9408e648afb6b61d05c607b70606729c75"",""right_sha256"":""2e64e1e1167183e7e09f062619fe32d9eab5ed65dd9bb3350c949aa00c8abc88"",""overlap_rows"":167,""conflicting_rows"":52,""first_conflict"":""2026-01-02"",""last_conflict"":""2026-08-14"",""warmup_conflicting_sessions"":52}]",H:\workspace\PCSOS\pool_scan_runs\daily_coverage_recovery_20260905_1741\tickers\BAP.json
BB,MIGRATED_ACTIVE_CONTENT_CONFLICT,"[{""year"":2026,""left"":""data\\parquet\\daily\\symbol=BB\\year=2026\\77983056a0506f682052ead9.parquet"",""right"":""data\\parquet\\daily\\symbol=BB\\year=2026\\BB_2026.parquet"",""left_sha256"":""66a213d01ee3b64f62f5cae56b764268961cae520117d9e1e67cad2f349861dd"",""right_sha256"":""25487f4050baeeb1c9a04be162c15639b25238e82cbe0d2b3852ae2dbaee1bce"",""overlap_rows"":167,""conflicting_rows"":42,""first_conflict"":""2026-01-27"",""last_conflict"":""2026-08-13"",""warmup_conflicting_sessions"":42}]",H:\workspace\PCSOS\pool_scan_runs\daily_coverage_recovery_20260905_1741\tickers\BB.json
BBAI,MIGRATED_ACTIVE_CONTENT_CONFLICT,"[{""year"":2026,""left"":""data\\parquet\\daily\\symbol=BBAI\\year=2026\\08f168d9114698fdd18dc49e.parquet"",""right"":""data\\parquet\\daily\\symbol=BBAI\\year=2026\\BBAI_2026.parquet"",""left_sha256"":""a12ba61492f8afae2ff42a91a8906a174c7fae89e80c998dcf42d20dfc09f116"",""right_sha256"":""c5f6ff75f8e1e2d0b8421759edc1c594db8281a506e78587592185a5fafba9f0"",""overlap_rows"":167,""conflicting_rows"":34,""first_conflict"":""2026-01-30"",""last_conflict"":""2026-08-06"",""warmup_conflicting_sessions"":34}]",H:\workspace\PCSOS\pool_scan_runs\daily_coverage_recovery_20260905_1741\tickers\BBAI.json
BBIO,MIGRATED_ACTIVE_CONTENT_CONFLICT,"[{""year"":2026,""left"":""data\\parquet\\daily\\symbol=BBIO\\year=2026\\BBIO_2026.parquet"",""right"":""data\\parquet\\daily\\symbol=BBIO\\year=2026\\df4d954780034e89fb8c5674.parquet"",""left_sha256"":""5cc75c408a51c2eb9b301ba58acf17a3d64d994956a71c69dbac4d880e537870"",""right_sha256"":""8be352deab5959d19c6f37dafdcaa45da234422ff4bd589fdf50b8a2d4f6bce1"",""overlap_rows"":167,""conflicting_rows"":46,""first_conflict"":""2026-01-02"",""last_conflict"":""2026-08-14"",""warmup_conflicting_sessions"":46}]",H:\workspace\PCSOS\pool_scan_runs\daily_coverage_recovery_20260905_1741\tickers\BBIO.json
BBWI,MIGRATED_ACTIVE_CONTENT_CONFLICT,"[{""year"":2026,""left"":""data\\parquet\\daily\\symbol=BBWI\\year=2026\\BBWI_2026.parquet"",""right"":""data\\parquet\\daily\\symbol=BBWI\\year=2026\\c2839596e6101b7f9af47a0c.parquet"",""left_sha256"":""1e2d6c65c2ed33eddfc7f41f952482cc3db3f40492116829c3c20e8f3c3afa92"",""right_sha256"":""5a47945e78e444f3283a3b4ec6fe90a1c647dff6c16baf08ef86724d4da9fdac"",""overlap_rows"":167,""conflicting_rows"":58,""first_conflict"":""2026-01-02"",""last_conflict"":""2026-08-13"",""warmup_conflicting_sessions"":58}]",H:\workspace\PCSOS\pool_scan_runs\daily_coverage_recovery_20260905_1741\tickers\BBWI.json
BCO,MIGRATED_ACTIVE_CONTENT_CONFLICT,"[{""year"":2026,""left"":""data\\parquet\\daily\\symbol=BCO\\year=2026\\63eea1a4697ca9fe92a4075c.parquet"",""right"":""data\\parquet\\daily\\symbol=BCO\\year=2026\\BCO_2026.parquet"",""left_sha256"":""5c77d6bc85bbc0acf3853034299a7e2f5ff9176f90e44b13e32202b435b88ded"",""right_sha256"":""e0d195c400d361fbf2192777eed4d95f9d671d6933258819afd76a0fe2d25958"",""overlap_rows"":167,""conflicting_rows"":59,""first_conflict"":""2026-01-02"",""last_conflict"":""2026-08-13"",""warmup_conflicting_sessions"":59}]",H:\workspace\PCSOS\pool_scan_runs\daily_coverage_recovery_20260905_1741\tickers\BCO.json
BDC,MIGRATED_ACTIVE_CONTENT_CONFLICT,"[{""year"":2026,""left"":""data\\parquet\\daily\\symbol=BDC\\year=2026\\625020c2f46647a2926d5a99.parquet"",""right"":""data\\parquet\\daily\\symbol=BDC\\year=2026\\BDC_2026.parquet"",""left_sha256"":""f307c7fe5965ef47a45e261ef9c129ac82fa22b7f55c86bc12b1cef03259c4d7"",""right_sha256"":""ceb60155e4da763c7f29b3ac2762c93796b232296c62eea566c71f11fef5daef"",""overlap_rows"":167,""conflicting_rows"":57,""first_conflict"":""2026-01-02"",""last_conflict"":""2026-08-14"",""warmup_conflicting_sessions"":57}]",H:\workspace\PCSOS\pool_scan_runs\daily_coverage_recovery_20260905_1741\tickers\BDC.json
BDX,MIGRATED_ACTIVE_CONTENT_CONFLICT,"[{""year"":2026,""left"":""data\\parquet\\daily\\symbol=BDX\\year=2026\\BDX_2026.parquet"",""right"":""data\\parquet\\daily\\symbol=BDX\\year=2026\\a30a29518565aa39c9b23da0.parquet"",""left_sha256"":""70e9757f384fe06fdf59a854f1770098536eb4728d3dea970768ee707f0713a7"",""right_sha256"":""187a949308175558dc8b19fd75246a8dca844aa97872f2991dffff4496da796e"",""overlap_rows"":166,""conflicting_rows"":57,""first_conflict"":""2026-01-02"",""last_conflict"":""2026-08-18"",""warmup_conflicting_sessions"":57}]",H:\workspace\PCSOS\pool_scan_runs\daily_coverage_recovery_20260905_1741\tickers\BDX.json
BE,MIGRATED_ACTIVE_CONTENT_CONFLICT,"[{""year"":2026,""left"":""data\\parquet\\daily\\symbol=BE\\year=2026\\BE_2026.parquet"",""right"":""data\\parquet\\daily\\symbol=BE\\year=2026\\c5ffda27d6bd595ca9ec89f1.parquet"",""left_sha256"":""d9ab58a5b6bea26bf483a70c14a7089c808e40e89c659f9cbf9457ea83b2f8c9"",""right_sha256"":""bd5aa3c87878b8ec444335f7b88daec002bd1a64b24a4ebc14916d129442f5c4"",""overlap_rows"":167,""conflicting_rows"":33,""first_conflict"":""2026-02-23"",""last_conflict"":""2026-08-14"",""warmup_conflicting_sessions"":33}]",H:\workspace\PCSOS\pool_scan_runs\daily_coverage_recovery_20260905_1741\tickers\BE.json
BEAM,MIGRATED_ACTIVE_CONTENT_CONFLICT,"[{""year"":2026,""left"":""data\\parquet\\daily\\symbol=BEAM\\year=2026\\BEAM_2026.parquet"",""right"":""data\\parquet\\daily\\symbol=BEAM\\year=2026\\bf13ccc59f9145d6ec1c9dbb.parquet"",""left_sha256"":""7c0d33b74a10e99656aa0ea3c210075b1866408e939a19e6cf414754d3baf61a"",""right_sha256"":""984d8410c07c8fb668cf7ede25ffdf2c48a50f4fe315f9bbad083ac7c6a477a8"",""overlap_rows"":167,""conflicting_rows"":43,""first_conflict"":""2026-01-29"",""last_conflict"":""2026-08-13"",""warmup_conflicting_sessions"":43}]",H:\workspace\PCSOS\pool_scan_runs\daily_coverage_recovery_20260905_1741\tickers\BEAM.json
BEN,MIGRATED_ACTIVE_CONTENT_CONFLICT,"[{""year"":2026,""left"":""data\\parquet\\daily\\symbol=BEN\\year=2026\\BEN_2026.parquet"",""right"":""data\\parquet\\daily\\symbol=BEN\\year=2026\\eb8bc6e1dc8285193d2d5c71.parquet"",""left_sha256"":""57cb9fb19d5ef8190e29d93f9a434db2b03e07ff308604dcc1495c7ce105f931"",""right_sha256"":""029090336ee9e98cdaa0fb240880c96a421f8b9a9f9aea7a96962cecb7f12be5"",""overlap_rows"":167,""conflicting_rows"":58,""first_conflict"":""2026-01-02"",""last_conflict"":""2026-08-14"",""warmup_conflicting_sessions"":58}]",H:\workspace\PCSOS\pool_scan_runs\daily_coverage_recovery_20260905_1741\tickers\BEN.json
BETR,MIGRATED_ACTIVE_CONTENT_CONFLICT,"[{""year"":2026,""left"":""data\\parquet\\daily\\symbol=BETR\\year=2026\\1cd8f3c99897d67b70ba77aa.parquet"",""right"":""data\\parquet\\daily\\symbol=BETR\\year=2026\\BETR_2026.parquet"",""left_sha256"":""c529e3f3b03abbf6ad33d94668119e3d31fa248d4b3f2e5fda0f96a0b8ec6334"",""right_sha256"":""ef56d62d64df4aaddfa2f4e513931f5f025d6d181f6c667cba5722626cbb0b1d"",""overlap_rows"":167,""conflicting_rows"":37,""first_conflict"":""2026-01-02"",""last_conflict"":""2026-08-13"",""warmup_conflicting_sessions"":37}]",H:\workspace\PCSOS\pool_scan_runs\daily_coverage_recovery_20260905_1741\tickers\BETR.json
BFH,MIGRATED_ACTIVE_CONTENT_CONFLICT,"[{""year"":2026,""left"":""data\\parquet\\daily\\symbol=BFH\\year=2026\\9a157e063117f1b36dd41c67.parquet"",""right"":""data\\parquet\\daily\\symbol=BFH\\year=2026\\BFH_2026.parquet"",""left_sha256"":""b21615d8c5b8364593e74353aaace8ce63bb7dea7494ab071fe37193d8aabdb7"",""right_sha256"":""c4339dcd3a668ae0ab31d6fa5feb7eed4dde8e4ba3ccca5a4e101eb4b056c5ee"",""overlap_rows"":167,""conflicting_rows"":56,""first_conflict"":""2026-01-02"",""last_conflict"":""2026-08-14"",""warmup_conflicting_sessions"":56}]",H:\workspace\PCSOS\pool_scan_runs\daily_coverage_recovery_20260905_1741\tickers\BFH.json
BFLY,MIGRATED_ACTIVE_CONTENT_CONFLICT,"[{""year"":2026,""left"":""data\\parquet\\daily\\symbol=BFLY\\year=2026\\055c77734a7f861864fd65d8.parquet"",""right"":""data\\parquet\\daily\\symbol=BFLY\\year=2026\\BFLY_2026.parquet"",""left_sha256"":""019deec7d442cb25443b66d7ef27462331aa0aad3b11189655c7e3816493d29b"",""right_sha256"":""8bc4af4f949c754799366407bf3d49fca65ec3463938678fb1cfe519288c638e"",""overlap_rows"":167,""conflicting_rows"":42,""first_conflict"":""2026-01-02"",""last_conflict"":""2026-08-14"",""warmup_conflicting_sessions"":42}]",H:\workspace\PCSOS\pool_scan_runs\daily_coverage_recovery_20260905_1741\tickers\BFLY.json
BG,MIGRATED_ACTIVE_CONTENT_CONFLICT,"[{""year"":2026,""left"":""data\\parquet\\daily\\symbol=BG\\year=2026\\2cd67b2c4094c9144b94d32e.parquet"",""right"":""data\\parquet\\daily\\symbol=BG\\year=2026\\BG_2026.parquet"",""left_sha256"":""e0f0886240963580751b76104c915485a93534baf6ac38898679eb494823159a"",""right_sha256"":""ecc5baea44f5d9280130f330337304547537c8efe5e617f50d55a85ea56cac68"",""overlap_rows"":167,""conflicting_rows"":57,""first_conflict"":""2026-01-02"",""last_conflict"":""2026-08-14"",""warmup_conflicting_sessions"":57}]",H:\workspace\PCSOS\pool_scan_runs\daily_coverage_recovery_20260905_1741\tickers\BG.json
BHVN,MIGRATED_ACTIVE_CONTENT_CONFLICT,"[{""year"":2026,""left"":""data\\parquet\\daily\\symbol=BHVN\\year=2026\\BHVN_2026.parquet"",""right"":""data\\parquet\\daily\\symbol=BHVN\\year=2026\\aaf2035d086bc596539dfbdb.parquet"",""left_sha256"":""8d21a731aa3487ddde6dce5777c7959edc8b1b73625c8ad499fc4352649818ee"",""right_sha256"":""ef3049e2dea130f2327aca03bf7941b3ecd1da8fea748c010455f4dafaade791"",""overlap_rows"":167,""conflicting_rows"":37,""first_conflict"":""2026-01-29"",""last_conflict"":""2026-08-14"",""warmup_conflicting_sessions"":37}]",H:\workspace\PCSOS\pool_scan_runs\daily_coverage_recovery_20260905_1741\tickers\BHVN.json
BIDU,MIGRATED_ACTIVE_CONTENT_CONFLICT,"[{""year"":2026,""left"":""data\\parquet\\daily\\symbol=BIDU\\year=2026\\BIDU_2026.parquet"",""right"":""data\\parquet\\daily\\symbol=BIDU\\year=2026\\b94a2e7599aca6050e70a89c.parquet"",""left_sha256"":""0183587aee909c7e71bef2877548ee7f4b8a9ae883df3f928e95db0b7b4aeddb"",""right_sha256"":""04301ee1990cc09b3d5411a7f00b98b57f488a4830e11e7263c4c572e6497981"",""overlap_rows"":167,""conflicting_rows"":32,""first_conflict"":""2026-02-23"",""last_conflict"":""2026-08-13"",""warmup_conflicting_sessions"":32}]",H:\workspace\PCSOS\pool_scan_runs\daily_coverage_recovery_20260905_1741\tickers\BIDU.json
BIIB,MIGRATED_ACTIVE_CONTENT_CONFLICT,"[{""year"":2026,""left"":""data\\parquet\\daily\\symbol=BIIB\\year=2026\\6dca14e62befa92a45d09e5e.parquet"",""right"":""data\\parquet\\daily\\symbol=BIIB\\year=2026\\BIIB_2026.parquet"",""left_sha256"":""899c85bf483974b471185bd3389389df4caded2e229b4ee9af3bc0661a0f1650"",""right_sha256"":""3673fa4c98afc29d528214103bf3eb954ba799857f5ed2268cec30340b94dfd2"",""overlap_rows"":167,""conflicting_rows"":30,""first_conflict"":""2026-01-30"",""last_conflict"":""2026-08-13"",""warmup_conflicting_sessions"":30}]",H:\workspace\PCSOS\pool_scan_runs\daily_coverage_recovery_20260905_1741\tickers\BIIB.json
BILI,MIGRATED_ACTIVE_CONTENT_CONFLICT,"[{""year"":2026,""left"":""data\\parquet\\daily\\symbol=BILI\\year=2026\\43143b72a4e5a7f4663617e2.parquet"",""right"":""data\\parquet\\daily\\symbol=BILI\\year=2026\\BILI_2026.parquet"",""left_sha256"":""e8241677256ea3c6a220a5cf5e3b52ef5721f819e7be6687fc3991a5ad63998c"",""right_sha256"":""be0cead2c77da235c6e9097f883150025e6aa036195a8de22a8c2f63b9c173c5"",""overlap_rows"":166,""conflicting_rows"":42,""first_conflict"":""2026-01-02"",""last_conflict"":""2026-08-18"",""warmup_conflicting_sessions"":42}]",H:\workspace\PCSOS\pool_scan_runs\daily_coverage_recovery_20260905_1741\tickers\BILI.json
BILL,MIGRATED_ACTIVE_CONTENT_CONFLICT,"[{""year"":2026,""left"":""data\\parquet\\daily\\symbol=BILL\\year=2026\\1fcebde7a3e3a5df48186e68.parquet"",""right"":""data\\parquet\\daily\\symbol=BILL\\year=2026\\BILL_2026.parquet"",""left_sha256"":""b97edfdf9c57e82c7acc09f416ef1c9a90517e96d254208f6ba30eb912336ccb"",""right_sha256"":""84527d63b396804f7dbd727ee8058b41a7c7185612a5215030fb64e3cecf2667"",""overlap_rows"":166,""conflicting_rows"":37,""first_conflict"":""2026-02-02"",""last_conflict"":""2026-08-18"",""warmup_conflicting_sessions"":37}]",H:\workspace\PCSOS\pool_scan_runs\daily_coverage_recovery_20260905_1741\tickers\BILL.json
BIPC,MIGRATED_ACTIVE_CONTENT_CONFLICT,"[{""year"":2026,""left"":""data\\parquet\\daily\\symbol=BIPC\\year=2026\\BIPC_2026.parquet"",""right"":""data\\parquet\\daily\\symbol=BIPC\\year=2026\\bb00b0bba44ade006ec19615.parquet"",""left_sha256"":""9239e880153e5f7e70a74528db2f9326710db4408103bcb50615f9e8926bc66d"",""right_sha256"":""ae02bb31dd49eba5f83236978b75de3706e0f65b023e6f6f80997d26261958c0"",""overlap_rows"":167,""conflicting_rows"":53,""first_conflict"":""2026-01-02"",""last_conflict"":""2026-08-14"",""warmup_conflicting_sessions"":53}]",H:\workspace\PCSOS\pool_scan_runs\daily_coverage_recovery_20260905_1741\tickers\BIPC.json
BITI,MIGRATED_ACTIVE_CONTENT_CONFLICT,"[{""year"":2026,""left"":""data\\parquet\\daily\\symbol=BITI\\year=2026\\2c3be1dbed48062917d58a3d.parquet"",""right"":""data\\parquet\\daily\\symbol=BITI\\year=2026\\BITI_2026.parquet"",""left_sha256"":""7ae5af95a85e509f864575047b4cdf20c29dc172231c3581826608978aa90b8a"",""right_sha256"":""dbf34248b362498025e3e7f3f10e943925bb671933e80b220d26912040f79476"",""overlap_rows"":167,""conflicting_rows"":63,""first_conflict"":""2026-01-02"",""last_conflict"":""2026-08-14"",""warmup_conflicting_sessions"":63}]",H:\workspace\PCSOS\pool_scan_runs\daily_coverage_recovery_20260905_1741\tickers\BITI.json
BITX,MIGRATED_ACTIVE_CONTENT_CONFLICT,"[{""year"":2026,""left"":""data\\parquet\\daily\\symbol=BITX\\year=2026\\BITX_2026.parquet"",""right"":""data\\parquet\\daily\\symbol=BITX\\year=2026\\f7dcbb804bd0544b6023a7bc.parquet"",""left_sha256"":""4da6dcd1e5c3a82b202ecb24d0263372328152d60f2461bd411f862b97673788"",""right_sha256"":""8027b19e7be401b9774c9113ab9b0f2f195c97e1ac4aa9297f2bdf46904465b0"",""overlap_rows"":167,""conflicting_rows"":62,""first_conflict"":""2026-01-02"",""last_conflict"":""2026-08-14"",""warmup_conflicting_sessions"":62}]",H:\workspace\PCSOS\pool_scan_runs\daily_coverage_recovery_20260905_1741\tickers\BITX.json
BJ,MIGRATED_ACTIVE_CONTENT_CONFLICT,"[{""year"":2026,""left"":""data\\parquet\\daily\\symbol=BJ\\year=2026\\73ca9b05210d7b930898a0d6.parquet"",""right"":""data\\parquet\\daily\\symbol=BJ\\year=2026\\BJ_2026.parquet"",""left_sha256"":""f51547c22ba5753bcf11dbadf69554c08d2d858a799b38686ba0e02ce008e2b6"",""right_sha256"":""1ceccf92f9891332ab2ffe85be49873ba756929d51b5e3e23b3dabeb3ba504dd"",""overlap_rows"":167,""conflicting_rows"":36,""first_conflict"":""2026-01-02"",""last_conflict"":""2026-08-13"",""warmup_conflicting_sessions"":36}]",H:\workspace\PCSOS\pool_scan_runs\daily_coverage_recovery_20260905_1741\tickers\BJ.json
BKH,MIGRATED_ACTIVE_CONTENT_CONFLICT,"[{""year"":2026,""left"":""data\\parquet\\daily\\symbol=BKH\\year=2026\\BKH_2026.parquet"",""right"":""data\\parquet\\daily\\symbol=BKH\\year=2026\\a76b752c02dbfc805940f4e4.parquet"",""left_sha256"":""713897e1b2d35abbf46a510e0d412a493acab585258e7565743b2b103dc84550"",""right_sha256"":""3f555011f37ba950683ec7f2b244cf9d0720123a05292be7bd0fae869f1b9b62"",""overlap_rows"":167,""conflicting_rows"":56,""first_conflict"":""2026-01-02"",""last_conflict"":""2026-08-13"",""warmup_conflicting_sessions"":56}]",H:\workspace\PCSOS\pool_scan_runs\daily_coverage_recovery_20260905_1741\tickers\BKH.json
BKR,MIGRATED_ACTIVE_CONTENT_CONFLICT,"[{""year"":2026,""left"":""data\\parquet\\daily\\symbol=BKR\\year=2026\\4dd456f00f78f392bdf770cf.parquet"",""right"":""data\\parquet\\daily\\symbol=BKR\\year=2026\\BKR_2026.parquet"",""left_sha256"":""765d7ead4000af4ba8b5181db2113e65b6a88c2656a0f542bb5a69c16fdf27a6"",""right_sha256"":""fb346061ed812e1a589ce486d796764a7d9162661eb4b342b61e9cb727a01d56"",""overlap_rows"":167,""conflicting_rows"":64,""first_conflict"":""2026-01-02"",""last_conflict"":""2026-08-14"",""warmup_conflicting_sessions"":64}]",H:\workspace\PCSOS\pool_scan_runs\daily_coverage_recovery_20260905_1741\tickers\BKR.json
BKU,MIGRATED_ACTIVE_CONTENT_CONFLICT,"[{""year"":2026,""left"":""data\\parquet\\daily\\symbol=BKU\\year=2026\\BKU_2026.parquet"",""right"":""data\\parquet\\daily\\symbol=BKU\\year=2026\\d9e9b4c4f64929c615e9675c.parquet"",""left_sha256"":""495fbc88ca896fab8bb3ae5c0b3a6e3b8804c15afabf03493462d11e29019812"",""right_sha256"":""3fa227deec36623e37cf66aa9840b0056ad6f7b14cbb0f14b4030f40bc849b96"",""overlap_rows"":167,""conflicting_rows"":61,""first_conflict"":""2026-01-02"",""last_conflict"":""2026-08-13"",""warmup_conflicting_sessions"":61}]",H:\workspace\PCSOS\pool_scan_runs\daily_coverage_recovery_20260905_1741\tickers\BKU.json
BL,MIGRATED_ACTIVE_CONTENT_CONFLICT,"[{""year"":2026,""left"":""data\\parquet\\daily\\symbol=BL\\year=2026\\43f33318811a0f9411abe743.parquet"",""right"":""data\\parquet\\daily\\symbol=BL\\year=2026\\BL_2026.parquet"",""left_sha256"":""35dbe537e22def7ebcd6bbce2043780fa93409763e2cc11ffa086be227137b6a"",""right_sha256"":""16154a3ec54684d939679506f6d13375cafbd0718c31a3178395d6bd097df43f"",""overlap_rows"":167,""conflicting_rows"":43,""first_conflict"":""2026-01-02"",""last_conflict"":""2026-08-13"",""warmup_conflicting_sessions"":43}]",H:\workspace\PCSOS\pool_scan_runs\daily_coverage_recovery_20260905_1741\tickers\BL.json
BLDP,MIGRATED_ACTIVE_CONTENT_CONFLICT,"[{""year"":2026,""left"":""data\\parquet\\daily\\symbol=BLDP\\year=2026\\3f80790bd34c3152f08f0cde.parquet"",""right"":""data\\parquet\\daily\\symbol=BLDP\\year=2026\\BLDP_2026.parquet"",""left_sha256"":""b4e5e18ce667267e0d1f3873b37c36c209836974f5edcc46c3fe6b887b131226"",""right_sha256"":""012383484e00ba15f604ecd712c3d3045b81960d72489f0da726a7059f7469e5"",""overlap_rows"":167,""conflicting_rows"":42,""first_conflict"":""2026-01-27"",""last_conflict"":""2026-08-14"",""warmup_conflicting_sessions"":42}]",H:\workspace\PCSOS\pool_scan_runs\daily_coverage_recovery_20260905_1741\tickers\BLDP.json
BLDR,MIGRATED_ACTIVE_CONTENT_CONFLICT,"[{""year"":2026,""left"":""data\\parquet\\daily\\symbol=BLDR\\year=2026\\BLDR_2026.parquet"",""right"":""data\\parquet\\daily\\symbol=BLDR\\year=2026\\fbcd05d31744719fc8216fff.parquet"",""left_sha256"":""2afc0538e3815cc90f750862e8e54c92aab967cacd3461cf4442d3a6205a9b7c"",""right_sha256"":""47df579ac5f769f1c752ebce48b9f3ea10fbfdc7ff35613095e54112485073b9"",""overlap_rows"":167,""conflicting_rows"":37,""first_conflict"":""2026-01-30"",""last_conflict"":""2026-08-13"",""warmup_conflicting_sessions"":37}]",H:\workspace\PCSOS\pool_scan_runs\daily_coverage_recovery_20260905_1741\tickers\BLDR.json
BLK,MIGRATED_ACTIVE_CONTENT_CONFLICT,"[{""year"":2026,""left"":""data\\parquet\\daily\\symbol=BLK\\year=2026\\BLK_2026.parquet"",""right"":""data\\parquet\\daily\\symbol=BLK\\year=2026\\c3ba2389fa739f076736b077.parquet"",""left_sha256"":""35edf8b787e8d03ff662d727766e70c7ac012efb56d3f52a8c8801ee4337c339"",""right_sha256"":""1ada8fbecd63d1aa456dc924d17334ccd50d93505d0fa1721ab7aa6ef46d7e64"",""overlap_rows"":167,""conflicting_rows"":55,""first_conflict"":""2026-01-02"",""last_conflict"":""2026-08-14"",""warmup_conflicting_sessions"":55}]",H:\workspace\PCSOS\pool_scan_runs\daily_coverage_recovery_20260905_1741\tickers\BLK.json
BLMN,MIGRATED_ACTIVE_CONTENT_CONFLICT,"[{""year"":2026,""left"":""data\\parquet\\daily\\symbol=BLMN\\year=2026\\BLMN_2026.parquet"",""right"":""data\\parquet\\daily\\symbol=BLMN\\year=2026\\fdc464530e86cf4e622b2c3d.parquet"",""left_sha256"":""288168afdf9adc303a4a90313e9d38df223daf74a23e46d9c9ed0e1e3f763815"",""right_sha256"":""b20afcc533808643b10aabb8cfea438eb94add02faca895b0a9b076d4ac8deed"",""overlap_rows"":167,""conflicting_rows"":48,""first_conflict"":""2026-01-02"",""last_conflict"":""2026-08-13"",""warmup_conflicting_sessions"":48}]",H:\workspace\PCSOS\pool_scan_runs\daily_coverage_recovery_20260905_1741\tickers\BLMN.json
BMBL,MIGRATED_ACTIVE_CONTENT_CONFLICT,"[{""year"":2026,""left"":""data\\parquet\\daily\\symbol=BMBL\\year=2026\\87146424486150ffe121f2bb.parquet"",""right"":""data\\parquet\\daily\\symbol=BMBL\\year=2026\\BMBL_2026.parquet"",""left_sha256"":""854a51c0c232977af397cb42f5222a01eff2dc394a36cd24cebbfc558e5c229a"",""right_sha256"":""df82143eb2401e9346d1b00cf247b7a9ba3e36b598b4ee65eae509cfc92fc04b"",""overlap_rows"":167,""conflicting_rows"":46,""first_conflict"":""2026-01-02"",""last_conflict"":""2026-08-14"",""warmup_conflicting_sessions"":46}]",H:\workspace\PCSOS\pool_scan_runs\daily_coverage_recovery_20260905_1741\tickers\BMBL.json
BMI,MIGRATED_ACTIVE_CONTENT_CONFLICT,"[{""year"":2026,""left"":""data\\parquet\\daily\\symbol=BMI\\year=2026\\BMI_2026.parquet"",""right"":""data\\parquet\\daily\\symbol=BMI\\year=2026\\f5a69d56b388cb204171ce4c.parquet"",""left_sha256"":""aa0bf37899d30006dd422056cf2fd687be3d6a7d8a6cb23caf20692e61dba51c"",""right_sha256"":""79273dbe0487426447e5e04fece6c741e2039d33a1a073addcc44c5730f05b90"",""overlap_rows"":167,""conflicting_rows"":53,""first_conflict"":""2026-01-02"",""last_conflict"":""2026-08-13"",""warmup_conflicting_sessions"":53}]",H:\workspace\PCSOS\pool_scan_runs\daily_coverage_recovery_20260905_1741\tickers\BMI.json
BMRN,MIGRATED_ACTIVE_CONTENT_CONFLICT,"[{""year"":2026,""left"":""data\\parquet\\daily\\symbol=BMRN\\year=2026\\16cd84c746c7c4527df126f9.parquet"",""right"":""data\\parquet\\daily\\symbol=BMRN\\year=2026\\BMRN_2026.parquet"",""left_sha256"":""83c97e799cd1da6218b7e7af76c2990c6a1d08cb7f19065ddcc96a27933927bd"",""right_sha256"":""e4a981455e6a060a613c8d635fbe04416a0392b0460e53710f997486d18143a0"",""overlap_rows"":167,""conflicting_rows"":35,""first_conflict"":""2026-02-02"",""last_conflict"":""2026-08-13"",""warmup_conflicting_sessions"":35}]",H:\workspace\PCSOS\pool_scan_runs\daily_coverage_recovery_20260905_1741\tickers\BMRN.json
BMY,MIGRATED_ACTIVE_CONTENT_CONFLICT,"[{""year"":2026,""left"":""data\\parquet\\daily\\symbol=BMY\\year=2026\\BMY_2026.parquet"",""right"":""data\\parquet\\daily\\symbol=BMY\\year=2026\\f6131abb6706245ab8b4433e.parquet"",""left_sha256"":""534c36ddd0d7c30ae9b6b6bf5af1c66babbbf749fd5e21ae88370ed99f737315"",""right_sha256"":""39ba9d79a82c1fb9cb22342321ce263247ea66efa43a5d2290d904a2f182b016"",""overlap_rows"":167,""conflicting_rows"":58,""first_conflict"":""2026-01-02"",""last_conflict"":""2026-08-14"",""warmup_conflicting_sessions"":58}]",H:\workspace\PCSOS\pool_scan_runs\daily_coverage_recovery_20260905_1741\tickers\BMY.json
BN,MIGRATED_ACTIVE_CONTENT_CONFLICT,"[{""year"":2026,""left"":""data\\parquet\\daily\\symbol=BN\\year=2026\\867dc9637a9f34eff640c391.parquet"",""right"":""data\\parquet\\daily\\symbol=BN\\year=2026\\BN_2026.parquet"",""left_sha256"":""deb858d2ac75a6c534093180a2f725ab800ff1494e787cdfe797768c0cec070f"",""right_sha256"":""f80b8a84f016a720ddacb0c9566bed01c1e516611fadd78a063b11d8461826e2"",""overlap_rows"":167,""conflicting_rows"":59,""first_conflict"":""2026-01-02"",""last_conflict"":""2026-08-14"",""warmup_conflicting_sessions"":59}]",H:\workspace\PCSOS\pool_scan_runs\daily_coverage_recovery_20260905_1741\tickers\BN.json
BND,MIGRATED_ACTIVE_CONTENT_CONFLICT,"[{""year"":2026,""left"":""data\\parquet\\daily\\symbol=BND\\year=2026\\07b578afece1a4c444613151.parquet"",""right"":""data\\parquet\\daily\\symbol=BND\\year=2026\\BND_2026.parquet"",""left_sha256"":""4d4b39001e9379dc374c74a2708cd599a52fd27af220d2186216b80521dd9f58"",""right_sha256"":""2381cce7c168823fd33fa42610a36c443090fa596334350b12048b60dfcf7749"",""overlap_rows"":167,""conflicting_rows"":63,""first_conflict"":""2026-01-02"",""last_conflict"":""2026-08-13"",""warmup_conflicting_sessions"":63}]",H:\workspace\PCSOS\pool_scan_runs\daily_coverage_recovery_20260905_1741\tickers\BND.json
BNS,MIGRATED_ACTIVE_CONTENT_CONFLICT,"[{""year"":2026,""left"":""data\\parquet\\daily\\symbol=BNS\\year=2026\\78f2bc520d1bdb4b6980ef7c.parquet"",""right"":""data\\parquet\\daily\\symbol=BNS\\year=2026\\BNS_2026.parquet"",""left_sha256"":""26d00413e58b499281141125c8f18e09765f7c30634cfab0f11eb10e8a7241b0"",""right_sha256"":""527365fd9f75e8deaee1fcdb7ab55e60a861fd26a0a6841648a37ffa16f5b21b"",""overlap_rows"":167,""conflicting_rows"":59,""first_conflict"":""2026-01-02"",""last_conflict"":""2026-08-13"",""warmup_conflicting_sessions"":59}]",H:\workspace\PCSOS\pool_scan_runs\daily_coverage_recovery_20260905_1741\tickers\BNS.json
BOIL,MIGRATED_ACTIVE_CONTENT_CONFLICT,"[{""year"":2026,""left"":""data\\parquet\\daily\\symbol=BOIL\\year=2026\\49579ab30f2f5e2f9e27c91e.parquet"",""right"":""data\\parquet\\daily\\symbol=BOIL\\year=2026\\BOIL_2026.parquet"",""left_sha256"":""7163570bc526155e0eae340c96aadef6836e75f3c83cf85313ac1212e61f0dbc"",""right_sha256"":""e1f68153d122d8b64028ef085ab7239b63b968e63c23e28aa2086b1819de79e7"",""overlap_rows"":167,""conflicting_rows"":55,""first_conflict"":""2026-01-02"",""last_conflict"":""2026-08-13"",""warmup_conflicting_sessions"":55}]",H:\workspace\PCSOS\pool_scan_runs\daily_coverage_recovery_20260905_1741\tickers\BOIL.json
BOOT,MIGRATED_ACTIVE_CONTENT_CONFLICT,"[{""year"":2026,""left"":""data\\parquet\\daily\\symbol=BOOT\\year=2026\\BOOT_2026.parquet"",""right"":""data\\parquet\\daily\\symbol=BOOT\\year=2026\\c6989c458a4df95836a22873.parquet"",""left_sha256"":""0928b25d7b6c8d59842f2f730133638c1b06e77a876b728841cba6a9822e2b7e"",""right_sha256"":""b5f722c95137bffc8b6c79f9ce1f222a758b975579a78e84e8fff2e71c9ee4bf"",""overlap_rows"":167,""conflicting_rows"":40,""first_conflict"":""2026-01-02"",""last_conflict"":""2026-08-06"",""warmup_conflicting_sessions"":40}]",H:\workspace\PCSOS\pool_scan_runs\daily_coverage_recovery_20260905_1741\tickers\BOOT.json
BOX,MIGRATED_ACTIVE_CONTENT_CONFLICT,"[{""year"":2026,""left"":""data\\parquet\\daily\\symbol=BOX\\year=2026\\09b9db09ef76c9d31c3ffd62.parquet"",""right"":""data\\parquet\\daily\\symbol=BOX\\year=2026\\BOX_2026.parquet"",""left_sha256"":""74a307cb698e6e9502c15f9d51e63dd4ee465fcb17795da090ac110f18876432"",""right_sha256"":""a00fa5b708246f9c06555de6d9746401ead35c5e7860a064c3b2b28f71fce131"",""overlap_rows"":167,""conflicting_rows"":41,""first_conflict"":""2026-01-27"",""last_conflict"":""2026-08-14"",""warmup_conflicting_sessions"":41}]",H:\workspace\PCSOS\pool_scan_runs\daily_coverage_recovery_20260905_1741\tickers\BOX.json
BOXX,MIGRATED_ACTIVE_CONTENT_CONFLICT,"[{""year"":2026,""left"":""data\\parquet\\daily\\symbol=BOXX\\year=2026\\1a8b113d4b116ea13667239e.parquet"",""right"":""data\\parquet\\daily\\symbol=BOXX\\year=2026\\BOXX_2026.parquet"",""left_sha256"":""82aab6175e4150c3a49d6fa05e081457f1796b0456bd7dffaa4d14455347b431"",""right_sha256"":""99976e33501222ecea8f5ab88b3aa5f8ba4aa457ef2f37d88ec3915954c8b835"",""overlap_rows"":167,""conflicting_rows"":28,""first_conflict"":""2026-02-13"",""last_conflict"":""2026-08-14"",""warmup_conflicting_sessions"":28}]",H:\workspace\PCSOS\pool_scan_runs\daily_coverage_recovery_20260905_1741\tickers\BOXX.json
BP,MIGRATED_ACTIVE_CONTENT_CONFLICT,"[{""year"":2026,""left"":""data\\parquet\\daily\\symbol=BP\\year=2026\\BP_2026.parquet"",""right"":""data\\parquet\\daily\\symbol=BP\\year=2026\\d27cbbab139d7f3f251e5de6.parquet"",""left_sha256"":""5bf6cef01601c4ae21c2a5a4046657aed068bdb9786178a36ee6a1081a1f5748"",""right_sha256"":""b6f32b4d4c249d72107fa59f66f38cffbee4d93c01ddb1980169818d44ba20f8"",""overlap_rows"":167,""conflicting_rows"":64,""first_conflict"":""2026-01-02"",""last_conflict"":""2026-08-14"",""warmup_conflicting_sessions"":64}]",H:\workspace\PCSOS\pool_scan_runs\daily_coverage_recovery_20260905_1741\tickers\BP.json
BR,MIGRATED_ACTIVE_CONTENT_CONFLICT,"[{""year"":2026,""left"":""data\\parquet\\daily\\symbol=BR\\year=2026\\8171ccd7b0886aa71a04d5a6.parquet"",""right"":""data\\parquet\\daily\\symbol=BR\\year=2026\\BR_2026.parquet"",""left_sha256"":""a1bd3251ad999dd110e13183c51360b1c35b74dcbd8fbc5fb387b1dbb38fdabb"",""right_sha256"":""15d31bf9e811d974b6092ad6ac4c0bbde9af14f7caa069b3a825710681cddcbe"",""overlap_rows"":167,""conflicting_rows"":56,""first_conflict"":""2026-01-02"",""last_conflict"":""2026-08-14"",""warmup_conflicting_sessions"":56}]",H:\workspace\PCSOS\pool_scan_runs\daily_coverage_recovery_20260905_1741\tickers\BR.json
BRBR,MIGRATED_ACTIVE_CONTENT_CONFLICT,"[{""year"":2026,""left"":""data\\parquet\\daily\\symbol=BRBR\\year=2026\\3a648eaa7804fb377c09740f.parquet"",""right"":""data\\parquet\\daily\\symbol=BRBR\\year=2026\\BRBR_2026.parquet"",""left_sha256"":""4b795c4676d0295e151b551e5763a7049c218b42f625c9f9ba0fec956c285cb9"",""right_sha256"":""9f05b16acd99d846637afcea7722c8e4ded0d1e0fa5e7d6c977016c6e67c0284"",""overlap_rows"":167,""conflicting_rows"":39,""first_conflict"":""2026-01-02"",""last_conflict"":""2026-08-14"",""warmup_conflicting_sessions"":39}]",H:\workspace\PCSOS\pool_scan_runs\daily_coverage_recovery_20260905_1741\tickers\BRBR.json
BRKR,MIGRATED_ACTIVE_CONTENT_CONFLICT,"[{""year"":2026,""left"":""data\\parquet\\daily\\symbol=BRKR\\year=2026\\BRKR_2026.parquet"",""right"":""data\\parquet\\daily\\symbol=BRKR\\year=2026\\d5dc73dc084745a1346293ce.parquet"",""left_sha256"":""7be7263e98fbd73a9d184522d4c94b57ca22f01df4a147050b035905459e8e81"",""right_sha256"":""e1c90feb889e5f0c85ce27674babe8414a9db98b3f99c6256f6b689b2bbc76ce"",""overlap_rows"":167,""conflicting_rows"":58,""first_conflict"":""2026-01-02"",""last_conflict"":""2026-08-13"",""warmup_conflicting_sessions"":58}]",H:\workspace\PCSOS\pool_scan_runs\daily_coverage_recovery_20260905_1741\tickers\BRKR.json
BROS,MIGRATED_ACTIVE_CONTENT_CONFLICT,"[{""year"":2026,""left"":""data\\parquet\\daily\\symbol=BROS\\year=2026\\7b76677a9c05bc5ca031cc7f.parquet"",""right"":""data\\parquet\\daily\\symbol=BROS\\year=2026\\BROS_2026.parquet"",""left_sha256"":""987b5c4d30b6db16eb88d064ecfa659e95304c8ee4f0a15e933e1fd6068957c3"",""right_sha256"":""ff39516d3a457407dfe1d6b0ff91b2bbb5f6edcf48d57441c5c5874b9b95ea4e"",""overlap_rows"":167,""conflicting_rows"":45,""first_conflict"":""2026-01-27"",""last_conflict"":""2026-08-14"",""warmup_conflicting_sessions"":45}]",H:\workspace\PCSOS\pool_scan_runs\daily_coverage_recovery_20260905_1741\tickers\BROS.json
BRZE,MIGRATED_ACTIVE_CONTENT_CONFLICT,"[{""year"":2026,""left"":""data\\parquet\\daily\\symbol=BRZE\\year=2026\\BRZE_2026.parquet"",""right"":""data\\parquet\\daily\\symbol=BRZE\\year=2026\\e171f596dff4d57bbe57fd44.parquet"",""left_sha256"":""d216385d058e2fe9b6d398442aceeeef74edf1b3e5167068b378795337a6cf2c"",""right_sha256"":""3bb6338db038f2e9e6480fec3bee1a1aa1b11ee9ed4de8f873eddda6cdd3185f"",""overlap_rows"":167,""conflicting_rows"":45,""first_conflict"":""2026-01-30"",""last_conflict"":""2026-08-13"",""warmup_conflicting_sessions"":45}]",H:\workspace\PCSOS\pool_scan_runs\daily_coverage_recovery_20260905_1741\tickers\BRZE.json
BSX,MIGRATED_ACTIVE_CONTENT_CONFLICT,"[{""year"":2026,""left"":""data\\parquet\\daily\\symbol=BSX\\year=2026\\901a28e39af1940f4995f9f7.parquet"",""right"":""data\\parquet\\daily\\symbol=BSX\\year=2026\\BSX_2026.parquet"",""left_sha256"":""5ab0128bb645b99b81fc88168329d6242f3407afc72e29cc16508c593b21d154"",""right_sha256"":""5e415c6d201106b5c39045bb980df9da3385d92c4b17b58147573b7148f0c80d"",""overlap_rows"":167,""conflicting_rows"":40,""first_conflict"":""2026-01-27"",""last_conflict"":""2026-08-14"",""warmup_conflicting_sessions"":40}]",H:\workspace\PCSOS\pool_scan_runs\daily_coverage_recovery_20260905_1741\tickers\BSX.json
BSY,MIGRATED_ACTIVE_CONTENT_CONFLICT,"[{""year"":2026,""left"":""data\\parquet\\daily\\symbol=BSY\\year=2026\\BSY_2026.parquet"",""right"":""data\\parquet\\daily\\symbol=BSY\\year=2026\\c1b44fd3ad45377521de54d4.parquet"",""left_sha256"":""f01b27e2cd601f99b6d64bdacf1b1c7de9fb903a7b7714e4dd691e98abb7304a"",""right_sha256"":""c4adc1bd339babfa60d11a9c5cfaf6ba5829bc62f7a63d0321ab10330f182b53"",""overlap_rows"":167,""conflicting_rows"":62,""first_conflict"":""2026-01-02"",""last_conflict"":""2026-08-13"",""warmup_conflicting_sessions"":62}]",H:\workspace\PCSOS\pool_scan_runs\daily_coverage_recovery_20260905_1741\tickers\BSY.json
BTDR,MIGRATED_ACTIVE_CONTENT_CONFLICT,"[{""year"":2026,""left"":""data\\parquet\\daily\\symbol=BTDR\\year=2026\\4fd9725e3b874acb4deee8f9.parquet"",""right"":""data\\parquet\\daily\\symbol=BTDR\\year=2026\\BTDR_2026.parquet"",""left_sha256"":""1418b6615a683599f1392e8e4c8c103c4baf3ae95f4239d04052bc83724539bc"",""right_sha256"":""012d06822f8ab17a790375c2aa27f4c06515a40245a712b87d2f40af66d0ecb7"",""overlap_rows"":167,""conflicting_rows"":44,""first_conflict"":""2026-01-02"",""last_conflict"":""2026-08-14"",""warmup_conflicting_sessions"":44}]",H:\workspace\PCSOS\pool_scan_runs\daily_coverage_recovery_20260905_1741\tickers\BTDR.json
BTG,MIGRATED_ACTIVE_CONTENT_CONFLICT,"[{""year"":2026,""left"":""data\\parquet\\daily\\symbol=BTG\\year=2026\\05ca565066159213fb96a5ca.parquet"",""right"":""data\\parquet\\daily\\symbol=BTG\\year=2026\\BTG_2026.parquet"",""left_sha256"":""966103f0af4e59e350c31d5b22911c800e623a5de64bc8c16e71958954bb2e65"",""right_sha256"":""52021744f2525591c0900bfefe8aba0e14d9716da647fe836105bda5c00cac5c"",""overlap_rows"":167,""conflicting_rows"":57,""first_conflict"":""2026-01-02"",""last_conflict"":""2026-08-14"",""warmup_conflicting_sessions"":57}]",H:\workspace\PCSOS\pool_scan_runs\daily_coverage_recovery_20260905_1741\tickers\BTG.json
BTI,MIGRATED_ACTIVE_CONTENT_CONFLICT,"[{""year"":2026,""left"":""data\\parquet\\daily\\symbol=BTI\\year=2026\\BTI_2026.parquet"",""right"":""data\\parquet\\daily\\symbol=BTI\\year=2026\\b2eb83f36a6886ab5db708f9.parquet"",""left_sha256"":""6c5a4c876dd4b8b5db951615ec911abe057edfc70a4874813c839e3bb5e6f333"",""right_sha256"":""bf110aad854e3e23e896cf8c824e56b613120a9a5eb288c8938547cf1b61de1f"",""overlap_rows"":167,""conflicting_rows"":61,""first_conflict"":""2026-01-02"",""last_conflict"":""2026-08-05"",""warmup_conflicting_sessions"":61}]",H:\workspace\PCSOS\pool_scan_runs\daily_coverage_recovery_20260905_1741\tickers\BTI.json
BUD,MIGRATED_ACTIVE_CONTENT_CONFLICT,"[{""year"":2026,""left"":""data\\parquet\\daily\\symbol=BUD\\year=2026\\BUD_2026.parquet"",""right"":""data\\parquet\\daily\\symbol=BUD\\year=2026\\f7358436db92d686beb4d607.parquet"",""left_sha256"":""b2456e816692ad8cc88e7e2a05ec5ebb7dd740e03e5394b17ed133674f302f98"",""right_sha256"":""32666b13d1b6611b0d6fc19277af683175dee130c333f497ba3c4e71fea85c02"",""overlap_rows"":167,""conflicting_rows"":58,""first_conflict"":""2026-01-02"",""last_conflict"":""2026-08-14"",""warmup_conflicting_sessions"":58}]",H:\workspace\PCSOS\pool_scan_runs\daily_coverage_recovery_20260905_1741\tickers\BUD.json
BURL,MIGRATED_ACTIVE_CONTENT_CONFLICT,"[{""year"":2026,""left"":""data\\parquet\\daily\\symbol=BURL\\year=2026\\BURL_2026.parquet"",""right"":""data\\parquet\\daily\\symbol=BURL\\year=2026\\a4e756f3cae5f40dfcbfbb57.parquet"",""left_sha256"":""8097a896b5d4552aad93a01b082856105701e1ace6639b9869e08dc536908af8"",""right_sha256"":""61337c5c827be0d0fea5d9b87956c050b0ee3b9a4b97623aa85ad42752938c19"",""overlap_rows"":166,""conflicting_rows"":41,""first_conflict"":""2026-01-02"",""last_conflict"":""2026-08-18"",""warmup_conflicting_sessions"":41}]",H:\workspace\PCSOS\pool_scan_runs\daily_coverage_recovery_20260905_1741\tickers\BURL.json
BW,MIGRATED_ACTIVE_CONTENT_CONFLICT,"[{""year"":2026,""left"":""data\\parquet\\daily\\symbol=BW\\year=2026\\60a8ea4c27879fc9d4e3f8da.parquet"",""right"":""data\\parquet\\daily\\symbol=BW\\year=2026\\BW_2026.parquet"",""left_sha256"":""2bf674b4b2c592c671e1a584cbd4e9f27393666fc3bcb9e065d71a4ebc3a5262"",""right_sha256"":""cbc7d5616f8259e85336698c6a7417c8697bdff8f81631ad634ab8410eceb72e"",""overlap_rows"":167,""conflicting_rows"":38,""first_conflict"":""2026-01-27"",""last_conflict"":""2026-08-13"",""warmup_conflicting_sessions"":38}]",H:\workspace\PCSOS\pool_scan_runs\daily_coverage_recovery_20260905_1741\tickers\BW.json
BXMT,MIGRATED_ACTIVE_CONTENT_CONFLICT,"[{""year"":2026,""left"":""data\\parquet\\daily\\symbol=BXMT\\year=2026\\6c271c1d75e66b0f34f27de5.parquet"",""right"":""data\\parquet\\daily\\symbol=BXMT\\year=2026\\BXMT_2026.parquet"",""left_sha256"":""b4bb8c89e25987d8751bf867ade45d19eebb6026efb88b2a87d22be11c4b8d55"",""right_sha256"":""b3e445a87e17c3812d78d71f95057128f0bb81c21beb2683c98ec6e64c6e2326"",""overlap_rows"":167,""conflicting_rows"":61,""first_conflict"":""2026-01-02"",""last_conflict"":""2026-08-14"",""warmup_conflicting_sessions"":61}]",H:\workspace\PCSOS\pool_scan_runs\daily_coverage_recovery_20260905_1741\tickers\BXMT.json
BXP,MIGRATED_ACTIVE_CONTENT_CONFLICT,"[{""year"":2026,""left"":""data\\parquet\\daily\\symbol=BXP\\year=2026\\BXP_2026.parquet"",""right"":""data\\parquet\\daily\\symbol=BXP\\year=2026\\ebe415d37b5f6ea322e06be0.parquet"",""left_sha256"":""df8f91c2b75616fa1c695339da9185557f0d09513e08d3eab64b96c6fb5ea04e"",""right_sha256"":""ccc3b035aca0d09530554d614da07900a342027cd1a258201682d0ba33405a04"",""overlap_rows"":166,""conflicting_rows"":62,""first_conflict"":""2026-01-02"",""last_conflict"":""2026-08-18"",""warmup_conflicting_sessions"":62}]",H:\workspace\PCSOS\pool_scan_runs\daily_coverage_recovery_20260905_1741\tickers\BXP.json
BYD,MIGRATED_ACTIVE_CONTENT_CONFLICT,"[{""year"":2026,""left"":""data\\parquet\\daily\\symbol=BYD\\year=2026\\7ab944967c9c7afaa2264f0a.parquet"",""right"":""data\\parquet\\daily\\symbol=BYD\\year=2026\\BYD_2026.parquet"",""left_sha256"":""ab2385c9030b555e23d0ad5a5339994df0b422eb671741ef7ba117c06a41e7fe"",""right_sha256"":""9c082a5f7959f7766608ae88628315163f2ac4b4409122586cba7524d1d9a6d7"",""overlap_rows"":167,""conflicting_rows"":58,""first_conflict"":""2026-01-02"",""last_conflict"":""2026-08-14"",""warmup_conflicting_sessions"":58}]",H:\workspace\PCSOS\pool_scan_runs\daily_coverage_recovery_20260905_1741\tickers\BYD.json
C,MIGRATED_ACTIVE_CONTENT_CONFLICT,"[{""year"":2026,""left"":""data\\parquet\\daily\\symbol=C\\year=2026\\22732d1b8bb966c535192fa1.parquet"",""right"":""data\\parquet\\daily\\symbol=C\\year=2026\\C_2026.parquet"",""left_sha256"":""3cd0a3095ed9c64ebe86e253c9945dcc2e5c99fe5f724c6552a5cee19fde1c2b"",""right_sha256"":""e188603bc7ae33f2f894637a5eb30e245a3da97f7a56bbc282e34502dfe3c08f"",""overlap_rows"":165,""conflicting_rows"":71,""first_conflict"":""2026-01-02"",""last_conflict"":""2026-08-18"",""warmup_conflicting_sessions"":71}]",H:\workspace\PCSOS\pool_scan_runs\daily_coverage_recovery_20260905_1741\tickers\C.json
CAH,MIGRATED_ACTIVE_CONTENT_CONFLICT,"[{""year"":2026,""left"":""data\\parquet\\daily\\symbol=CAH\\year=2026\\51c2e638e59efe2f10b1c4ab.parquet"",""right"":""data\\parquet\\daily\\symbol=CAH\\year=2026\\CAH_2026.parquet"",""left_sha256"":""0eb510d37175895d46ff368e07729b69b7fb38a8c2fcba17bf9416db1abd7aef"",""right_sha256"":""4e5abcb4b3793119e5dbf118dc9a54881d11a5db0e64abe027d12279a364063e"",""overlap_rows"":167,""conflicting_rows"":58,""first_conflict"":""2026-01-02"",""last_conflict"":""2026-08-13"",""warmup_conflicting_sessions"":58}]",H:\workspace\PCSOS\pool_scan_runs\daily_coverage_recovery_20260905_1741\tickers\CAH.json
CAL,MIGRATED_ACTIVE_CONTENT_CONFLICT,"[{""year"":2026,""left"":""data\\parquet\\daily\\symbol=CAL\\year=2026\\90c28e35b7e7eb07f4a4e450.parquet"",""right"":""data\\parquet\\daily\\symbol=CAL\\year=2026\\CAL_2026.parquet"",""left_sha256"":""42d6a565aaba7c5a0e81523ad9fde740fde5475a30b4bd8628129a1455204abd"",""right_sha256"":""7947330d3ebdb371dbad2aaad1fedc4214636da03fcde8f2a7ff1540bdd8eb74"",""overlap_rows"":167,""conflicting_rows"":57,""first_conflict"":""2026-01-02"",""last_conflict"":""2026-08-14"",""warmup_conflicting_sessions"":57}]",H:\workspace\PCSOS\pool_scan_runs\daily_coverage_recovery_20260905_1741\tickers\CAL.json
CASY,MIGRATED_ACTIVE_CONTENT_CONFLICT,"[{""year"":2026,""left"":""data\\parquet\\daily\\symbol=CASY\\year=2026\\2babfb72e13b9aced76a10c5.parquet"",""right"":""data\\parquet\\daily\\symbol=CASY\\year=2026\\CASY_2026.parquet"",""left_sha256"":""6b6db0392c1d9ffbd8045beb100ce1ea829b0c2ff286b1bad6a0ccbb3f437446"",""right_sha256"":""5cd2ac7146c6e1be91d379f9440033625a8d6ed86657ad14d7a52b444131e8b3"",""overlap_rows"":167,""conflicting_rows"":63,""first_conflict"":""2026-01-02"",""last_conflict"":""2026-08-14"",""warmup_conflicting_sessions"":63}]",H:\workspace\PCSOS\pool_scan_runs\daily_coverage_recovery_20260905_1741\tickers\CASY.json
CBOE,MIGRATED_ACTIVE_CONTENT_CONFLICT,"[{""year"":2026,""left"":""data\\parquet\\daily\\symbol=CBOE\\year=2026\\4c75db0dad157c94b7e88adf.parquet"",""right"":""data\\parquet\\daily\\symbol=CBOE\\year=2026\\CBOE_2026.parquet"",""left_sha256"":""e52c6fe8ee2163640c63d0ecf978989581447133ca1449ea49f3784caa75927e"",""right_sha256"":""1a47bfa143341df8897f11c2cf45b0fc298b04ad8171ab68ac997ac3b81ab70f"",""overlap_rows"":166,""conflicting_rows"":60,""first_conflict"":""2026-01-02"",""last_conflict"":""2026-08-18"",""warmup_conflicting_sessions"":60}]",H:\workspace\PCSOS\pool_scan_runs\daily_coverage_recovery_20260905_1741\tickers\CBOE.json
CBRL,MIGRATED_ACTIVE_CONTENT_CONFLICT,"[{""year"":2026,""left"":""data\\parquet\\daily\\symbol=CBRL\\year=2026\\5167fee2b9d24ca32f314856.parquet"",""right"":""data\\parquet\\daily\\symbol=CBRL\\year=2026\\CBRL_2026.parquet"",""left_sha256"":""95c8f33443ed1d907b1a53345a887e0f45530800d72c951527155de6e872b626"",""right_sha256"":""a768238dd2d61b49b28783497fda55a3f13c2ece228b253dfd088a9d988c7228"",""overlap_rows"":167,""conflicting_rows"":59,""first_conflict"":""2026-01-02"",""last_conflict"":""2026-08-14"",""warmup_conflicting_sessions"":59}]",H:\workspace\PCSOS\pool_scan_runs\daily_coverage_recovery_20260905_1741\tickers\CBRL.json
CBSH,MIGRATED_ACTIVE_CONTENT_CONFLICT,"[{""year"":2026,""left"":""data\\parquet\\daily\\symbol=CBSH\\year=2026\\6d4e8cae179b1bd73057612c.parquet"",""right"":""data\\parquet\\daily\\symbol=CBSH\\year=2026\\CBSH_2026.parquet"",""left_sha256"":""924792cf54395316061070c734f22b7355b43a67b5269066317297c368919408"",""right_sha256"":""a92f68f173dcba3abd3f8047657df4e80fdf57c8785031f596f64834c78e13a4"",""overlap_rows"":167,""conflicting_rows"":58,""first_conflict"":""2026-01-02"",""last_conflict"":""2026-08-14"",""warmup_conflicting_sessions"":58}]",H:\workspace\PCSOS\pool_scan_runs\daily_coverage_recovery_20260905_1741\tickers\CBSH.json
CBT,MIGRATED_ACTIVE_CONTENT_CONFLICT,"[{""year"":2026,""left"":""data\\parquet\\daily\\symbol=CBT\\year=2026\\16de90549f0a27a47f19cb82.parquet"",""right"":""data\\parquet\\daily\\symbol=CBT\\year=2026\\CBT_2026.parquet"",""left_sha256"":""eeed2d2607744f4b7bd39c69ac41fefaca5cca96bafc88c2859a81f46aab7584"",""right_sha256"":""57eb31723fa2b07ef9f041689a78495c8dbcc4fcf2a7d82f10cb78829b5fc19a"",""overlap_rows"":167,""conflicting_rows"":57,""first_conflict"":""2026-01-02"",""last_conflict"":""2026-08-14"",""warmup_conflicting_sessions"":57}]",H:\workspace\PCSOS\pool_scan_runs\daily_coverage_recovery_20260905_1741\tickers\CBT.json
CC,MIGRATED_ACTIVE_CONTENT_CONFLICT,"[{""year"":2026,""left"":""data\\parquet\\daily\\symbol=CC\\year=2026\\570b6f7ac3fc6edb97b4ddfb.parquet"",""right"":""data\\parquet\\daily\\symbol=CC\\year=2026\\CC_2026.parquet"",""left_sha256"":""30c16a2e0219371f94222ab8f14a806e86e996eeec9388706fc839ce9739e2d7"",""right_sha256"":""82509d19c29c3287d79ec6f26b478b07734076cbcfb62e9dfc6b7050eef12831"",""overlap_rows"":167,""conflicting_rows"":64,""first_conflict"":""2026-01-02"",""last_conflict"":""2026-08-14"",""warmup_conflicting_sessions"":64}]",H:\workspace\PCSOS\pool_scan_runs\daily_coverage_recovery_20260905_1741\tickers\CC.json
CCEP,MIGRATED_ACTIVE_CONTENT_CONFLICT,"[{""year"":2026,""left"":""data\\parquet\\daily\\symbol=CCEP\\year=2026\\164f46126e6a408cc8159b0d.parquet"",""right"":""data\\parquet\\daily\\symbol=CCEP\\year=2026\\CCEP_2026.parquet"",""left_sha256"":""604ac8bcacab216a44ae2d31ac29e6ac66c2b15a3842a5c8f0466c6697c08653"",""right_sha256"":""7d39f1e4cbda2b5a672f2bbec50a144bce953a4102574c957002e14425061ed5"",""overlap_rows"":166,""conflicting_rows"":60,""first_conflict"":""2026-01-02"",""last_conflict"":""2026-08-18"",""warmup_conflicting_sessions"":60}]",H:\workspace\PCSOS\pool_scan_runs\daily_coverage_recovery_20260905_1741\tickers\CCEP.json
CCI,MIGRATED_ACTIVE_CONTENT_CONFLICT,"[{""year"":2026,""left"":""data\\parquet\\daily\\symbol=CCI\\year=2026\\11511cb997dae78c6262dd92.parquet"",""right"":""data\\parquet\\daily\\symbol=CCI\\year=2026\\CCI_2026.parquet"",""left_sha256"":""579966e34788720d04075f9f7830b1f01bef7034b662f0177a5a90b07e3bd364"",""right_sha256"":""d50e2261144dd8ce5341b02058651a7426d80e40a09075cab145e57d15413fab"",""overlap_rows"":167,""conflicting_rows"":57,""first_conflict"":""2026-01-02"",""last_conflict"":""2026-08-14"",""warmup_conflicting_sessions"":57}]",H:\workspace\PCSOS\pool_scan_runs\daily_coverage_recovery_20260905_1741\tickers\CCI.json
CCJ,MIGRATED_ACTIVE_CONTENT_CONFLICT,"[{""year"":2026,""left"":""data\\parquet\\daily\\symbol=CCJ\\year=2026\\CCJ_2026.parquet"",""right"":""data\\parquet\\daily\\symbol=CCJ\\year=2026\\ba9b112803c0edd67eba822a.parquet"",""left_sha256"":""84cdbfbd988ccd6a77bd7c4ad30db3fa59d5e177c8e57b32ba1e52f33a87a147"",""right_sha256"":""ddffb4ce95139e746b4b20ffc904c6cd2f9e1640e2a95e0819e2b3f85640686e"",""overlap_rows"":167,""conflicting_rows"":38,""first_conflict"":""2026-01-27"",""last_conflict"":""2026-08-06"",""warmup_conflicting_sessions"":38}]",H:\workspace\PCSOS\pool_scan_runs\daily_coverage_recovery_20260905_1741\tickers\CCJ.json
CCK,MIGRATED_ACTIVE_CONTENT_CONFLICT,"[{""year"":2026,""left"":""data\\parquet\\daily\\symbol=CCK\\year=2026\\9eaf66340d26a71be02db10c.parquet"",""right"":""data\\parquet\\daily\\symbol=CCK\\year=2026\\CCK_2026.parquet"",""left_sha256"":""b00bbeafdb9505747d54d7d398d144f7292c871695f7d5dbcc1e4651d9bfc1b2"",""right_sha256"":""b3ab369b9b91fa4addbcf43a2338710dfd450b5e7599feaf9203625d1116850c"",""overlap_rows"":167,""conflicting_rows"":63,""first_conflict"":""2026-01-02"",""last_conflict"":""2026-08-13"",""warmup_conflicting_sessions"":63}]",H:\workspace\PCSOS\pool_scan_runs\daily_coverage_recovery_20260905_1741\tickers\CCK.json
CDE,MIGRATED_ACTIVE_CONTENT_CONFLICT,"[{""year"":2026,""left"":""data\\parquet\\daily\\symbol=CDE\\year=2026\\843a94553a0c41ef88b7c241.parquet"",""right"":""data\\parquet\\daily\\symbol=CDE\\year=2026\\CDE_2026.parquet"",""left_sha256"":""4b7b17428217c943934cea6607bf4eb58492f83ee8ae94ad7a242cc1f59824a0"",""right_sha256"":""2501d3dca3fd4efc1fd18ee8f45285a210d10418e5bf0f3cd9e8e3760dcc4b94"",""overlap_rows"":167,""conflicting_rows"":57,""first_conflict"":""2026-01-02"",""last_conflict"":""2026-08-14"",""warmup_conflicting_sessions"":57}]",H:\workspace\PCSOS\pool_scan_runs\daily_coverage_recovery_20260905_1741\tickers\CDE.json
CDW,MIGRATED_ACTIVE_CONTENT_CONFLICT,"[{""year"":2026,""left"":""data\\parquet\\daily\\symbol=CDW\\year=2026\\CDW_2026.parquet"",""right"":""data\\parquet\\daily\\symbol=CDW\\year=2026\\f498808a152d7d66b0381e13.parquet"",""left_sha256"":""3c02c4370ab5f5179d438ea6211514a65f7df8595cf0555a2219dff2a71640e3"",""right_sha256"":""bfb30155aecc10efea3c1e823fee2854a2b2c9f7bda1f311902999eff9fbc64a"",""overlap_rows"":167,""conflicting_rows"":55,""first_conflict"":""2026-01-02"",""last_conflict"":""2026-08-13"",""warmup_conflicting_sessions"":55}]",H:\workspace\PCSOS\pool_scan_runs\daily_coverage_recovery_20260905_1741\tickers\CDW.json
CE,MIGRATED_ACTIVE_CONTENT_CONFLICT,"[{""year"":2026,""left"":""data\\parquet\\daily\\symbol=CE\\year=2026\\CE_2026.parquet"",""right"":""data\\parquet\\daily\\symbol=CE\\year=2026\\fcca1c139b69aa11286afd1d.parquet"",""left_sha256"":""5fff0ea408f992e0b1f0b1787d49474534d66234c090373697b2cdb0d2f9dedf"",""right_sha256"":""0381b8377d353c222e7aec13a1a4ce9cdef4733e14ad86bda325ceae98084bf8"",""overlap_rows"":167,""conflicting_rows"":61,""first_conflict"":""2026-01-02"",""last_conflict"":""2026-08-14"",""warmup_conflicting_sessions"":61}]",H:\workspace\PCSOS\pool_scan_runs\daily_coverage_recovery_20260905_1741\tickers\CE.json
CEG,MIGRATED_ACTIVE_CONTENT_CONFLICT,"[{""year"":2026,""left"":""data\\parquet\\daily\\symbol=CEG\\year=2026\\86db943a426dad49b17c0b29.parquet"",""right"":""data\\parquet\\daily\\symbol=CEG\\year=2026\\CEG_2026.parquet"",""left_sha256"":""42270dd4913eddc15f147218ec9f9970a3a3aa7a18c4a5eb547324b5d8dd95bb"",""right_sha256"":""3d1e0aed4673e3ffa030976b772462bb34715ef6da0410eaa6c5fe4ad1716378"",""overlap_rows"":167,""conflicting_rows"":59,""first_conflict"":""2026-01-02"",""last_conflict"":""2026-08-14"",""warmup_conflicting_sessions"":59}]",H:\workspace\PCSOS\pool_scan_runs\daily_coverage_recovery_20260905_1741\tickers\CEG.json
CELC,MIGRATED_ACTIVE_CONTENT_CONFLICT,"[{""year"":2026,""left"":""data\\parquet\\daily\\symbol=CELC\\year=2026\\CELC_2026.parquet"",""right"":""data\\parquet\\daily\\symbol=CELC\\year=2026\\dcd4cc41b6932d1a73f3bd85.parquet"",""left_sha256"":""1a4e5043177478428dc2123ce986713176e1ef1d6988205d9b95cf0b1d09749c"",""right_sha256"":""e12c6c29d0d8bd086930f4853de6bbc661fcfc6836ca834708283e94bdc7eb46"",""overlap_rows"":167,""conflicting_rows"":44,""first_conflict"":""2026-01-02"",""last_conflict"":""2026-08-13"",""warmup_conflicting_sessions"":44}]",H:\workspace\PCSOS\pool_scan_runs\daily_coverage_recovery_20260905_1741\tickers\CELC.json
CENX,MIGRATED_ACTIVE_CONTENT_CONFLICT,"[{""year"":2026,""left"":""data\\parquet\\daily\\symbol=CENX\\year=2026\\9fac397af6ae83a77a292e71.parquet"",""right"":""data\\parquet\\daily\\symbol=CENX\\year=2026\\CENX_2026.parquet"",""left_sha256"":""7c7e4759d9301c4067cc56d674630a87675450da3ae963c82a65b6395c706e6d"",""right_sha256"":""cd1d2728d93e4ea192a2c432007a29a360eeed76bdc49f5943685321562360a0"",""overlap_rows"":167,""conflicting_rows"":37,""first_conflict"":""2026-01-29"",""last_conflict"":""2026-08-14"",""warmup_conflicting_sessions"":37}]",H:\workspace\PCSOS\pool_scan_runs\daily_coverage_recovery_20260905_1741\tickers\CENX.json
CF,MIGRATED_ACTIVE_CONTENT_CONFLICT,"[{""year"":2026,""left"":""data\\parquet\\daily\\symbol=CF\\year=2026\\2766c4d827c66ee6ab6170ce.parquet"",""right"":""data\\parquet\\daily\\symbol=CF\\year=2026\\CF_2026.parquet"",""left_sha256"":""92ade4f5456c7b1352f2e2566ea6421457482a7ae88901eb2c7c3deddef9f08b"",""right_sha256"":""9099d98364d804de39e8f586ebfbc92b3fb3e51f3a252c8135dc8a9f670ee0d8"",""overlap_rows"":167,""conflicting_rows"":64,""first_conflict"":""2026-01-02"",""last_conflict"":""2026-08-14"",""warmup_conflicting_sessions"":64}]",H:\workspace\PCSOS\pool_scan_runs\daily_coverage_recovery_20260905_1741\tickers\CF.json
CG,MIGRATED_ACTIVE_CONTENT_CONFLICT,"[{""year"":2026,""left"":""data\\parquet\\daily\\symbol=CG\\year=2026\\2a06721717d869d34d8440af.parquet"",""right"":""data\\parquet\\daily\\symbol=CG\\year=2026\\CG_2026.parquet"",""left_sha256"":""122f934535e5638116dd436cc4269e7665fac86e61b96c18018532d086c4a61d"",""right_sha256"":""474a3a61897dfc5fd2beb550aa4e7f491562525ab7805460038637352274cb15"",""overlap_rows"":167,""conflicting_rows"":56,""first_conflict"":""2026-01-02"",""last_conflict"":""2026-08-13"",""warmup_conflicting_sessions"":56}]",H:\workspace\PCSOS\pool_scan_runs\daily_coverage_recovery_20260905_1741\tickers\CG.json
CGNX,MIGRATED_ACTIVE_CONTENT_CONFLICT,"[{""year"":2026,""left"":""data\\parquet\\daily\\symbol=CGNX\\year=2026\\CGNX_2026.parquet"",""right"":""data\\parquet\\daily\\symbol=CGNX\\year=2026\\f678e35de4b0f53e55bc608f.parquet"",""left_sha256"":""fc67223cba3e001dd4d26489adab4c9e3edcfc947c3a5084bce8e1ed12218870"",""right_sha256"":""acb6090bd056a06ac20076e7f34a8c62f0d52dd1fbf940997f28771604095686"",""overlap_rows"":167,""conflicting_rows"":58,""first_conflict"":""2026-01-02"",""last_conflict"":""2026-08-13"",""warmup_conflicting_sessions"":58}]",H:\workspace\PCSOS\pool_scan_runs\daily_coverage_recovery_20260905_1741\tickers\CGNX.json
CHAT,MIGRATED_ACTIVE_CONTENT_CONFLICT,"[{""year"":2026,""left"":""data\\parquet\\daily\\symbol=CHAT\\year=2026\\9afe279b6878c8372ec42859.parquet"",""right"":""data\\parquet\\daily\\symbol=CHAT\\year=2026\\CHAT_2026.parquet"",""left_sha256"":""e2c61b1ea7867e1438aa197dde060e156febf9f1472f961bbd88595afcb15287"",""right_sha256"":""562fa63e90df0cb11a234d89aced57593b1079cf669fb0550ee026f30bd42d9a"",""overlap_rows"":167,""conflicting_rows"":38,""first_conflict"":""2026-01-27"",""last_conflict"":""2026-08-13"",""warmup_conflicting_sessions"":38}]",H:\workspace\PCSOS\pool_scan_runs\daily_coverage_recovery_20260905_1741\tickers\CHAT.json
CHD,MIGRATED_ACTIVE_CONTENT_CONFLICT,"[{""year"":2026,""left"":""data\\parquet\\daily\\symbol=CHD\\year=2026\\CHD_2026.parquet"",""right"":""data\\parquet\\daily\\symbol=CHD\\year=2026\\ddf7c0164857811220fa08f5.parquet"",""left_sha256"":""2282367b90cbcfae58f3e2c3fca6d2127f19de00d37d632461d0d0cb6448c31b"",""right_sha256"":""44606f258fd46727252aeeb7ddf66e6f28d5bef16225656c52116fe75e677430"",""overlap_rows"":167,""conflicting_rows"":64,""first_conflict"":""2026-01-02"",""last_conflict"":""2026-08-14"",""warmup_conflicting_sessions"":64}]",H:\workspace\PCSOS\pool_scan_runs\daily_coverage_recovery_20260905_1741\tickers\CHD.json
CHDN,MIGRATED_ACTIVE_CONTENT_CONFLICT,"[{""year"":2026,""left"":""data\\parquet\\daily\\symbol=CHDN\\year=2026\\7334419b40a483f9a39b7856.parquet"",""right"":""data\\parquet\\daily\\symbol=CHDN\\year=2026\\CHDN_2026.parquet"",""left_sha256"":""ed8d323d92f14a88cfe153cb244257c635aeaf3bb1f3cf864814fbdc854acfda"",""right_sha256"":""b9b4fc4e321056f8dc84b48b99be2071623473998b9f8b71325e7841187971ee"",""overlap_rows"":167,""conflicting_rows"":40,""first_conflict"":""2026-01-27"",""last_conflict"":""2026-08-14"",""warmup_conflicting_sessions"":40}]",H:\workspace\PCSOS\pool_scan_runs\daily_coverage_recovery_20260905_1741\tickers\CHDN.json
CHGG,MIGRATED_ACTIVE_CONTENT_CONFLICT,"[{""year"":2026,""left"":""data\\parquet\\daily\\symbol=CHGG\\year=2026\\9039dc18c83479d6ff1b4b53.parquet"",""right"":""data\\parquet\\daily\\symbol=CHGG\\year=2026\\CHGG_2026.parquet"",""left_sha256"":""06342a95cc9a9ca678f464dd7a418ec8b5eb6d6f8a50017238f26df47aa3e938"",""right_sha256"":""00bf61e1e9ae3026e84dbe85014241aebe438efdab1bba3b890aebfe9ba840a4"",""overlap_rows"":167,""conflicting_rows"":55,""first_conflict"":""2026-01-02"",""last_conflict"":""2026-08-14"",""warmup_conflicting_sessions"":55}]",H:\workspace\PCSOS\pool_scan_runs\daily_coverage_recovery_20260905_1741\tickers\CHGG.json
CHH,MIGRATED_ACTIVE_CONTENT_CONFLICT,"[{""year"":2026,""left"":""data\\parquet\\daily\\symbol=CHH\\year=2026\\8f4858ff6a1c49eb15b4f6de.parquet"",""right"":""data\\parquet\\daily\\symbol=CHH\\year=2026\\CHH_2026.parquet"",""left_sha256"":""f07ab4851df32df07fed49e8dab0c7958662c712663b590d130a15b225d375f9"",""right_sha256"":""a061cf5ce0353f4b4136e827bffb360ba45be3b8cbe34453131dbe397cd42991"",""overlap_rows"":167,""conflicting_rows"":56,""first_conflict"":""2026-01-02"",""last_conflict"":""2026-07-29"",""warmup_conflicting_sessions"":56}]",H:\workspace\PCSOS\pool_scan_runs\daily_coverage_recovery_20260905_1741\tickers\CHH.json
CHPT,MIGRATED_ACTIVE_CONTENT_CONFLICT,"[{""year"":2026,""left"":""data\\parquet\\daily\\symbol=CHPT\\year=2026\\9ecf04ce3db8fc46c75d5bba.parquet"",""right"":""data\\parquet\\daily\\symbol=CHPT\\year=2026\\CHPT_2026.parquet"",""left_sha256"":""33614bc1353cd90d954d01e384450f7352ed46b0c2a626ca0a5d0de3cd70d973"",""right_sha256"":""edd65236ba6b7d76bc7d92ca8c6f0e86e560f8771dc3a1f32e0948aef325384b"",""overlap_rows"":167,""conflicting_rows"":41,""first_conflict"":""2026-01-29"",""last_conflict"":""2026-08-14"",""warmup_conflicting_sessions"":41}]",H:\workspace\PCSOS\pool_scan_runs\daily_coverage_recovery_20260905_1741\tickers\CHPT.json
CHRW,MIGRATED_ACTIVE_CONTENT_CONFLICT,"[{""year"":2026,""left"":""data\\parquet\\daily\\symbol=CHRW\\year=2026\\CHRW_2026.parquet"",""right"":""data\\parquet\\daily\\symbol=CHRW\\year=2026\\df1b43b09b377d45b3b07dc2.parquet"",""left_sha256"":""46cd8ffed5a18657599f6b2a790e55ad3f5ce196624c2a6881e2fe8f62e49ff7"",""right_sha256"":""b841b3229e6fbc89a305bfdf209d01bce9660fe4445bce0e97e6a1f7e7cc6c38"",""overlap_rows"":167,""conflicting_rows"":54,""first_conflict"":""2026-01-02"",""last_conflict"":""2026-08-14"",""warmup_conflicting_sessions"":54}]",H:\workspace\PCSOS\pool_scan_runs\daily_coverage_recovery_20260905_1741\tickers\CHRW.json
CHTR,MIGRATED_ACTIVE_CONTENT_CONFLICT,"[{""year"":2026,""left"":""data\\parquet\\daily\\symbol=CHTR\\year=2026\\82b6831c94ee5c469b96789b.parquet"",""right"":""data\\parquet\\daily\\symbol=CHTR\\year=2026\\CHTR_2026.parquet"",""left_sha256"":""b53627996bec9c7b2056c732cd00baee6f4cd6928a17cbb5f4dcdbed0442a518"",""right_sha256"":""1b75fa7e576d7ff760d85e9ac7dae3c367d0fc945cd2f1d44c987f2f82f85846"",""overlap_rows"":167,""conflicting_rows"":40,""first_conflict"":""2026-01-02"",""last_conflict"":""2026-08-14"",""warmup_conflicting_sessions"":40}]",H:\workspace\PCSOS\pool_scan_runs\daily_coverage_recovery_20260905_1741\tickers\CHTR.json
CI,MIGRATED_ACTIVE_CONTENT_CONFLICT,"[{""year"":2026,""left"":""data\\parquet\\daily\\symbol=CI\\year=2026\\CI_2026.parquet"",""right"":""data\\parquet\\daily\\symbol=CI\\year=2026\\d22f5c781ba2c33c164f5978.parquet"",""left_sha256"":""030d5d5e6b588d5b235fb7533f18e355e9eb1175c64cc70a5eec6c709c822420"",""right_sha256"":""6f126a897e79f1c6754f6980b5eeee3590554405c426c03706bdee098e91da7d"",""overlap_rows"":165,""conflicting_rows"":63,""first_conflict"":""2026-01-02"",""last_conflict"":""2026-08-18"",""warmup_conflicting_sessions"":63}]",H:\workspace\PCSOS\pool_scan_runs\daily_coverage_recovery_20260905_1741\tickers\CI.json
CIBR,MIGRATED_ACTIVE_CONTENT_CONFLICT,"[{""year"":2026,""left"":""data\\parquet\\daily\\symbol=CIBR\\year=2026\\CIBR_2026.parquet"",""right"":""data\\parquet\\daily\\symbol=CIBR\\year=2026\\e0ea78eadec015f5ed209cf5.parquet"",""left_sha256"":""250b4edee3d6901c63e15424881f15f96c145272a4ce86bc332f71bf739642d1"",""right_sha256"":""0833d609c0169ab10ae21528ef4799f792aa8152cb1c0a422cc50f9e6ea1ec28"",""overlap_rows"":167,""conflicting_rows"":62,""first_conflict"":""2026-01-02"",""last_conflict"":""2026-08-14"",""warmup_conflicting_sessions"":62}]",H:\workspace\PCSOS\pool_scan_runs\daily_coverage_recovery_20260905_1741\tickers\CIBR.json
CIEN,MIGRATED_ACTIVE_CONTENT_CONFLICT,"[{""year"":2026,""left"":""data\\parquet\\daily\\symbol=CIEN\\year=2026\\4f5a26f76b97ff3055e79c56.parquet"",""right"":""data\\parquet\\daily\\symbol=CIEN\\year=2026\\CIEN_2026.parquet"",""left_sha256"":""3611faeede7f9a5fa522c0324ca64cd8cd086d241d2555f177e95f6534e23bb2"",""right_sha256"":""cb7aeb79f8968a67803b75cd26d55c52b25273b94a726fede823f0e5e6c7b3a3"",""overlap_rows"":167,""conflicting_rows"":29,""first_conflict"":""2026-01-29"",""last_conflict"":""2026-08-14"",""warmup_conflicting_sessions"":29}]",H:\workspace\PCSOS\pool_scan_runs\daily_coverage_recovery_20260905_1741\tickers\CIEN.json
CIFR,MIGRATED_ACTIVE_CONTENT_CONFLICT,"[{""year"":2026,""left"":""data\\parquet\\daily\\symbol=CIFR\\year=2026\\CIFR_2026.parquet"",""right"":""data\\parquet\\daily\\symbol=CIFR\\year=2026\\dde0192fc4f4e1bd85670c87.parquet"",""left_sha256"":""c9b14dfe9b0f229fd04bd0e955ab7a2053b5761d6ef272b8f3c77bc4d16c038c"",""right_sha256"":""c0de71c07f33a4d4fb36ecdbc9c0d1400543aced6f73a0d7d014789315edafbf"",""overlap_rows"":167,""conflicting_rows"":46,""first_conflict"":""2026-01-02"",""last_conflict"":""2026-08-14"",""warmup_conflicting_sessions"":46}]",H:\workspace\PCSOS\pool_scan_runs\daily_coverage_recovery_20260905_1741\tickers\CIFR.json
CL,MIGRATED_ACTIVE_CONTENT_CONFLICT,"[{""year"":2026,""left"":""data\\parquet\\daily\\symbol=CL\\year=2026\\226dd322e8cd5ed369b93a4c.parquet"",""right"":""data\\parquet\\daily\\symbol=CL\\year=2026\\CL_2026.parquet"",""left_sha256"":""99300422cf7f8a952f71eaa7b760ae6a818f8f22a36ebce9be0fbe68c05198c1"",""right_sha256"":""554f0b0294439506a98aaf6751b2be9e241f645248267287014a9e7976535623"",""overlap_rows"":167,""conflicting_rows"":62,""first_conflict"":""2026-01-02"",""last_conflict"":""2026-08-14"",""warmup_conflicting_sessions"":62}]",H:\workspace\PCSOS\pool_scan_runs\daily_coverage_recovery_20260905_1741\tickers\CL.json
CLBT,MIGRATED_ACTIVE_CONTENT_CONFLICT,"[{""year"":2026,""left"":""data\\parquet\\daily\\symbol=CLBT\\year=2026\\CLBT_2026.parquet"",""right"":""data\\parquet\\daily\\symbol=CLBT\\year=2026\\eb73375536761a42b0de4f52.parquet"",""left_sha256"":""04bcbe0f8bf4262370789cea3539e1fd359566961a0b955761261d761a0d6673"",""right_sha256"":""a17c244708bac7a1121b19ec1ba1c8f076b8590d880149cb7fae9bcbb68ee9dd"",""overlap_rows"":167,""conflicting_rows"":43,""first_conflict"":""2026-01-02"",""last_conflict"":""2026-08-06"",""warmup_conflicting_sessions"":43}]",H:\workspace\PCSOS\pool_scan_runs\daily_coverage_recovery_20260905_1741\tickers\CLBT.json
CLF,MIGRATED_ACTIVE_CONTENT_CONFLICT,"[{""year"":2026,""left"":""data\\parquet\\daily\\symbol=CLF\\year=2026\\CLF_2026.parquet"",""right"":""data\\parquet\\daily\\symbol=CLF\\year=2026\\a64f00446e27a1ab44f04cc0.parquet"",""left_sha256"":""ea31a23cccb156139b32489ec1491b42b23e34c76fbe064557b2501d818fd154"",""right_sha256"":""58a55b026a3cb6dac818b806bc2af6a02f1003acc35ffd0235796607ceb0c088"",""overlap_rows"":167,""conflicting_rows"":42,""first_conflict"":""2026-01-29"",""last_conflict"":""2026-08-13"",""warmup_conflicting_sessions"":42}]",H:\workspace\PCSOS\pool_scan_runs\daily_coverage_recovery_20260905_1741\tickers\CLF.json
CLH,MIGRATED_ACTIVE_CONTENT_CONFLICT,"[{""year"":2026,""left"":""data\\parquet\\daily\\symbol=CLH\\year=2026\\CLH_2026.parquet"",""right"":""data\\parquet\\daily\\symbol=CLH\\year=2026\\fd2aa4093529a061e666f7fb.parquet"",""left_sha256"":""3615fa4e8b3b37a25675817a7a203d9cf4bca5c30312b0a044aadd3e72df21fd"",""right_sha256"":""e1705c25f29d0f269cee257be2ec85151ae2cf530861d79e08825339b34cd044"",""overlap_rows"":167,""conflicting_rows"":34,""first_conflict"":""2026-01-30"",""last_conflict"":""2026-08-14"",""warmup_conflicting_sessions"":34}]",H:\workspace\PCSOS\pool_scan_runs\daily_coverage_recovery_20260905_1741\tickers\CLH.json
CLNE,MIGRATED_ACTIVE_CONTENT_CONFLICT,"[{""year"":2026,""left"":""data\\parquet\\daily\\symbol=CLNE\\year=2026\\CLNE_2026.parquet"",""right"":""data\\parquet\\daily\\symbol=CLNE\\year=2026\\aa23de05c119bf4c634db2be.parquet"",""left_sha256"":""7f5e7d29583dfbd34e919a630a9b8a7e489976fe8a28038c82a81ec3ffedd300"",""right_sha256"":""1497d64cf693ac99589f7c19d246a03247d3299b5789fd1bdf6a7a6252555788"",""overlap_rows"":167,""conflicting_rows"":43,""first_conflict"":""2026-01-27"",""last_conflict"":""2026-08-14"",""warmup_conflicting_sessions"":43}]",H:\workspace\PCSOS\pool_scan_runs\daily_coverage_recovery_20260905_1741\tickers\CLNE.json
CLOV,MIGRATED_ACTIVE_CONTENT_CONFLICT,"[{""year"":2026,""left"":""data\\parquet\\daily\\symbol=CLOV\\year=2026\\863595ca82273a4fb73f4c30.parquet"",""right"":""data\\parquet\\daily\\symbol=CLOV\\year=2026\\CLOV_2026.parquet"",""left_sha256"":""26c5ec66682d22133139c49f4bac9a01c88e9d0a6f9754f3e9c6d96415753a29"",""right_sha256"":""a2af6872463f806fbde3807d37eb3afc0006e6eec74c37ed068724698337a4d6"",""overlap_rows"":167,""conflicting_rows"":35,""first_conflict"":""2026-01-27"",""last_conflict"":""2026-08-14"",""warmup_conflicting_sessions"":35}]",H:\workspace\PCSOS\pool_scan_runs\daily_coverage_recovery_20260905_1741\tickers\CLOV.json
CLS,MIGRATED_ACTIVE_CONTENT_CONFLICT,"[{""year"":2026,""left"":""data\\parquet\\daily\\symbol=CLS\\year=2026\\CLS_2026.parquet"",""right"":""data\\parquet\\daily\\symbol=CLS\\year=2026\\c10fecb32ad76dc6aedd5523.parquet"",""left_sha256"":""d1cd455a2dbbd616348ff73d37c7ffd7095d4a007fa148775b981fcc6f280080"",""right_sha256"":""67ef4fdd2b7a99dacbd122cad08f2ab30ee30525d79ff217360c4a40742dc449"",""overlap_rows"":167,""conflicting_rows"":38,""first_conflict"":""2026-01-02"",""last_conflict"":""2026-08-14"",""warmup_conflicting_sessions"":38}]",H:\workspace\PCSOS\pool_scan_runs\daily_coverage_recovery_20260905_1741\tickers\CLS.json
CLVT,MIGRATED_ACTIVE_CONTENT_CONFLICT,"[{""year"":2026,""left"":""data\\parquet\\daily\\symbol=CLVT\\year=2026\\87d18b5d8e91a1d1df9b833b.parquet"",""right"":""data\\parquet\\daily\\symbol=CLVT\\year=2026\\CLVT_2026.parquet"",""left_sha256"":""efc8256d4fff20330505f779ad664564cb606ddb136dd976dee3af5eb198ee29"",""right_sha256"":""a5928aced622782ff187249a77599a0516f83092bbb52058dfefc4c4cca4a186"",""overlap_rows"":167,""conflicting_rows"":41,""first_conflict"":""2026-01-29"",""last_conflict"":""2026-08-14"",""warmup_conflicting_sessions"":41}]",H:\workspace\PCSOS\pool_scan_runs\daily_coverage_recovery_20260905_1741\tickers\CLVT.json
CLX,MIGRATED_ACTIVE_CONTENT_CONFLICT,"[{""year"":2026,""left"":""data\\parquet\\daily\\symbol=CLX\\year=2026\\887a2db65f8ba2755dc80d6d.parquet"",""right"":""data\\parquet\\daily\\symbol=CLX\\year=2026\\CLX_2026.parquet"",""left_sha256"":""bf34f2241823b80aea037e71786b359ac3287d6fa410fc5606a6b64b0816b30b"",""right_sha256"":""b3aae9f361bf52bbab345056310c8dcfb1b164197a5702b283302c2cbe1cb377"",""overlap_rows"":167,""conflicting_rows"":63,""first_conflict"":""2026-01-02"",""last_conflict"":""2026-08-13"",""warmup_conflicting_sessions"":63}]",H:\workspace\PCSOS\pool_scan_runs\daily_coverage_recovery_20260905_1741\tickers\CLX.json
CM,MIGRATED_ACTIVE_CONTENT_CONFLICT,"[{""year"":2026,""left"":""data\\parquet\\daily\\symbol=CM\\year=2026\\2316175a5af7dc9d0231475c.parquet"",""right"":""data\\parquet\\daily\\symbol=CM\\year=2026\\CM_2026.parquet"",""left_sha256"":""a17fb8b2e724e91ab7c0e07e379164c66dd2957170934d531f9b1a95f2b92fa5"",""right_sha256"":""7ab7c63e44d45a4080046b72522eef7f9ae74e84990df3e6cee0df517fb408d0"",""overlap_rows"":167,""conflicting_rows"":57,""first_conflict"":""2026-01-02"",""last_conflict"":""2026-08-05"",""warmup_conflicting_sessions"":57}]",H:\workspace\PCSOS\pool_scan_runs\daily_coverage_recovery_20260905_1741\tickers\CM.json
CMC,MIGRATED_ACTIVE_CONTENT_CONFLICT,"[{""year"":2026,""left"":""data\\parquet\\daily\\symbol=CMC\\year=2026\\CMC_2026.parquet"",""right"":""data\\parquet\\daily\\symbol=CMC\\year=2026\\e79f77c4d0f0d7242e748e0f.parquet"",""left_sha256"":""1e29574ad7b3af69065354c4b9a643611a16142290dfa30ab494c4722ff32498"",""right_sha256"":""8a5867b3900c75beb1e353cdbf551ce683fc866aab5bd956d4a53cffc2e1a479"",""overlap_rows"":167,""conflicting_rows"":57,""first_conflict"":""2026-01-02"",""last_conflict"":""2026-08-06"",""warmup_conflicting_sessions"":57}]",H:\workspace\PCSOS\pool_scan_runs\daily_coverage_recovery_20260905_1741\tickers\CMC.json
CMCSA,MIGRATED_ACTIVE_CONTENT_CONFLICT,"[{""year"":2026,""left"":""data\\parquet\\daily\\symbol=CMCSA\\year=2026\\CMCSA_2026.parquet"",""right"":""data\\parquet\\daily\\symbol=CMCSA\\year=2026\\aba63c57493338229edde018.parquet"",""left_sha256"":""017a93bb36c4bc4ddfc53f24740307993953488cd4ebc8dc046df77084d09dd0"",""right_sha256"":""f25f84a2790a2995c4a4ba43b6b2f48af25363188d1be300549bd8f4edf667d0"",""overlap_rows"":167,""conflicting_rows"":62,""first_conflict"":""2026-01-02"",""last_conflict"":""2026-08-13"",""warmup_conflicting_sessions"":62}]",H:\workspace\PCSOS\pool_scan_runs\daily_coverage_recovery_20260905_1741\tickers\CMCSA.json
CMG,MIGRATED_ACTIVE_CONTENT_CONFLICT,"[{""year"":2026,""left"":""data\\parquet\\daily\\symbol=CMG\\year=2026\\CMG_2026.parquet"",""right"":""data\\parquet\\daily\\symbol=CMG\\year=2026\\d23bd7b92069d8eadfc0ac4f.parquet"",""left_sha256"":""debd99b216f9d38799753af25e685ecfd99b05cec9418a8a0216529d0e9dcc78"",""right_sha256"":""c1d9b3c283ae3de0be2c9ed0fae8d16e7775463efeda747e70ba35bf1b4d3ae9"",""overlap_rows"":167,""conflicting_rows"":46,""first_conflict"":""2026-01-27"",""last_conflict"":""2026-08-14"",""warmup_conflicting_sessions"":46}]",H:\workspace\PCSOS\pool_scan_runs\daily_coverage_recovery_20260905_1741\tickers\CMG.json
CMI,MIGRATED_ACTIVE_CONTENT_CONFLICT,"[{""year"":2026,""left"":""data\\parquet\\daily\\symbol=CMI\\year=2026\\39d5095386e32a2f25def54f.parquet"",""right"":""data\\parquet\\daily\\symbol=CMI\\year=2026\\CMI_2026.parquet"",""left_sha256"":""455a9025bdbf948d0ae87d581c099b008708e1bdf20f4fdf660018ba71362aac"",""right_sha256"":""e0e5b7d39e337aa6bd716ae182bca6c96fec22442965b1d07b7d130e0ec2ecd5"",""overlap_rows"":167,""conflicting_rows"":54,""first_conflict"":""2026-01-02"",""last_conflict"":""2026-08-14"",""warmup_conflicting_sessions"":54}]",H:\workspace\PCSOS\pool_scan_runs\daily_coverage_recovery_20260905_1741\tickers\CMI.json
CMP,MIGRATED_ACTIVE_CONTENT_CONFLICT,"[{""year"":2026,""left"":""data\\parquet\\daily\\symbol=CMP\\year=2026\\71f16f933385c2373c79ac03.parquet"",""right"":""data\\parquet\\daily\\symbol=CMP\\year=2026\\CMP_2026.parquet"",""left_sha256"":""1658343e64889ab4902d9c9b593eb19b90c64a26de7bda22e445f2fdf840552f"",""right_sha256"":""4c520981487e9ce899b6b887bc229caacc666eeeebac0e2f11826b22e9587249"",""overlap_rows"":167,""conflicting_rows"":45,""first_conflict"":""2026-01-30"",""last_conflict"":""2026-08-14"",""warmup_conflicting_sessions"":45}]",H:\workspace\PCSOS\pool_scan_runs\daily_coverage_recovery_20260905_1741\tickers\CMP.json
CMPS,MIGRATED_ACTIVE_CONTENT_CONFLICT,"[{""year"":2026,""left"":""data\\parquet\\daily\\symbol=CMPS\\year=2026\\8309128c8cd0ada9bd8e3648.parquet"",""right"":""data\\parquet\\daily\\symbol=CMPS\\year=2026\\CMPS_2026.parquet"",""left_sha256"":""60b1235d0bbf02e642e46f9ecee8e54098e0c9f4e8c1640eb94513d1d24854a8"",""right_sha256"":""2d5c06c0ec8724ea372554900e418decdbdf4d79506acf642a2736ef35a78e2f"",""overlap_rows"":166,""conflicting_rows"":47,""first_conflict"":""2026-01-02"",""last_conflict"":""2026-08-18"",""warmup_conflicting_sessions"":47}]",H:\workspace\PCSOS\pool_scan_runs\daily_coverage_recovery_20260905_1741\tickers\CMPS.json
CNK,MIGRATED_ACTIVE_CONTENT_CONFLICT,"[{""year"":2026,""left"":""data\\parquet\\daily\\symbol=CNK\\year=2026\\0479811e38e08eac42c1bc53.parquet"",""right"":""data\\parquet\\daily\\symbol=CNK\\year=2026\\CNK_2026.parquet"",""left_sha256"":""802cf8025ec6874dd47b6c961d408048113bf63078a3f2c20a8b44bf871607df"",""right_sha256"":""c22e916fbd1beecb00420735a5cc05b0883f35351d30ecf5754d83f470a2738d"",""overlap_rows"":167,""conflicting_rows"":56,""first_conflict"":""2026-01-02"",""last_conflict"":""2026-08-13"",""warmup_conflicting_sessions"":56}]",H:\workspace\PCSOS\pool_scan_runs\daily_coverage_recovery_20260905_1741\tickers\CNK.json
CNMD,MIGRATED_ACTIVE_CONTENT_CONFLICT,"[{""year"":2026,""left"":""data\\parquet\\daily\\symbol=CNMD\\year=2026\\CNMD_2026.parquet"",""right"":""data\\parquet\\daily\\symbol=CNMD\\year=2026\\deedd1cb8350fb7957e70e96.parquet"",""left_sha256"":""3802302bf313b24e747aee31e92019cfc1047d010c6fa2593515409b3c64072c"",""right_sha256"":""6408c5f316545eb5c0c33c54afb90479ce980b861fef23802f755f266133f7ce"",""overlap_rows"":167,""conflicting_rows"":30,""first_conflict"":""2026-01-27"",""last_conflict"":""2026-08-13"",""warmup_conflicting_sessions"":30}]",H:\workspace\PCSOS\pool_scan_runs\daily_coverage_recovery_20260905_1741\tickers\CNMD.json
CNX,MIGRATED_ACTIVE_CONTENT_CONFLICT,"[{""year"":2026,""left"":""data\\parquet\\daily\\symbol=CNX\\year=2026\\049c0c79d4b2edafae4f952f.parquet"",""right"":""data\\parquet\\daily\\symbol=CNX\\year=2026\\CNX_2026.parquet"",""left_sha256"":""0fee6fbf999a2de8346eb3aa649fdfea3393d77e2ee232354afc0933a1f8f06c"",""right_sha256"":""60f4c7b522f52ded644998b0cb31f927b9a742adfd2940730abd41b49dc10b39"",""overlap_rows"":167,""conflicting_rows"":33,""first_conflict"":""2026-01-02"",""last_conflict"":""2026-08-13"",""warmup_conflicting_sessions"":33}]",H:\workspace\PCSOS\pool_scan_runs\daily_coverage_recovery_20260905_1741\tickers\CNX.json
COCO,MIGRATED_ACTIVE_CONTENT_CONFLICT,"[{""year"":2026,""left"":""data\\parquet\\daily\\symbol=COCO\\year=2026\\3c7861885c0a7028981c9dcb.parquet"",""right"":""data\\parquet\\daily\\symbol=COCO\\year=2026\\COCO_2026.parquet"",""left_sha256"":""b7abf3f72658e3adba35323952ce1df256db3223e740c372ec4b1a54ff7674c1"",""right_sha256"":""1e290bae25b5bece4bb1caf010007473ba3c5a24694b93a292f4089814923bfd"",""overlap_rows"":167,""conflicting_rows"":44,""first_conflict"":""2026-01-02"",""last_conflict"":""2026-08-14"",""warmup_conflicting_sessions"":44}]",H:\workspace\PCSOS\pool_scan_runs\daily_coverage_recovery_20260905_1741\tickers\COCO.json
COF,MIGRATED_ACTIVE_CONTENT_CONFLICT,"[{""year"":2026,""left"":""data\\parquet\\daily\\symbol=COF\\year=2026\\02d5c2a52a7b9f9c4f84fa9b.parquet"",""right"":""data\\parquet\\daily\\symbol=COF\\year=2026\\COF_2026.parquet"",""left_sha256"":""58d23ceaa4f7b49e9afb858156eb75848f511c8fb60762c3c6bdd299562cc079"",""right_sha256"":""cabbb5976bb34993a77f82179231f5cae7a7fb01920ccb4852771cb87a6c30be"",""overlap_rows"":167,""conflicting_rows"":57,""first_conflict"":""2026-01-02"",""last_conflict"":""2026-08-14"",""warmup_conflicting_sessions"":57}]",H:\workspace\PCSOS\pool_scan_runs\daily_coverage_recovery_20260905_1741\tickers\COF.json
COLD,MIGRATED_ACTIVE_CONTENT_CONFLICT,"[{""year"":2026,""left"":""data\\parquet\\daily\\symbol=COLD\\year=2026\\8241473f59fd036446fd8cfd.parquet"",""right"":""data\\parquet\\daily\\symbol=COLD\\year=2026\\COLD_2026.parquet"",""left_sha256"":""6ea455243398197dc69c5e5b3b8c5c5312d9045e91005c4b88fba420b5097916"",""right_sha256"":""3cc69461705f85819aa5efd61c2f098e996ff8250eabe18a43f6868edaae0210"",""overlap_rows"":167,""conflicting_rows"":63,""first_conflict"":""2026-01-02"",""last_conflict"":""2026-08-14"",""warmup_conflicting_sessions"":63}]",H:\workspace\PCSOS\pool_scan_runs\daily_coverage_recovery_20260905_1741\tickers\COLD.json
COMP,MIGRATED_ACTIVE_CONTENT_CONFLICT,"[{""year"":2026,""left"":""data\\parquet\\daily\\symbol=COMP\\year=2026\\283a8b790dadafa5533bd1fa.parquet"",""right"":""data\\parquet\\daily\\symbol=COMP\\year=2026\\COMP_2026.parquet"",""left_sha256"":""78a629fbee28205efbb36e1c963823aa74d4aa11d17df82d6cde68e5a25346b7"",""right_sha256"":""ca0fdab02b016f27d2f42e9ce4610d5bdeb7d179992015423533efb961386195"",""overlap_rows"":167,""conflicting_rows"":47,""first_conflict"":""2026-01-02"",""last_conflict"":""2026-08-13"",""warmup_conflicting_sessions"":47}]",H:\workspace\PCSOS\pool_scan_runs\daily_coverage_recovery_20260905_1741\tickers\COMP.json
CONL,MIGRATED_ACTIVE_CONTENT_CONFLICT,"[{""year"":2026,""left"":""data\\parquet\\daily\\symbol=CONL\\year=2026\\746b822f31021a152a18fd6c.parquet"",""right"":""data\\parquet\\daily\\symbol=CONL\\year=2026\\CONL_2026.parquet"",""left_sha256"":""c5694342f1dccc9bfb2c358955cc3c74977dedbdaf1dc787492152b6e196918b"",""right_sha256"":""a9132973683b02a0757cb62742943bbf534bafffbd22c82a81b4042f2307ddae"",""overlap_rows"":167,""conflicting_rows"":44,""first_conflict"":""2026-01-02"",""last_conflict"":""2026-08-14"",""warmup_conflicting_sessions"":44}]",H:\workspace\PCSOS\pool_scan_runs\daily_coverage_recovery_20260905_1741\tickers\CONL.json
CONY,MIGRATED_ACTIVE_CONTENT_CONFLICT,"[{""year"":2026,""left"":""data\\parquet\\daily\\symbol=CONY\\year=2026\\CONY_2026.parquet"",""right"":""data\\parquet\\daily\\symbol=CONY\\year=2026\\a71ba1e1cb06c5bcd456406e.parquet"",""left_sha256"":""60195d69f69f868480491868a46030b738d5c17a1c1f08382a07a5d562794bcb"",""right_sha256"":""a987ab88209d56ec207211f0eb9103981688d94c156c383f579bbeb67e294f49"",""overlap_rows"":167,""conflicting_rows"":62,""first_conflict"":""2026-01-02"",""last_conflict"":""2026-08-06"",""warmup_conflicting_sessions"":62}]",H:\workspace\PCSOS\pool_scan_runs\daily_coverage_recovery_20260905_1741\tickers\CONY.json
COO,MIGRATED_ACTIVE_CONTENT_CONFLICT,"[{""year"":2026,""left"":""data\\parquet\\daily\\symbol=COO\\year=2026\\99a976a4165e3c682c66882d.parquet"",""right"":""data\\parquet\\daily\\symbol=COO\\year=2026\\COO_2026.parquet"",""left_sha256"":""4ea20b7bbdfb6e9565c8978dbe9aec669deae99460cbb208ecb72415df74bd1d"",""right_sha256"":""d3c40ee8dca67e4a30bf8ce669f5abcddc2d47b5926e729c40a0c8409e285e63"",""overlap_rows"":167,""conflicting_rows"":37,""first_conflict"":""2026-01-29"",""last_conflict"":""2026-08-13"",""warmup_conflicting_sessions"":37}]",H:\workspace\PCSOS\pool_scan_runs\daily_coverage_recovery_20260905_1741\tickers\COO.json
COR,MIGRATED_ACTIVE_CONTENT_CONFLICT,"[{""year"":2026,""left"":""data\\parquet\\daily\\symbol=COR\\year=2026\\COR_2026.parquet"",""right"":""data\\parquet\\daily\\symbol=COR\\year=2026\\b449464559dcd93d2f1da654.parquet"",""left_sha256"":""f8008667b39684af5562911305197af16503632c97a92dfe4c84d5583ba53b77"",""right_sha256"":""b597acda1da0892465e85619af78d75b45fc4a3e51697c585d7853b7a14b2a22"",""overlap_rows"":167,""conflicting_rows"":64,""first_conflict"":""2026-01-02"",""last_conflict"":""2026-08-14"",""warmup_conflicting_sessions"":64}]",H:\workspace\PCSOS\pool_scan_runs\daily_coverage_recovery_20260905_1741\tickers\COR.json
COTY,MIGRATED_ACTIVE_CONTENT_CONFLICT,"[{""year"":2026,""left"":""data\\parquet\\daily\\symbol=COTY\\year=2026\\142ea581fbb7bb745df459f7.parquet"",""right"":""data\\parquet\\daily\\symbol=COTY\\year=2026\\COTY_2026.parquet"",""left_sha256"":""1fb2b66a3ceb815e16fb665150592402d32a9d04791ed9751fc23e4320f57836"",""right_sha256"":""650578d08c7b099bd37e8b9b9c340c8dd9eccb6b08c8d1c1fe0ce1a1c38288f0"",""overlap_rows"":167,""conflicting_rows"":39,""first_conflict"":""2026-02-02"",""last_conflict"":""2026-08-14"",""warmup_conflicting_sessions"":39}]",H:\workspace\PCSOS\pool_scan_runs\daily_coverage_recovery_20260905_1741\tickers\COTY.json
CPA,MIGRATED_ACTIVE_CONTENT_CONFLICT,"[{""year"":2026,""left"":""data\\parquet\\daily\\symbol=CPA\\year=2026\\7bd13828609f79f22088ce0d.parquet"",""right"":""data\\parquet\\daily\\symbol=CPA\\year=2026\\CPA_2026.parquet"",""left_sha256"":""e990ef474f438b916709ca70aaf67538f59ab387397b0bae70ea9a2ff9e01cf4"",""right_sha256"":""bd5aad8c627db0fac9731eb78885b8ac48f54b0e4eaf9d52ccf59ab568ac0820"",""overlap_rows"":167,""conflicting_rows"":54,""first_conflict"":""2026-01-02"",""last_conflict"":""2026-08-14"",""warmup_conflicting_sessions"":54}]",H:\workspace\PCSOS\pool_scan_runs\daily_coverage_recovery_20260905_1741\tickers\CPA.json
CPNG,MIGRATED_ACTIVE_CONTENT_CONFLICT,"[{""year"":2026,""left"":""data\\parquet\\daily\\symbol=CPNG\\year=2026\\CPNG_2026.parquet"",""right"":""data\\parquet\\daily\\symbol=CPNG\\year=2026\\f635e2a1dbf59925902db641.parquet"",""left_sha256"":""38e74f62a9b33d8c907a1821b0e1c3f44f5494c2b3929fd89647877768594776"",""right_sha256"":""789d54bd4ed517050bc606dc066e253c03b4f69df4592d3b74ab37910aa3759e"",""overlap_rows"":167,""conflicting_rows"":48,""first_conflict"":""2026-01-02"",""last_conflict"":""2026-08-14"",""warmup_conflicting_sessions"":48}]",H:\workspace\PCSOS\pool_scan_runs\daily_coverage_recovery_20260905_1741\tickers\CPNG.json
CPRI,MIGRATED_ACTIVE_CONTENT_CONFLICT,"[{""year"":2026,""left"":""data\\parquet\\daily\\symbol=CPRI\\year=2026\\CPRI_2026.parquet"",""right"":""data\\parquet\\daily\\symbol=CPRI\\year=2026\\b32ab7a97ac5f5149f79cfda.parquet"",""left_sha256"":""f2bd443fad9a9a21ccf0756a87d5599b339f45eae687bcefbc72eb2c3877957b"",""right_sha256"":""65af828335b9b47365b1efd5ec4df4f0de5180a1e2a1a45133bffc20e11fa333"",""overlap_rows"":167,""conflicting_rows"":48,""first_conflict"":""2026-01-29"",""last_conflict"":""2026-08-14"",""warmup_conflicting_sessions"":48}]",H:\workspace\PCSOS\pool_scan_runs\daily_coverage_recovery_20260905_1741\tickers\CPRI.json
CPRT,MIGRATED_ACTIVE_CONTENT_CONFLICT,"[{""year"":2026,""left"":""data\\parquet\\daily\\symbol=CPRT\\year=2026\\CPRT_2026.parquet"",""right"":""data\\parquet\\daily\\symbol=CPRT\\year=2026\\cc2ac65958410575bba7b045.parquet"",""left_sha256"":""10a4860dde86c6ae2e84023b169b76caadd8d5f8896c1296a2f52a5c070d334b"",""right_sha256"":""70b3d6766cd9b39002b879b66a16d202df03f67782b56f029158a63196f43905"",""overlap_rows"":167,""conflicting_rows"":50,""first_conflict"":""2026-01-02"",""last_conflict"":""2026-08-14"",""warmup_conflicting_sessions"":50}]",H:\workspace\PCSOS\pool_scan_runs\daily_coverage_recovery_20260905_1741\tickers\CPRT.json
CR,MIGRATED_ACTIVE_CONTENT_CONFLICT,"[{""year"":2026,""left"":""data\\parquet\\daily\\symbol=CR\\year=2026\\39e00f8d148790643743cfb0.parquet"",""right"":""data\\parquet\\daily\\symbol=CR\\year=2026\\CR_2026.parquet"",""left_sha256"":""6e5055232641d21d06f381b10dc731e80d9da14316d0661558f49bce42fece5c"",""right_sha256"":""b08d6419a6649a0b8c902cb7643a4112a527a3e458776f745d4dcee4fde92a80"",""overlap_rows"":167,""conflicting_rows"":55,""first_conflict"":""2026-01-02"",""last_conflict"":""2026-08-06"",""warmup_conflicting_sessions"":55}]",H:\workspace\PCSOS\pool_scan_runs\daily_coverage_recovery_20260905_1741\tickers\CR.json
CRBG,MIGRATED_ACTIVE_CONTENT_CONFLICT,"[{""year"":2026,""left"":""data\\parquet\\daily\\symbol=CRBG\\year=2026\\CRBG_2026.parquet"",""right"":""data\\parquet\\daily\\symbol=CRBG\\year=2026\\f45a89fd2753ed3bf06d4f7f.parquet"",""left_sha256"":""3dea29e22ed7c81fa3ac807e5c0f808ebb02de3a7c53ddb543d19bca1ca69d3a"",""right_sha256"":""9fe89bcab469f82ee7e1f1e352d0409feb250f27f8fd559d8c4598cb586c15cd"",""overlap_rows"":167,""conflicting_rows"":59,""first_conflict"":""2026-01-02"",""last_conflict"":""2026-08-14"",""warmup_conflicting_sessions"":59}]",H:\workspace\PCSOS\pool_scan_runs\daily_coverage_recovery_20260905_1741\tickers\CRBG.json
CRC,MIGRATED_ACTIVE_CONTENT_CONFLICT,"[{""year"":2026,""left"":""data\\parquet\\daily\\symbol=CRC\\year=2026\\CRC_2026.parquet"",""right"":""data\\parquet\\daily\\symbol=CRC\\year=2026\\b64074aad85ad9451b51c329.parquet"",""left_sha256"":""ea7b91531edbb456bb982c509a2fddeb0214b5900fbe2eaa68c82a5484510882"",""right_sha256"":""c2c95bfb48e87012a70d96df6e254dcf9d8826669c67e3e69c1ec3b4b4465f90"",""overlap_rows"":167,""conflicting_rows"":55,""first_conflict"":""2026-01-02"",""last_conflict"":""2026-08-13"",""warmup_conflicting_sessions"":55}]",H:\workspace\PCSOS\pool_scan_runs\daily_coverage_recovery_20260905_1741\tickers\CRC.json
CRDO,MIGRATED_ACTIVE_CONTENT_CONFLICT,"[{""year"":2026,""left"":""data\\parquet\\daily\\symbol=CRDO\\year=2026\\9ef40b3ccb5817f71eb36aeb.parquet"",""right"":""data\\parquet\\daily\\symbol=CRDO\\year=2026\\CRDO_2026.parquet"",""left_sha256"":""f6b5a644f99068a3e2aea1e0d0ad9955fa194b97d0187810e5bb992f3ebf2e8f"",""right_sha256"":""ea32e5f5f8b6288be1b964e376f5739d2915c15af1e8191fb5ad973d0f32677a"",""overlap_rows"":167,""conflicting_rows"":45,""first_conflict"":""2026-01-30"",""last_conflict"":""2026-08-14"",""warmup_conflicting_sessions"":45}]",H:\workspace\PCSOS\pool_scan_runs\daily_coverage_recovery_20260905_1741\tickers\CRDO.json
CRH,MIGRATED_ACTIVE_CONTENT_CONFLICT,"[{""year"":2026,""left"":""data\\parquet\\daily\\symbol=CRH\\year=2026\\CRH_2026.parquet"",""right"":""data\\parquet\\daily\\symbol=CRH\\year=2026\\c80b6382cfac77b19def6311.parquet"",""left_sha256"":""36b4936f21e86b26ef8a19efbadef220b9117b7f1f1405622dfcb28cc5d92c64"",""right_sha256"":""83ffeb457a1a7f159151fe9b24d3d43702966b4950dec9a7d7bdb2d9e6b1ff58"",""overlap_rows"":167,""conflicting_rows"":64,""first_conflict"":""2026-01-02"",""last_conflict"":""2026-08-14"",""warmup_conflicting_sessions"":64}]",H:\workspace\PCSOS\pool_scan_runs\daily_coverage_recovery_20260905_1741\tickers\CRH.json
CRK,MIGRATED_ACTIVE_CONTENT_CONFLICT,"[{""year"":2026,""left"":""data\\parquet\\daily\\symbol=CRK\\year=2026\\CRK_2026.parquet"",""right"":""data\\parquet\\daily\\symbol=CRK\\year=2026\\c9a1d15754032b81c3c47ced.parquet"",""left_sha256"":""c266f1943e8c6fd65c29545b312a91cc48bed04321b606d045971c0b01add490"",""right_sha256"":""7e45ce877d92e98bddf2cf5bf1f50f8f5f4df84ca3875cdf4aa3ac065c16656b"",""overlap_rows"":167,""conflicting_rows"":43,""first_conflict"":""2026-01-27"",""last_conflict"":""2026-08-13"",""warmup_conflicting_sessions"":43}]",H:\workspace\PCSOS\pool_scan_runs\daily_coverage_recovery_20260905_1741\tickers\CRK.json
CRM,MIGRATED_ACTIVE_CONTENT_CONFLICT,"[{""year"":2026,""left"":""data\\parquet\\daily\\symbol=CRM\\year=2026\\CRM_2026.parquet"",""right"":""data\\parquet\\daily\\symbol=CRM\\year=2026\\f79bf56dc2e8d43a04dec843.parquet"",""left_sha256"":""4a89784e6e1c4c8195782bb6d173fe19d9880831bcddb2d26e857d8a5ac29c72"",""right_sha256"":""60f4631d49ad5c1e4a9f9c77c0dc0a8028146ad7ade4a999945ca3367cd02379"",""overlap_rows"":167,""conflicting_rows"":57,""first_conflict"":""2026-01-02"",""last_conflict"":""2026-08-14"",""warmup_conflicting_sessions"":57}]",H:\workspace\PCSOS\pool_scan_runs\daily_coverage_recovery_20260905_1741\tickers\CRM.json
CRNC,MIGRATED_ACTIVE_CONTENT_CONFLICT,"[{""year"":2026,""left"":""data\\parquet\\daily\\symbol=CRNC\\year=2026\\0520610af83155c09ef83a82.parquet"",""right"":""data\\parquet\\daily\\symbol=CRNC\\year=2026\\CRNC_2026.parquet"",""left_sha256"":""90a83db43f9df3d0c4ab69d40482f4dfec5a76f15b45154ba5e9fb5121ae6547"",""right_sha256"":""e4cf587102b841b889c116eff87356971bf04ede4bfdbc09a7f30d2b1fe611fd"",""overlap_rows"":167,""conflicting_rows"":45,""first_conflict"":""2026-01-02"",""last_conflict"":""2026-08-14"",""warmup_conflicting_sessions"":45}]",H:\workspace\PCSOS\pool_scan_runs\daily_coverage_recovery_20260905_1741\tickers\CRNC.json
CRS,MIGRATED_ACTIVE_CONTENT_CONFLICT,"[{""year"":2026,""left"":""data\\parquet\\daily\\symbol=CRS\\year=2026\\CRS_2026.parquet"",""right"":""data\\parquet\\daily\\symbol=CRS\\year=2026\\b56f926c36ae99de1c5ad4c5.parquet"",""left_sha256"":""064302ca43abecbc3bc0058ea60734abc8c1b794f470107dd54a4fb744cdd3f9"",""right_sha256"":""5ae9a0d2be922c847577ad4cb199e0a1489140bd4d09f291e039a2d99849e160"",""overlap_rows"":167,""conflicting_rows"":53,""first_conflict"":""2026-01-02"",""last_conflict"":""2026-08-06"",""warmup_conflicting_sessions"":53}]",H:\workspace\PCSOS\pool_scan_runs\daily_coverage_recovery_20260905_1741\tickers\CRS.json
CRSP,MIGRATED_ACTIVE_CONTENT_CONFLICT,"[{""year"":2026,""left"":""data\\parquet\\daily\\symbol=CRSP\\year=2026\\CRSP_2026.parquet"",""right"":""data\\parquet\\daily\\symbol=CRSP\\year=2026\\ff3f198c9360bfbe76bd1d70.parquet"",""left_sha256"":""eb86f84fc76ca671b694f4a4f79a22232faf0e696ccccc82436cec07fa76e716"",""right_sha256"":""3f3a0faab792c514b404e642074cc42028967c47ec7c20ded1f4f2627bb2cced"",""overlap_rows"":167,""conflicting_rows"":37,""first_conflict"":""2026-01-02"",""last_conflict"":""2026-08-13"",""warmup_conflicting_sessions"":37}]",H:\workspace\PCSOS\pool_scan_runs\daily_coverage_recovery_20260905_1741\tickers\CRSP.json
CRSR,MIGRATED_ACTIVE_CONTENT_CONFLICT,"[{""year"":2026,""left"":""data\\parquet\\daily\\symbol=CRSR\\year=2026\\46da35c6dd3fd6e953a1ca93.parquet"",""right"":""data\\parquet\\daily\\symbol=CRSR\\year=2026\\CRSR_2026.parquet"",""left_sha256"":""6256cc9a8fbe6dddb606410900f1adc222f0376cf80f3b0ea7db2a378d77fef5"",""right_sha256"":""09b2e044edbaecf3990e951f4a8778dcaf743304f99a28b66c495f99ac7ac7d8"",""overlap_rows"":167,""conflicting_rows"":51,""first_conflict"":""2026-01-02"",""last_conflict"":""2026-08-14"",""warmup_conflicting_sessions"":51}]",H:\workspace\PCSOS\pool_scan_runs\daily_coverage_recovery_20260905_1741\tickers\CRSR.json
CRUS,MIGRATED_ACTIVE_CONTENT_CONFLICT,"[{""year"":2026,""left"":""data\\parquet\\daily\\symbol=CRUS\\year=2026\\62d2bb2d32b1e2de824af188.parquet"",""right"":""data\\parquet\\daily\\symbol=CRUS\\year=2026\\CRUS_2026.parquet"",""left_sha256"":""9ab9e00e114e0dd8241b07fb970e0a7475ae58f65a5ea18f7e1a5212b547fefb"",""right_sha256"":""e202477b14722a618bdf17181d2fc5d9ace96055d1adb9394adf8d45e1ec640c"",""overlap_rows"":167,""conflicting_rows"":42,""first_conflict"":""2026-01-27"",""last_conflict"":""2026-08-13"",""warmup_conflicting_sessions"":42}]",H:\workspace\PCSOS\pool_scan_runs\daily_coverage_recovery_20260905_1741\tickers\CRUS.json
CRWD,MIGRATED_ACTIVE_CONTENT_CONFLICT,"[{""year"":2026,""left"":""data\\parquet\\daily\\symbol=CRWD\\year=2026\\02b39460fd4679f3281da259.parquet"",""right"":""data\\parquet\\daily\\symbol=CRWD\\year=2026\\CRWD_2026.parquet"",""left_sha256"":""d7234d58a664c2110c1ccc448557e515f4334753c24739ad1311d10dacf1f5ba"",""right_sha256"":""9f88f92b99979ad2be209cf04676fe9c86ca0c2bc31d8a4c4105406588d72f74"",""overlap_rows"":167,""conflicting_rows"":59,""first_conflict"":""2026-01-02"",""last_conflict"":""2026-08-14"",""warmup_conflicting_sessions"":59}]",H:\workspace\PCSOS\pool_scan_runs\daily_coverage_recovery_20260905_1741\tickers\CRWD.json
CSCO,MIGRATED_ACTIVE_CONTENT_CONFLICT,"[{""year"":2026,""left"":""data\\parquet\\daily\\symbol=CSCO\\year=2026\\CSCO_2026.parquet"",""right"":""data\\parquet\\daily\\symbol=CSCO\\year=2026\\d1dcab0d3b4b3bf262123773.parquet"",""left_sha256"":""a905de6ccfd2a2d18ee7cf3b26cddc59415344acdda356be62e622521778b2e1"",""right_sha256"":""518a6e08dd2377298057a73b09f954a873409bbb674021c15feaf4c64ecabf3a"",""overlap_rows"":167,""conflicting_rows"":63,""first_conflict"":""2026-01-02"",""last_conflict"":""2026-08-14"",""warmup_conflicting_sessions"":63}]",H:\workspace\PCSOS\pool_scan_runs\daily_coverage_recovery_20260905_1741\tickers\CSCO.json
CSGP,MIGRATED_ACTIVE_CONTENT_CONFLICT,"[{""year"":2026,""left"":""data\\parquet\\daily\\symbol=CSGP\\year=2026\\0236386e7bf779ef14f35364.parquet"",""right"":""data\\parquet\\daily\\symbol=CSGP\\year=2026\\CSGP_2026.parquet"",""left_sha256"":""06a087eb123c7215f9725f49c618fe20aae7db1723113457d9945fff11a7e844"",""right_sha256"":""b26b50ad65b7247e2f02add02cc85da0d5b03bb7d9638d7481e35f485e45b626"",""overlap_rows"":167,""conflicting_rows"":49,""first_conflict"":""2026-01-02"",""last_conflict"":""2026-08-14"",""warmup_conflicting_sessions"":49}]",H:\workspace\PCSOS\pool_scan_runs\daily_coverage_recovery_20260905_1741\tickers\CSGP.json
CSL,MIGRATED_ACTIVE_CONTENT_CONFLICT,"[{""year"":2026,""left"":""data\\parquet\\daily\\symbol=CSL\\year=2026\\CSL_2026.parquet"",""right"":""data\\parquet\\daily\\symbol=CSL\\year=2026\\cea9e3deb75fdb0b88a0def5.parquet"",""left_sha256"":""7dbacf4e7cb5cdd0f5d1aef2b0c78ede25372e05b7ed15e4a4bb0436da60d798"",""right_sha256"":""80257851c3cae53b5b4b5b31ba01d971b5d22eaaf40b888b183b08acbcbb1ec8"",""overlap_rows"":167,""conflicting_rows"":54,""first_conflict"":""2026-01-02"",""last_conflict"":""2026-08-14"",""warmup_conflicting_sessions"":54}]",H:\workspace\PCSOS\pool_scan_runs\daily_coverage_recovery_20260905_1741\tickers\CSL.json
CSTM,MIGRATED_ACTIVE_CONTENT_CONFLICT,"[{""year"":2026,""left"":""data\\parquet\\daily\\symbol=CSTM\\year=2026\\7d1fc23f4df17bc70c18ccda.parquet"",""right"":""data\\parquet\\daily\\symbol=CSTM\\year=2026\\CSTM_2026.parquet"",""left_sha256"":""a95eb0dc3420c5607d4ea9943def0b298810e48bd19308f24543504460386d1e"",""right_sha256"":""c2242800d9bcc8146be316bb0cab3f9c41a9cbee17540fc5c71b9afa21dc5747"",""overlap_rows"":167,""conflicting_rows"":31,""first_conflict"":""2026-01-27"",""last_conflict"":""2026-08-05"",""warmup_conflicting_sessions"":31}]",H:\workspace\PCSOS\pool_scan_runs\daily_coverage_recovery_20260905_1741\tickers\CSTM.json
CTAS,MIGRATED_ACTIVE_CONTENT_CONFLICT,"[{""year"":2026,""left"":""data\\parquet\\daily\\symbol=CTAS\\year=2026\\573e48f6f46edca723a6ae3b.parquet"",""right"":""data\\parquet\\daily\\symbol=CTAS\\year=2026\\CTAS_2026.parquet"",""left_sha256"":""a742e75096f18dc621d0c918e977fd4a396bc699df8b4d1d5584742ea146c446"",""right_sha256"":""32e921d9d525538db5caa20e8adeb5aa64d95634f36d4448c571b7ad96f0daed"",""overlap_rows"":167,""conflicting_rows"":64,""first_conflict"":""2026-01-02"",""last_conflict"":""2026-08-14"",""warmup_conflicting_sessions"":64}]",H:\workspace\PCSOS\pool_scan_runs\daily_coverage_recovery_20260905_1741\tickers\CTAS.json
CTRE,MIGRATED_ACTIVE_CONTENT_CONFLICT,"[{""year"":2026,""left"":""data\\parquet\\daily\\symbol=CTRE\\year=2026\\14b86a95f10a3c35bcdd0923.parquet"",""right"":""data\\parquet\\daily\\symbol=CTRE\\year=2026\\CTRE_2026.parquet"",""left_sha256"":""48584d864bfb65cab2db38f7806d244f5b2376859248ba6aa3be3b269a8bbaf3"",""right_sha256"":""bf192acc7323ed96ca337d8be3d00b67fbec83a5592c4d0cdcc671b7d8a3181a"",""overlap_rows"":167,""conflicting_rows"":61,""first_conflict"":""2026-01-02"",""last_conflict"":""2026-08-14"",""warmup_conflicting_sessions"":61}]",H:\workspace\PCSOS\pool_scan_runs\daily_coverage_recovery_20260905_1741\tickers\CTRE.json
CTSH,MIGRATED_ACTIVE_CONTENT_CONFLICT,"[{""year"":2026,""left"":""data\\parquet\\daily\\symbol=CTSH\\year=2026\\CTSH_2026.parquet"",""right"":""data\\parquet\\daily\\symbol=CTSH\\year=2026\\cc8c10d1a3153f147dfcb3ea.parquet"",""left_sha256"":""0e5c19c00174fe2df52d7755108f28da0eb0e1a9445794a66ddd2fb3a08d0236"",""right_sha256"":""623d12f5847d4a3b0241b7a929b5ffaddb79c87365b8fa8bababab3479a2f881"",""overlap_rows"":167,""conflicting_rows"":59,""first_conflict"":""2026-01-02"",""last_conflict"":""2026-08-14"",""warmup_conflicting_sessions"":59}]",H:\workspace\PCSOS\pool_scan_runs\daily_coverage_recovery_20260905_1741\tickers\CTSH.json
CTVA,MIGRATED_ACTIVE_CONTENT_CONFLICT,"[{""year"":2026,""left"":""data\\parquet\\daily\\symbol=CTVA\\year=2026\\0f5788bc80bc68ab13c90964.parquet"",""right"":""data\\parquet\\daily\\symbol=CTVA\\year=2026\\CTVA_2026.parquet"",""left_sha256"":""e8708de2dd07e9747911ad4ba7fac5be3a76e38a806f7814748c073901849903"",""right_sha256"":""f00ba3968875a7bef993374b088e3ea3bcdfa3907d4b7a6482883810ea4837cf"",""overlap_rows"":167,""conflicting_rows"":59,""first_conflict"":""2026-01-02"",""last_conflict"":""2026-08-13"",""warmup_conflicting_sessions"":59}]",H:\workspace\PCSOS\pool_scan_runs\daily_coverage_recovery_20260905_1741\tickers\CTVA.json
CUBI,MIGRATED_ACTIVE_CONTENT_CONFLICT,"[{""year"":2026,""left"":""data\\parquet\\daily\\symbol=CUBI\\year=2026\\CUBI_2026.parquet"",""right"":""data\\parquet\\daily\\symbol=CUBI\\year=2026\\d376b6b436644b6839e97c13.parquet"",""left_sha256"":""5ce5aac16f4c35cbfc80f63050aa72cb37a7ce1278b698cefff231c2b63edd03"",""right_sha256"":""c07c2c8f19d3cb5edf83bf6bdbfb1a6e1caef740fddfb5880c735dcb17d69c95"",""overlap_rows"":167,""conflicting_rows"":37,""first_conflict"":""2026-02-02"",""last_conflict"":""2026-08-14"",""warmup_conflicting_sessions"":37}]",H:\workspace\PCSOS\pool_scan_runs\daily_coverage_recovery_20260905_1741\tickers\CUBI.json
CVE,MIGRATED_ACTIVE_CONTENT_CONFLICT,"[{""year"":2026,""left"":""data\\parquet\\daily\\symbol=CVE\\year=2026\\CVE_2026.parquet"",""right"":""data\\parquet\\daily\\symbol=CVE\\year=2026\\c41bbca1d3bb1bf85ad63726.parquet"",""left_sha256"":""14bd53ef796e832d8d233e8a121dc758b76bc6dcd7c3b012148b4d99ea6feb15"",""right_sha256"":""4229f073d0e7e9b6639f7a533441c79f1cc6ee8954149b217a5b2113e4a6f616"",""overlap_rows"":167,""conflicting_rows"":59,""first_conflict"":""2026-01-02"",""last_conflict"":""2026-08-14"",""warmup_conflicting_sessions"":59}]",H:\workspace\PCSOS\pool_scan_runs\daily_coverage_recovery_20260905_1741\tickers\CVE.json
CVS,MIGRATED_ACTIVE_CONTENT_CONFLICT,"[{""year"":2026,""left"":""data\\parquet\\daily\\symbol=CVS\\year=2026\\43284c8dc40f52a15babe6e3.parquet"",""right"":""data\\parquet\\daily\\symbol=CVS\\year=2026\\CVS_2026.parquet"",""left_sha256"":""6ab4d90f1df31324160b73b5cd39521d0cd1096d06e0a03f1698abbfd4dd1e9a"",""right_sha256"":""e3701d9f9af0e012fa07023418e11f882038ef4960d34d57c13f40100bbc56da"",""overlap_rows"":167,""conflicting_rows"":60,""first_conflict"":""2026-01-02"",""last_conflict"":""2026-08-14"",""warmup_conflicting_sessions"":60}]",H:\workspace\PCSOS\pool_scan_runs\daily_coverage_recovery_20260905_1741\tickers\CVS.json
CW,MIGRATED_ACTIVE_CONTENT_CONFLICT,"[{""year"":2026,""left"":""data\\parquet\\daily\\symbol=CW\\year=2026\\82c7798a5f3525bdf66e271e.parquet"",""right"":""data\\parquet\\daily\\symbol=CW\\year=2026\\CW_2026.parquet"",""left_sha256"":""d7091fe05cb5b3d12f6279d6e5fc2629e64dfaed77e8164c7e622b56c6aad4cb"",""right_sha256"":""25cfd63307b00efaa500fc421396f440b2415edf8008fc17114327d24d78f405"",""overlap_rows"":167,""conflicting_rows"":55,""first_conflict"":""2026-01-02"",""last_conflict"":""2026-08-14"",""warmup_conflicting_sessions"":55}]",H:\workspace\PCSOS\pool_scan_runs\daily_coverage_recovery_20260905_1741\tickers\CW.json
CX,MIGRATED_ACTIVE_CONTENT_CONFLICT,"[{""year"":2026,""left"":""data\\parquet\\daily\\symbol=CX\\year=2026\\CX_2026.parquet"",""right"":""data\\parquet\\daily\\symbol=CX\\year=2026\\d716bf595bbfb581090c1d7e.parquet"",""left_sha256"":""a2c9006634875049abc2eb3354bc34193f4ef89d830d9b861ef9ef4b84cc8aa1"",""right_sha256"":""961bd3036c7ae721ec81e4f567e53a969b0241559973ab9c551aeec0dd715c44"",""overlap_rows"":166,""conflicting_rows"":60,""first_conflict"":""2026-01-02"",""last_conflict"":""2026-08-18"",""warmup_conflicting_sessions"":60}]",H:\workspace\PCSOS\pool_scan_runs\daily_coverage_recovery_20260905_1741\tickers\CX.json
CXM,MIGRATED_ACTIVE_CONTENT_CONFLICT,"[{""year"":2026,""left"":""data\\parquet\\daily\\symbol=CXM\\year=2026\\0ac54df42ed9fb6a1dd750cd.parquet"",""right"":""data\\parquet\\daily\\symbol=CXM\\year=2026\\CXM_2026.parquet"",""left_sha256"":""215d6212568d4cf99ee2cee8e61517ebcd92f9c16ea65372f92413aad8a98d01"",""right_sha256"":""5d8a1ca5f5e8c887b11b02ec26b452bcdb50abd14ca72813e73c2fc98931b719"",""overlap_rows"":167,""conflicting_rows"":48,""first_conflict"":""2026-01-02"",""last_conflict"":""2026-08-13"",""warmup_conflicting_sessions"":48}]",H:\workspace\PCSOS\pool_scan_runs\daily_coverage_recovery_20260905_1741\tickers\CXM.json
D,MIGRATED_ACTIVE_CONTENT_CONFLICT,"[{""year"":2026,""left"":""data\\parquet\\daily\\symbol=D\\year=2026\\D_2026.parquet"",""right"":""data\\parquet\\daily\\symbol=D\\year=2026\\b5b454525c82a48fc8f9c955.parquet"",""left_sha256"":""3a514f85baba73f5234c9566120429dfde3bb8a19a0caa2ec3e2d3071fa75131"",""right_sha256"":""6a89c01305b40a3de04aec6af944fd6e9e7ce0adff43e4a084fec8b90a4710a1"",""overlap_rows"":167,""conflicting_rows"":58,""first_conflict"":""2026-01-02"",""last_conflict"":""2026-08-13"",""warmup_conflicting_sessions"":58}]",H:\workspace\PCSOS\pool_scan_runs\daily_coverage_recovery_20260905_1741\tickers\D.json
DAR,MIGRATED_ACTIVE_CONTENT_CONFLICT,"[{""year"":2026,""left"":""data\\parquet\\daily\\symbol=DAR\\year=2026\\5a150968e0cd287494eeb97e.parquet"",""right"":""data\\parquet\\daily\\symbol=DAR\\year=2026\\DAR_2026.parquet"",""left_sha256"":""6c2e8a5e08114c123baff7370b8dd6801908b2387a03b1e7a092689d034c0f35"",""right_sha256"":""b84e02671419527918567ab6ecadb57de76fed3e73369b459502e64a3faf1ab7"",""overlap_rows"":167,""conflicting_rows"":36,""first_conflict"":""2026-01-02"",""last_conflict"":""2026-08-14"",""warmup_conflicting_sessions"":36}]",H:\workspace\PCSOS\pool_scan_runs\daily_coverage_recovery_20260905_1741\tickers\DAR.json
DASH,MIGRATED_ACTIVE_CONTENT_CONFLICT,"[{""year"":2026,""left"":""data\\parquet\\daily\\symbol=DASH\\year=2026\\040d22bbbbbfb583d9051c66.parquet"",""right"":""data\\parquet\\daily\\symbol=DASH\\year=2026\\DASH_2026.parquet"",""left_sha256"":""131cc5bc1f0335363505bd4a2f6e957d6ac7eabd3d414450db02d4aeb887e641"",""right_sha256"":""614d813b2941b7bf3b84a167ccc9c0324f35cce1391f8fa7e80c2ea17cfdf5d4"",""overlap_rows"":167,""conflicting_rows"":41,""first_conflict"":""2026-01-02"",""last_conflict"":""2026-08-14"",""warmup_conflicting_sessions"":41}]",H:\workspace\PCSOS\pool_scan_runs\daily_coverage_recovery_20260905_1741\tickers\DASH.json
DAVE,MIGRATED_ACTIVE_CONTENT_CONFLICT,"[{""year"":2026,""left"":""data\\parquet\\daily\\symbol=DAVE\\year=2026\\5a2c54039e58746a42799994.parquet"",""right"":""data\\parquet\\daily\\symbol=DAVE\\year=2026\\DAVE_2026.parquet"",""left_sha256"":""543ee9bf9473391b5386321d2fa248ad46a342f52e48e38b933af01b25b897e9"",""right_sha256"":""46af3df1b6712ac7b4c7209658d59be25c47d5ab93354717188fbae7995a3639"",""overlap_rows"":167,""conflicting_rows"":30,""first_conflict"":""2026-02-05"",""last_conflict"":""2026-08-13"",""warmup_conflicting_sessions"":30}]",H:\workspace\PCSOS\pool_scan_runs\daily_coverage_recovery_20260905_1741\tickers\DAVE.json
DBA,MIGRATED_ACTIVE_CONTENT_CONFLICT,"[{""year"":2026,""left"":""data\\parquet\\daily\\symbol=DBA\\year=2026\\DBA_2026.parquet"",""right"":""data\\parquet\\daily\\symbol=DBA\\year=2026\\a02bd76ee32dbe5166972327.parquet"",""left_sha256"":""40e81f6a0c850121aa9f358642df5098e8583049de3ccfb730e4a54b746e90ee"",""right_sha256"":""92abaf5309d5c41dc8793f1a13349fd812045bd04b3feb956733c182670dfe89"",""overlap_rows"":167,""conflicting_rows"":47,""first_conflict"":""2026-01-02"",""last_conflict"":""2026-08-13"",""warmup_conflicting_sessions"":47}]",H:\workspace\PCSOS\pool_scan_runs\daily_coverage_recovery_20260905_1741\tickers\DBA.json
DBC,MIGRATED_ACTIVE_CONTENT_CONFLICT,"[{""year"":2026,""left"":""data\\parquet\\daily\\symbol=DBC\\year=2026\\DBC_2026.parquet"",""right"":""data\\parquet\\daily\\symbol=DBC\\year=2026\\aa97bf72d606fdb73ad4802c.parquet"",""left_sha256"":""8f3d534f95ad2724dcfcb4a2bad7ac4423b3c958ac3da841a91d7bd5d93e47a4"",""right_sha256"":""75b5ce4e255ff9ce1c2a47b07bb09cbb8ab3dc094337bd97f0a138bf64e7673d"",""overlap_rows"":166,""conflicting_rows"":49,""first_conflict"":""2026-01-02"",""last_conflict"":""2026-08-18"",""warmup_conflicting_sessions"":49}]",H:\workspace\PCSOS\pool_scan_runs\daily_coverage_recovery_20260905_1741\tickers\DBC.json
DBI,MIGRATED_ACTIVE_CONTENT_CONFLICT,"[{""year"":2026,""left"":""data\\parquet\\daily\\symbol=DBI\\year=2026\\DBI_2026.parquet"",""right"":""data\\parquet\\daily\\symbol=DBI\\year=2026\\c0eb268a42e80ae301d4a3e1.parquet"",""left_sha256"":""8ac8c7c600adf45cad3e0a9340d37e04d106b22967101a9b7bd6c72528ca8555"",""right_sha256"":""09ac8c381eb1a7e1b086e2800b8d6e2bab28ce6bcdf6d0642f58581adc212b55"",""overlap_rows"":167,""conflicting_rows"":60,""first_conflict"":""2026-01-02"",""last_conflict"":""2026-08-14"",""warmup_conflicting_sessions"":60}]",H:\workspace\PCSOS\pool_scan_runs\daily_coverage_recovery_20260905_1741\tickers\DBI.json
DBX,MIGRATED_ACTIVE_CONTENT_CONFLICT,"[{""year"":2026,""left"":""data\\parquet\\daily\\symbol=DBX\\year=2026\\9e3b66c5969fc7cc99c7aad3.parquet"",""right"":""data\\parquet\\daily\\symbol=DBX\\year=2026\\DBX_2026.parquet"",""left_sha256"":""8bb6bb2335100eaecc3a28eecefa988274380c17fc8b5ac677635acdc7334ddd"",""right_sha256"":""0d8cea1602e2eb83ca0efd3cc12457a4045525dd58ca036a4c6afe10adb72c8a"",""overlap_rows"":167,""conflicting_rows"":46,""first_conflict"":""2026-01-29"",""last_conflict"":""2026-08-14"",""warmup_conflicting_sessions"":46}]",H:\workspace\PCSOS\pool_scan_runs\daily_coverage_recovery_20260905_1741\tickers\DBX.json
DCI,MIGRATED_ACTIVE_CONTENT_CONFLICT,"[{""year"":2026,""left"":""data\\parquet\\daily\\symbol=DCI\\year=2026\\DCI_2026.parquet"",""right"":""data\\parquet\\daily\\symbol=DCI\\year=2026\\a4e4d238af02a52e90ca5700.parquet"",""left_sha256"":""570ee5cb7fa8e78307554bd95950312f974a944fd8570f1cd7b83b5df2c10a5c"",""right_sha256"":""e4007cad957a4613aa213b21904f6772829b7aa93832ee3681f7b454d7011695"",""overlap_rows"":166,""conflicting_rows"":56,""first_conflict"":""2026-01-02"",""last_conflict"":""2026-08-18"",""warmup_conflicting_sessions"":56}]",H:\workspace\PCSOS\pool_scan_runs\daily_coverage_recovery_20260905_1741\tickers\DCI.json
DDOG,MIGRATED_ACTIVE_CONTENT_CONFLICT,"[{""year"":2026,""left"":""data\\parquet\\daily\\symbol=DDOG\\year=2026\\DDOG_2026.parquet"",""right"":""data\\parquet\\daily\\symbol=DDOG\\year=2026\\ab3efbf7aee3366bb15fa7e7.parquet"",""left_sha256"":""75cb5fc4fdb21b1af3ed89e6a92d3049a966ebcb445eae79ad0b247caddbe563"",""right_sha256"":""b1db7c86f8dbdaa5d8a9c4b2c0367ea267e39a0493aca08b4986bb8f5d912070"",""overlap_rows"":167,""conflicting_rows"":36,""first_conflict"":""2026-02-13"",""last_conflict"":""2026-08-14"",""warmup_conflicting_sessions"":36}]",H:\workspace\PCSOS\pool_scan_runs\daily_coverage_recovery_20260905_1741\tickers\DDOG.json
DE,MIGRATED_ACTIVE_CONTENT_CONFLICT,"[{""year"":2026,""left"":""data\\parquet\\daily\\symbol=DE\\year=2026\\8ef4fd2877ecaaa6c40fe7af.parquet"",""right"":""data\\parquet\\daily\\symbol=DE\\year=2026\\DE_2026.parquet"",""left_sha256"":""328f7768211bad0ea9932a76d441efe7b965ee8777aa4f985e3abdb7f26dd0a8"",""right_sha256"":""3bc5b7ad1a36c792ab8233fb35c953ca3d302bc33ea0b26ca623097cd099ca4e"",""overlap_rows"":167,""conflicting_rows"":57,""first_conflict"":""2026-01-02"",""last_conflict"":""2026-08-13"",""warmup_conflicting_sessions"":57}]",H:\workspace\PCSOS\pool_scan_runs\daily_coverage_recovery_20260905_1741\tickers\DE.json
DECK,MIGRATED_ACTIVE_CONTENT_CONFLICT,"[{""year"":2026,""left"":""data\\parquet\\daily\\symbol=DECK\\year=2026\\2dff4a29f1d71dece898960e.parquet"",""right"":""data\\parquet\\daily\\symbol=DECK\\year=2026\\DECK_2026.parquet"",""left_sha256"":""af0cd607e5005491cb5b83a8327391d2b7d6778b17137741a213e240b84cbee0"",""right_sha256"":""6763312259b76d91ff5e60b721615bce304d2574e7a029fa6ff96e21bfba76db"",""overlap_rows"":167,""conflicting_rows"":38,""first_conflict"":""2026-01-27"",""last_conflict"":""2026-08-14"",""warmup_conflicting_sessions"":38}]",H:\workspace\PCSOS\pool_scan_runs\daily_coverage_recovery_20260905_1741\tickers\DECK.json
DEO,MIGRATED_ACTIVE_CONTENT_CONFLICT,"[{""year"":2026,""left"":""data\\parquet\\daily\\symbol=DEO\\year=2026\\DEO_2026.parquet"",""right"":""data\\parquet\\daily\\symbol=DEO\\year=2026\\a520a879d032e4397b68081b.parquet"",""left_sha256"":""b2e70d97572cb3ff212b605ed3f8ff04e48c8f0eb1c7054c42d2bb983ed610c6"",""right_sha256"":""c04b6aad331d3654d985362a2072e016a89af37966e4dfb64eaad26805a522b3"",""overlap_rows"":167,""conflicting_rows"":54,""first_conflict"":""2026-01-02"",""last_conflict"":""2026-08-13"",""warmup_conflicting_sessions"":54}]",H:\workspace\PCSOS\pool_scan_runs\daily_coverage_recovery_20260905_1741\tickers\DEO.json
DFEN,MIGRATED_ACTIVE_CONTENT_CONFLICT,"[{""year"":2026,""left"":""data\\parquet\\daily\\symbol=DFEN\\year=2026\\DFEN_2026.parquet"",""right"":""data\\parquet\\daily\\symbol=DFEN\\year=2026\\fad1a836c3bd3e20669cb85d.parquet"",""left_sha256"":""414ed95e2e5e6b5d16bc4147501ce4279280ce1fba24a6f13409bcf583a80ca6"",""right_sha256"":""bb943468b32b63c6da820e073f8226e8147c28ae6454d829b81c369a47aab815"",""overlap_rows"":167,""conflicting_rows"":57,""first_conflict"":""2026-01-02"",""last_conflict"":""2026-08-14"",""warmup_conflicting_sessions"":57}]",H:\workspace\PCSOS\pool_scan_runs\daily_coverage_recovery_20260905_1741\tickers\DFEN.json
DG,MIGRATED_ACTIVE_CONTENT_CONFLICT,"[{""year"":2026,""left"":""data\\parquet\\daily\\symbol=DG\\year=2026\\517ac73f536c3e41d0f838a5.parquet"",""right"":""data\\parquet\\daily\\symbol=DG\\year=2026\\DG_2026.parquet"",""left_sha256"":""5e21bb7c6ceea1910bfd1b02a3c46e1c3bd148092affd8bef2729eefdcd239fa"",""right_sha256"":""58474d916f586d6f361188dc57cb5a48419289b0af57e81cce98db2f533874d1"",""overlap_rows"":167,""conflicting_rows"":59,""first_conflict"":""2026-01-02"",""last_conflict"":""2026-08-13"",""warmup_conflicting_sessions"":59}]",H:\workspace\PCSOS\pool_scan_runs\daily_coverage_recovery_20260905_1741\tickers\DG.json
DGRO,MIGRATED_ACTIVE_CONTENT_CONFLICT,"[{""year"":2026,""left"":""data\\parquet\\daily\\symbol=DGRO\\year=2026\\7f30945fb247e2df43c3b02c.parquet"",""right"":""data\\parquet\\daily\\symbol=DGRO\\year=2026\\DGRO_2026.parquet"",""left_sha256"":""fa103d1499bdaead807f5858282e48b7b7a61fa712da48ea7749ae5b3ad63f03"",""right_sha256"":""6ecee5ff27676c95126163ee2aba384daaab1769541128ed685cd5b8f19985cd"",""overlap_rows"":167,""conflicting_rows"":62,""first_conflict"":""2026-01-02"",""last_conflict"":""2026-08-14"",""warmup_conflicting_sessions"":62}]",H:\workspace\PCSOS\pool_scan_runs\daily_coverage_recovery_20260905_1741\tickers\DGRO.json
DHI,MIGRATED_ACTIVE_CONTENT_CONFLICT,"[{""year"":2026,""left"":""data\\parquet\\daily\\symbol=DHI\\year=2026\\65aa4b66e6543ef061754857.parquet"",""right"":""data\\parquet\\daily\\symbol=DHI\\year=2026\\DHI_2026.parquet"",""left_sha256"":""86bdbb44d542ee360cd8263b560e77786329d407aea86316fb2ef04683e565bb"",""right_sha256"":""dff034d74f6526c7204764c0cc36e2944c1819db01968c184e1cf58e407a3c1d"",""overlap_rows"":166,""conflicting_rows"":66,""first_conflict"":""2026-01-02"",""last_conflict"":""2026-08-18"",""warmup_conflicting_sessions"":66}]",H:\workspace\PCSOS\pool_scan_runs\daily_coverage_recovery_20260905_1741\tickers\DHI.json
DHR,MIGRATED_ACTIVE_CONTENT_CONFLICT,"[{""year"":2026,""left"":""data\\parquet\\daily\\symbol=DHR\\year=2026\\DHR_2026.parquet"",""right"":""data\\parquet\\daily\\symbol=DHR\\year=2026\\c84bf8d8403b465d7168e2b2.parquet"",""left_sha256"":""1db0e5f0f1cd9a8bc3693abda893a738e19d0be98b8977f1fed51b4ceda95f46"",""right_sha256"":""1b1b8f0655afacfa520493007a91fcc26a287e5df0876ee942e10bc98ea64f34"",""overlap_rows"":167,""conflicting_rows"":58,""first_conflict"":""2026-01-02"",""last_conflict"":""2026-08-13"",""warmup_conflicting_sessions"":58}]",H:\workspace\PCSOS\pool_scan_runs\daily_coverage_recovery_20260905_1741\tickers\DHR.json
DIA,MIGRATED_ACTIVE_CONTENT_CONFLICT,"[{""year"":2026,""left"":""data\\parquet\\daily\\symbol=DIA\\year=2026\\DIA_2026.parquet"",""right"":""data\\parquet\\daily\\symbol=DIA\\year=2026\\b3f133f3be968003ec57bb46.parquet"",""left_sha256"":""54b62098d492cbbde04982b5e9761e73c92be490c3329976bce0d645d9531513"",""right_sha256"":""1dfdd8c0c4f4478db6d36af3637857f1e3700cf77151aace753087130448915c"",""overlap_rows"":167,""conflicting_rows"":56,""first_conflict"":""2026-01-02"",""last_conflict"":""2026-08-14"",""warmup_conflicting_sessions"":56}]",H:\workspace\PCSOS\pool_scan_runs\daily_coverage_recovery_20260905_1741\tickers\DIA.json
DIOD,MIGRATED_ACTIVE_CONTENT_CONFLICT,"[{""year"":2026,""left"":""data\\parquet\\daily\\symbol=DIOD\\year=2026\\550b92749d5c60a492007efb.parquet"",""right"":""data\\parquet\\daily\\symbol=DIOD\\year=2026\\DIOD_2026.parquet"",""left_sha256"":""469ab6cf846871264ccf7b8cb00d278abcf29d7b221addd63bbb16955ef3879d"",""right_sha256"":""a61d28985e17c456595703ab12a4ee6533539547ee0ac709f4d5331ca033ab5c"",""overlap_rows"":167,""conflicting_rows"":42,""first_conflict"":""2026-01-02"",""last_conflict"":""2026-08-14"",""warmup_conflicting_sessions"":42}]",H:\workspace\PCSOS\pool_scan_runs\daily_coverage_recovery_20260905_1741\tickers\DIOD.json
DIS,MIGRATED_ACTIVE_CONTENT_CONFLICT,"[{""year"":2026,""left"":""data\\parquet\\daily\\symbol=DIS\\year=2026\\8a93fc29ccf48031e2b511d8.parquet"",""right"":""data\\parquet\\daily\\symbol=DIS\\year=2026\\DIS_2026.parquet"",""left_sha256"":""e776181a6761d43da1f7a4b6cabdf64699a4fadd660de4a67988f5a6a703343a"",""right_sha256"":""cea2278ee7b301588d12f35d2e6d4bda5dc3698bde3ae04f0e2ff6a6b6b9430b"",""overlap_rows"":167,""conflicting_rows"":61,""first_conflict"":""2026-01-02"",""last_conflict"":""2026-08-13"",""warmup_conflicting_sessions"":61}]",H:\workspace\PCSOS\pool_scan_runs\daily_coverage_recovery_20260905_1741\tickers\DIS.json
DK,MIGRATED_ACTIVE_CONTENT_CONFLICT,"[{""year"":2026,""left"":""data\\parquet\\daily\\symbol=DK\\year=2026\\DK_2026.parquet"",""right"":""data\\parquet\\daily\\symbol=DK\\year=2026\\f8f75a62a3abd7b3884cd513.parquet"",""left_sha256"":""197a1b4fb03ec94a02ef9237cc98a0010168a1b54bfb1bd4ed68247dd8d17cc8"",""right_sha256"":""eaea4638a3ef2e77236b4ea898377e595b191987d9d2be33b573bed54958573d"",""overlap_rows"":167,""conflicting_rows"":63,""first_conflict"":""2026-01-02"",""last_conflict"":""2026-08-14"",""warmup_conflicting_sessions"":63}]",H:\workspace\PCSOS\pool_scan_runs\daily_coverage_recovery_20260905_1741\tickers\DK.json
DKNG,MIGRATED_ACTIVE_CONTENT_CONFLICT,"[{""year"":2026,""left"":""data\\parquet\\daily\\symbol=DKNG\\year=2026\\DKNG_2026.parquet"",""right"":""data\\parquet\\daily\\symbol=DKNG\\year=2026\\e76a9d49cb86386a6b200b3b.parquet"",""left_sha256"":""8b966044f94c95edd81126c23fa96ea1403bdf91660c9b36505e35683bb0efda"",""right_sha256"":""a9dfdad877d186b87e064db1732a3ca022554b01e37ef51a2a47e1d03fa89a82"",""overlap_rows"":167,""conflicting_rows"":42,""first_conflict"":""2026-01-27"",""last_conflict"":""2026-08-13"",""warmup_conflicting_sessions"":42}]",H:\workspace\PCSOS\pool_scan_runs\daily_coverage_recovery_20260905_1741\tickers\DKNG.json
DKS,MIGRATED_ACTIVE_CONTENT_CONFLICT,"[{""year"":2026,""left"":""data\\parquet\\daily\\symbol=DKS\\year=2026\\5805f5637955500daa96a5b9.parquet"",""right"":""data\\parquet\\daily\\symbol=DKS\\year=2026\\DKS_2026.parquet"",""left_sha256"":""95746a6ea15ada196abf1ff6f4e3ec263f6b7293adcc27845f10881c6df5f622"",""right_sha256"":""e09c53db9303bd8cff054d8452553c3bec787b8392dffd86ddaff9360b54db32"",""overlap_rows"":167,""conflicting_rows"":53,""first_conflict"":""2026-01-02"",""last_conflict"":""2026-08-06"",""warmup_conflicting_sessions"":53}]",H:\workspace\PCSOS\pool_scan_runs\daily_coverage_recovery_20260905_1741\tickers\DKS.json
DLB,MIGRATED_ACTIVE_CONTENT_CONFLICT,"[{""year"":2026,""left"":""data\\parquet\\daily\\symbol=DLB\\year=2026\\703b1557c71604501f2a20e4.parquet"",""right"":""data\\parquet\\daily\\symbol=DLB\\year=2026\\DLB_2026.parquet"",""left_sha256"":""3b93c7638228d3d443302a61b998dab31b11bc8e33acb7bf38551856386b1d83"",""right_sha256"":""3412e3e9873307c32b39c2c4d41b49a83be0ab1e51bf5d17dcbe064895e6b9c1"",""overlap_rows"":167,""conflicting_rows"":64,""first_conflict"":""2026-01-02"",""last_conflict"":""2026-08-14"",""warmup_conflicting_sessions"":64}]",H:\workspace\PCSOS\pool_scan_runs\daily_coverage_recovery_20260905_1741\tickers\DLB.json
DLO,MIGRATED_ACTIVE_CONTENT_CONFLICT,"[{""year"":2026,""left"":""data\\parquet\\daily\\symbol=DLO\\year=2026\\DLO_2026.parquet"",""right"":""data\\parquet\\daily\\symbol=DLO\\year=2026\\c118e149d688cd4f20990622.parquet"",""left_sha256"":""399feaf95fc0acee25ee9124c2034778d7ac52faf12896d6ba87b6b6825dd0b0"",""right_sha256"":""72d0ad91cdf04617be3c130ae764099171eaba13884f51841adc3a6d9a401b29"",""overlap_rows"":167,""conflicting_rows"":58,""first_conflict"":""2026-01-02"",""last_conflict"":""2026-08-14"",""warmup_conflicting_sessions"":58}]",H:\workspace\PCSOS\pool_scan_runs\daily_coverage_recovery_20260905_1741\tickers\DLO.json
DLTR,MIGRATED_ACTIVE_CONTENT_CONFLICT,"[{""year"":2026,""left"":""data\\parquet\\daily\\symbol=DLTR\\year=2026\\DLTR_2026.parquet"",""right"":""data\\parquet\\daily\\symbol=DLTR\\year=2026\\fc6e84123974b3e842af9ae5.parquet"",""left_sha256"":""27c15cee53eac50b5931846e762689fa5b0da41935d1d19be14d4714a16e2eb5"",""right_sha256"":""2d54ce53c19b5f1440719bd500e54cec364a260de721cc337d9d786b24c94357"",""overlap_rows"":167,""conflicting_rows"":34,""first_conflict"":""2026-01-27"",""last_conflict"":""2026-08-05"",""warmup_conflicting_sessions"":34}]",H:\workspace\PCSOS\pool_scan_runs\daily_coverage_recovery_20260905_1741\tickers\DLTR.json
DNN,MIGRATED_ACTIVE_CONTENT_CONFLICT,"[{""year"":2026,""left"":""data\\parquet\\daily\\symbol=DNN\\year=2026\\88ad98ec6164d7481b2f84b9.parquet"",""right"":""data\\parquet\\daily\\symbol=DNN\\year=2026\\DNN_2026.parquet"",""left_sha256"":""4753af25e365b3928fb809d02afc190c78442eff4ac1087a1a83b3caf0ad3ef1"",""right_sha256"":""7248ed2c64bc7266b097150e0b1666b6a7ce031d995457d6ce2834a9dd6cf130"",""overlap_rows"":166,""conflicting_rows"":41,""first_conflict"":""2026-01-30"",""last_conflict"":""2026-08-18"",""warmup_conflicting_sessions"":41}]",H:\workspace\PCSOS\pool_scan_runs\daily_coverage_recovery_20260905_1741\tickers\DNN.json
DNTH,MIGRATED_ACTIVE_CONTENT_CONFLICT,"[{""year"":2026,""left"":""data\\parquet\\daily\\symbol=DNTH\\year=2026\\9857c362e27f01c33bebdf03.parquet"",""right"":""data\\parquet\\daily\\symbol=DNTH\\year=2026\\DNTH_2026.parquet"",""left_sha256"":""3aaaf82fc8164a4a499dbeaf50c5540780fd011e1571e51e5319666197b2694b"",""right_sha256"":""4ae9a5fa0e9aa8add04d2178eeca8ab6367e9957305469e538ebbfd9bd28f7ed"",""overlap_rows"":167,""conflicting_rows"":36,""first_conflict"":""2026-01-02"",""last_conflict"":""2026-08-14"",""warmup_conflicting_sessions"":36}]",H:\workspace\PCSOS\pool_scan_runs\daily_coverage_recovery_20260905_1741\tickers\DNTH.json
DOC,MIGRATED_ACTIVE_CONTENT_CONFLICT,"[{""year"":2026,""left"":""data\\parquet\\daily\\symbol=DOC\\year=2026\\5b80bf47297f4c0553a900bb.parquet"",""right"":""data\\parquet\\daily\\symbol=DOC\\year=2026\\DOC_2026.parquet"",""left_sha256"":""95954e5d0fb614f4b12fad9f1c7441e458bb3ebe6e517654322a8db5802bf1d6"",""right_sha256"":""e243e53a471aae26d88766e4d1adce9cd2a852611b8a59aebf740868f91de18a"",""overlap_rows"":167,""conflicting_rows"":60,""first_conflict"":""2026-01-02"",""last_conflict"":""2026-08-14"",""warmup_conflicting_sessions"":60}]",H:\workspace\PCSOS\pool_scan_runs\daily_coverage_recovery_20260905_1741\tickers\DOC.json
DOCN,MIGRATED_ACTIVE_CONTENT_CONFLICT,"[{""year"":2026,""left"":""data\\parquet\\daily\\symbol=DOCN\\year=2026\\5f53c0621ede3ef7d17c0f2c.parquet"",""right"":""data\\parquet\\daily\\symbol=DOCN\\year=2026\\DOCN_2026.parquet"",""left_sha256"":""4ac823228fc28ef0f53a495d6ab99ea2a04e6de9407e736a5e5b13e0c9ae139c"",""right_sha256"":""1de4dfcefd2485a18a89a3d6b6816f167b9fb78e2262ac9c10909d72e7d8a908"",""overlap_rows"":167,""conflicting_rows"":37,""first_conflict"":""2026-01-02"",""last_conflict"":""2026-08-14"",""warmup_conflicting_sessions"":37}]",H:\workspace\PCSOS\pool_scan_runs\daily_coverage_recovery_20260905_1741\tickers\DOCN.json
DOCS,MIGRATED_ACTIVE_CONTENT_CONFLICT,"[{""year"":2026,""left"":""data\\parquet\\daily\\symbol=DOCS\\year=2026\\906fd7dfd23a511ca56dafc4.parquet"",""right"":""data\\parquet\\daily\\symbol=DOCS\\year=2026\\DOCS_2026.parquet"",""left_sha256"":""50854e56b227afb130c34a78a044fe0870325b6e581aca524252d55a1e98f9ef"",""right_sha256"":""ba0396657e973ff872451d164be11bffcddb4d743a326edf2c52783e604002b8"",""overlap_rows"":166,""conflicting_rows"":34,""first_conflict"":""2026-01-29"",""last_conflict"":""2026-08-18"",""warmup_conflicting_sessions"":34}]",H:\workspace\PCSOS\pool_scan_runs\daily_coverage_recovery_20260905_1741\tickers\DOCS.json
DOG,MIGRATED_ACTIVE_CONTENT_CONFLICT,"[{""year"":2026,""left"":""data\\parquet\\daily\\symbol=DOG\\year=2026\\84b574b8cebe8e6a9c23639f.parquet"",""right"":""data\\parquet\\daily\\symbol=DOG\\year=2026\\DOG_2026.parquet"",""left_sha256"":""020b772e614ad97ffa7af54e28a052fe3af9d8afdb4dbe712207a3e94d8c7b46"",""right_sha256"":""bc3ac02b5b574520fae1246011a66e961e5b8b9f5ee18c4a608459ca248262bd"",""overlap_rows"":167,""conflicting_rows"":62,""first_conflict"":""2026-01-02"",""last_conflict"":""2026-08-13"",""warmup_conflicting_sessions"":62}]",H:\workspace\PCSOS\pool_scan_runs\daily_coverage_recovery_20260905_1741\tickers\DOG.json
DOMO,MIGRATED_ACTIVE_CONTENT_CONFLICT,"[{""year"":2026,""left"":""data\\parquet\\daily\\symbol=DOMO\\year=2026\\DOMO_2026.parquet"",""right"":""data\\parquet\\daily\\symbol=DOMO\\year=2026\\fb842c588141f76c4417de0b.parquet"",""left_sha256"":""4095f2eb5a83e7f97617efb7cdb1fd80668e3516e7c012fa0a5568107d9be7a3"",""right_sha256"":""23e2479b0976b161e7f91c2f3f8b06df78789a1f3549baea6b463233142044d0"",""overlap_rows"":167,""conflicting_rows"":50,""first_conflict"":""2026-01-27"",""last_conflict"":""2026-08-14"",""warmup_conflicting_sessions"":50}]",H:\workspace\PCSOS\pool_scan_runs\daily_coverage_recovery_20260905_1741\tickers\DOMO.json
DOV,MIGRATED_ACTIVE_CONTENT_CONFLICT,"[{""year"":2026,""left"":""data\\parquet\\daily\\symbol=DOV\\year=2026\\1161e779c6b7518812a5fe01.parquet"",""right"":""data\\parquet\\daily\\symbol=DOV\\year=2026\\DOV_2026.parquet"",""left_sha256"":""a8b9d4f779103a7cd50fad8684f05cd5952b3498382772ffe8b32b4aadb8cd8c"",""right_sha256"":""3f8acddc5ff312befff763f565ff0e4fc2e9c15a77a9cf564467c47a745e8eea"",""overlap_rows"":167,""conflicting_rows"":57,""first_conflict"":""2026-01-02"",""last_conflict"":""2026-08-14"",""warmup_conflicting_sessions"":57}]",H:\workspace\PCSOS\pool_scan_runs\daily_coverage_recovery_20260905_1741\tickers\DOV.json
DOX,MIGRATED_ACTIVE_CONTENT_CONFLICT,"[{""year"":2026,""left"":""data\\parquet\\daily\\symbol=DOX\\year=2026\\10e06a96d4ac5e475f02cfab.parquet"",""right"":""data\\parquet\\daily\\symbol=DOX\\year=2026\\DOX_2026.parquet"",""left_sha256"":""b2d2ce17bbaf95e09fb7433186b44a875613e50986fb4b7e95bd98e5f211b0a2"",""right_sha256"":""775de5c2e64dd3369f7030529ea469ce6fa63d70b8899cb7607eae415e98b94c"",""overlap_rows"":167,""conflicting_rows"":60,""first_conflict"":""2026-01-02"",""last_conflict"":""2026-08-14"",""warmup_conflicting_sessions"":60}]",H:\workspace\PCSOS\pool_scan_runs\daily_coverage_recovery_20260905_1741\tickers\DOX.json
DPRO,MIGRATED_ACTIVE_CONTENT_CONFLICT,"[{""year"":2026,""left"":""data\\parquet\\daily\\symbol=DPRO\\year=2026\\735e36c42e10d458453718f6.parquet"",""right"":""data\\parquet\\daily\\symbol=DPRO\\year=2026\\DPRO_2026.parquet"",""left_sha256"":""f90e98482cde14d608f6829bbe5894c689e0fa2c32946457090f1287397403f0"",""right_sha256"":""de34576e14121d53dc83ddb8b34c36e8216cebd99a23672fec154db230c35eb3"",""overlap_rows"":167,""conflicting_rows"":47,""first_conflict"":""2026-01-02"",""last_conflict"":""2026-08-14"",""warmup_conflicting_sessions"":47}]",H:\workspace\PCSOS\pool_scan_runs\daily_coverage_recovery_20260905_1741\tickers\DPRO.json
DPST,MIGRATED_ACTIVE_CONTENT_CONFLICT,"[{""year"":2026,""left"":""data\\parquet\\daily\\symbol=DPST\\year=2026\\DPST_2026.parquet"",""right"":""data\\parquet\\daily\\symbol=DPST\\year=2026\\d9f63a5fdaf6080bf5748979.parquet"",""left_sha256"":""96daa0170ef8da31444f063b47071e8966f06bc29b645d317bfa14e67dd2cc5c"",""right_sha256"":""14890a1108d120e5356851b21c9418dcaeb77e48b2d0d4e2df5d2739f50644ef"",""overlap_rows"":167,""conflicting_rows"":59,""first_conflict"":""2026-01-02"",""last_conflict"":""2026-08-13"",""warmup_conflicting_sessions"":59}]",H:\workspace\PCSOS\pool_scan_runs\daily_coverage_recovery_20260905_1741\tickers\DPST.json
DRI,MIGRATED_ACTIVE_CONTENT_CONFLICT,"[{""year"":2026,""left"":""data\\parquet\\daily\\symbol=DRI\\year=2026\\3b55161e5af48872800da785.parquet"",""right"":""data\\parquet\\daily\\symbol=DRI\\year=2026\\DRI_2026.parquet"",""left_sha256"":""33aa90933f8e82c1d89dd42c781abbfec5f3935d9301eae447f103660c956752"",""right_sha256"":""0fa74ec68efdca90f5d839897368fc630fa97cdee9e7308b8c327315fe33113d"",""overlap_rows"":167,""conflicting_rows"":62,""first_conflict"":""2026-01-02"",""last_conflict"":""2026-08-14"",""warmup_conflicting_sessions"":62}]",H:\workspace\PCSOS\pool_scan_runs\daily_coverage_recovery_20260905_1741\tickers\DRI.json
DRV,MIGRATED_ACTIVE_CONTENT_CONFLICT,"[{""year"":2026,""left"":""data\\parquet\\daily\\symbol=DRV\\year=2026\\2466a066ce671ed7340f41cd.parquet"",""right"":""data\\parquet\\daily\\symbol=DRV\\year=2026\\DRV_2026.parquet"",""left_sha256"":""187ad7ff9febf671df3e02a113c621f933f8e3c8e54d17fa76a565ce0d099d1f"",""right_sha256"":""32546e3df0e8ea7bb77e351a274840888cd195fd81748a6c3af818e3710262a0"",""overlap_rows"":167,""conflicting_rows"":59,""first_conflict"":""2026-01-02"",""last_conflict"":""2026-08-14"",""warmup_conflicting_sessions"":59}]",H:\workspace\PCSOS\pool_scan_runs\daily_coverage_recovery_20260905_1741\tickers\DRV.json
DT,MIGRATED_ACTIVE_CONTENT_CONFLICT,"[{""year"":2026,""left"":""data\\parquet\\daily\\symbol=DT\\year=2026\\65c6c2e14c0adb2b8b0594f0.parquet"",""right"":""data\\parquet\\daily\\symbol=DT\\year=2026\\DT_2026.parquet"",""left_sha256"":""6d5aa12b2b458396aa0a535522a5cbb802b70e2af528b2ffc5ae9ae001821723"",""right_sha256"":""3cb6ff78bc18577357f77753a2aa43708d65620a01005b25730b983b94a69bb4"",""overlap_rows"":167,""conflicting_rows"":43,""first_conflict"":""2026-01-02"",""last_conflict"":""2026-08-13"",""warmup_conflicting_sessions"":43}]",H:\workspace\PCSOS\pool_scan_runs\daily_coverage_recovery_20260905_1741\tickers\DT.json
DTE,MIGRATED_ACTIVE_CONTENT_CONFLICT,"[{""year"":2026,""left"":""data\\parquet\\daily\\symbol=DTE\\year=2026\\623e692cafe21e70af59f905.parquet"",""right"":""data\\parquet\\daily\\symbol=DTE\\year=2026\\DTE_2026.parquet"",""left_sha256"":""2a23ebb9f4e030111936e07acb3ee0f7294863c533babd9536fa10d55bfd23bd"",""right_sha256"":""9fd51ad4b499acdb68fd9d28b312290495b6add8c611f9f78cdcb6cdbb9ec2af"",""overlap_rows"":167,""conflicting_rows"":58,""first_conflict"":""2026-01-02"",""last_conflict"":""2026-08-14"",""warmup_conflicting_sessions"":58}]",H:\workspace\PCSOS\pool_scan_runs\daily_coverage_recovery_20260905_1741\tickers\DTE.json
DUG,MIGRATED_ACTIVE_CONTENT_CONFLICT,"[{""year"":2026,""left"":""data\\parquet\\daily\\symbol=DUG\\year=2026\\DUG_2026.parquet"",""right"":""data\\parquet\\daily\\symbol=DUG\\year=2026\\a5ed3b01008262c947cf76aa.parquet"",""left_sha256"":""2472ba384a92f66b59fa0fc863c84eb14fbc4e61c204482a3f3aa4e87e79a1f6"",""right_sha256"":""ede591c45f0789116623b9a3dbdb6f97a7ea430f10244a7d8fe46bb8378f00ac"",""overlap_rows"":167,""conflicting_rows"":59,""first_conflict"":""2026-01-02"",""last_conflict"":""2026-08-14"",""warmup_conflicting_sessions"":59}]",H:\workspace\PCSOS\pool_scan_runs\daily_coverage_recovery_20260905_1741\tickers\DUG.json
DUK,MIGRATED_ACTIVE_CONTENT_CONFLICT,"[{""year"":2026,""left"":""data\\parquet\\daily\\symbol=DUK\\year=2026\\8c40e7129d05c5b380d32a88.parquet"",""right"":""data\\parquet\\daily\\symbol=DUK\\year=2026\\DUK_2026.parquet"",""left_sha256"":""f16356c4cf8fb093def4c4bacafbc164469da09fe50432e14b1fe134d09e0098"",""right_sha256"":""c91c2d5474b0e8df21b7482b88e49a3c96c4a8ce2a38b5be426da48ae1353608"",""overlap_rows"":167,""conflicting_rows"":63,""first_conflict"":""2026-01-02"",""last_conflict"":""2026-08-13"",""warmup_conflicting_sessions"":63}]",H:\workspace\PCSOS\pool_scan_runs\daily_coverage_recovery_20260905_1741\tickers\DUK.json
DV,MIGRATED_ACTIVE_CONTENT_CONFLICT,"[{""year"":2026,""left"":""data\\parquet\\daily\\symbol=DV\\year=2026\\24c32e8e077fe92498f28cd6.parquet"",""right"":""data\\parquet\\daily\\symbol=DV\\year=2026\\DV_2026.parquet"",""left_sha256"":""8bc23a01f54aaaa70f1954a42fa748cf4ebb3ba784eb10aeb8e44b3dcc73ac56"",""right_sha256"":""cbfe952590bed94f4cccc4585662aad36982b749b710654dbaa594b8786ed21c"",""overlap_rows"":167,""conflicting_rows"":46,""first_conflict"":""2026-01-30"",""last_conflict"":""2026-08-14"",""warmup_conflicting_sessions"":46}]",H:\workspace\PCSOS\pool_scan_runs\daily_coverage_recovery_20260905_1741\tickers\DV.json
DVN,MIGRATED_ACTIVE_CONTENT_CONFLICT,"[{""year"":2026,""left"":""data\\parquet\\daily\\symbol=DVN\\year=2026\\DVN_2026.parquet"",""right"":""data\\parquet\\daily\\symbol=DVN\\year=2026\\d3d2ebedbf2d166c5965930d.parquet"",""left_sha256"":""5178461b9570804b7efc736df538f86d4030a00bf39eb8def733f61af6232240"",""right_sha256"":""d8f13443d45c11cec43356c5227f34839a64641077cb774225ae8aaee954fc99"",""overlap_rows"":167,""conflicting_rows"":60,""first_conflict"":""2026-01-02"",""last_conflict"":""2026-08-14"",""warmup_conflicting_sessions"":60}]",H:\workspace\PCSOS\pool_scan_runs\daily_coverage_recovery_20260905_1741\tickers\DVN.json
DXCM,MIGRATED_ACTIVE_CONTENT_CONFLICT,"[{""year"":2026,""left"":""data\\parquet\\daily\\symbol=DXCM\\year=2026\\DXCM_2026.parquet"",""right"":""data\\parquet\\daily\\symbol=DXCM\\year=2026\\c3611ac0eed80b081daae767.parquet"",""left_sha256"":""6b9eeb530453b708844c360829814bb1234c0090a8dac3021ac2d6f49f9d6b8a"",""right_sha256"":""0b85d7366d5d237912181115d23630d5f7ed830a7c1529f16e162975595c14e2"",""overlap_rows"":167,""conflicting_rows"":37,""first_conflict"":""2026-01-27"",""last_conflict"":""2026-08-13"",""warmup_conflicting_sessions"":37}]",H:\workspace\PCSOS\pool_scan_runs\daily_coverage_recovery_20260905_1741\tickers\DXCM.json
DXJ,MIGRATED_ACTIVE_CONTENT_CONFLICT,"[{""year"":2026,""left"":""data\\parquet\\daily\\symbol=DXJ\\year=2026\\DXJ_2026.parquet"",""right"":""data\\parquet\\daily\\symbol=DXJ\\year=2026\\b57eede4c7d5d8e218247786.parquet"",""left_sha256"":""1336a1c26583f1e5e2363f8470bfdd6aff8fc8f91b3c031b964e6e5a44705666"",""right_sha256"":""a05eec497f8c602dce13351f2dc5210cf4f84060b3ce67d1b3686f8e04cff46c"",""overlap_rows"":167,""conflicting_rows"":59,""first_conflict"":""2026-01-02"",""last_conflict"":""2026-08-06"",""warmup_conflicting_sessions"":59}]",H:\workspace\PCSOS\pool_scan_runs\daily_coverage_recovery_20260905_1741\tickers\DXJ.json
DY,MIGRATED_ACTIVE_CONTENT_CONFLICT,"[{""year"":2026,""left"":""data\\parquet\\daily\\symbol=DY\\year=2026\\DY_2026.parquet"",""right"":""data\\parquet\\daily\\symbol=DY\\year=2026\\fb19fe0be32af8efff159d08.parquet"",""left_sha256"":""883d23dcaabb0598405684b87e45fffce893d56b526d8700eb10e99d3db13bdc"",""right_sha256"":""f5b25b5fb80413ab3dd0290500c02a11bab4c9e7b0245b25bc4e5de746d94e71"",""overlap_rows"":167,""conflicting_rows"":37,""first_conflict"":""2026-01-29"",""last_conflict"":""2026-08-14"",""warmup_conflicting_sessions"":37}]",H:\workspace\PCSOS\pool_scan_runs\daily_coverage_recovery_20260905_1741\tickers\DY.json
EAT,MIGRATED_ACTIVE_CONTENT_CONFLICT,"[{""year"":2026,""left"":""data\\parquet\\daily\\symbol=EAT\\year=2026\\EAT_2026.parquet"",""right"":""data\\parquet\\daily\\symbol=EAT\\year=2026\\e47f99fe09f021e4ef518687.parquet"",""left_sha256"":""f553d3c7937d6c8ee7492db845028887430816ae7e96fadf2bb596bb82feb15f"",""right_sha256"":""51575b39a611d5504e2723539bc021936cb867d746f6e21ba525a00c07aaee99"",""overlap_rows"":167,""conflicting_rows"":40,""first_conflict"":""2026-01-27"",""last_conflict"":""2026-08-13"",""warmup_conflicting_sessions"":40}]",H:\workspace\PCSOS\pool_scan_runs\daily_coverage_recovery_20260905_1741\tickers\EAT.json
EBAY,MIGRATED_ACTIVE_CONTENT_CONFLICT,"[{""year"":2026,""left"":""data\\parquet\\daily\\symbol=EBAY\\year=2026\\EBAY_2026.parquet"",""right"":""data\\parquet\\daily\\symbol=EBAY\\year=2026\\ada1d6068fbf581b56fd0598.parquet"",""left_sha256"":""bac554666983b1daf8689519b7cd09588c5233f22b1d6571e714d79f514a136c"",""right_sha256"":""1037c51888661b7bdcbf50bee35cdaa033da97fa25f2c7a828684d0a459ef6cd"",""overlap_rows"":167,""conflicting_rows"":59,""first_conflict"":""2026-01-02"",""last_conflict"":""2026-08-14"",""warmup_conflicting_sessions"":59}]",H:\workspace\PCSOS\pool_scan_runs\daily_coverage_recovery_20260905_1741\tickers\EBAY.json
EC,MIGRATED_ACTIVE_CONTENT_CONFLICT,"[{""year"":2026,""left"":""data\\parquet\\daily\\symbol=EC\\year=2026\\35bc784292e6991a08e4371b.parquet"",""right"":""data\\parquet\\daily\\symbol=EC\\year=2026\\EC_2026.parquet"",""left_sha256"":""71924a3f75e8b462f24aebdb1cb6b7c1515b07f01dc6f99de1e97f9e0ee70b2f"",""right_sha256"":""0f822d45533453f41c798cdf3a8d1ae7ddf39bc93b726ca0cc31e320491ec055"",""overlap_rows"":167,""conflicting_rows"":57,""first_conflict"":""2026-01-02"",""last_conflict"":""2026-08-14"",""warmup_conflicting_sessions"":57}]",H:\workspace\PCSOS\pool_scan_runs\daily_coverage_recovery_20260905_1741\tickers\EC.json
ECL,MIGRATED_ACTIVE_CONTENT_CONFLICT,"[{""year"":2026,""left"":""data\\parquet\\daily\\symbol=ECL\\year=2026\\433009bcd812e5e2a3ec8a62.parquet"",""right"":""data\\parquet\\daily\\symbol=ECL\\year=2026\\ECL_2026.parquet"",""left_sha256"":""eabb0e053a7fa0948d57ab5af0e9be830a2daad6a7f6ca4dc3c8227931c80923"",""right_sha256"":""656d599bae732910896b262bb163776b962f3133fd789735bcc6edcf65d84cfe"",""overlap_rows"":167,""conflicting_rows"":60,""first_conflict"":""2026-01-02"",""last_conflict"":""2026-08-13"",""warmup_conflicting_sessions"":60}]",H:\workspace\PCSOS\pool_scan_runs\daily_coverage_recovery_20260905_1741\tickers\ECL.json
ED,MIGRATED_ACTIVE_CONTENT_CONFLICT,"[{""year"":2026,""left"":""data\\parquet\\daily\\symbol=ED\\year=2026\\ED_2026.parquet"",""right"":""data\\parquet\\daily\\symbol=ED\\year=2026\\ec2164b7e20ec8901cd19dbd.parquet"",""left_sha256"":""7e8d73e8b47258a5995819cd8891ddd33658c15ec42d87a79acf242f920dbd08"",""right_sha256"":""a2824e96ab9172c193fdda96a38e5d8b69184baf51fffaacfed47aa2a15dfdf1"",""overlap_rows"":167,""conflicting_rows"":58,""first_conflict"":""2026-01-02"",""last_conflict"":""2026-08-14"",""warmup_conflicting_sessions"":58}]",H:\workspace\PCSOS\pool_scan_runs\daily_coverage_recovery_20260905_1741\tickers\ED.json
EDIT,MIGRATED_ACTIVE_CONTENT_CONFLICT,"[{""year"":2026,""left"":""data\\parquet\\daily\\symbol=EDIT\\year=2026\\1d73d13183a88c572f3a7f09.parquet"",""right"":""data\\parquet\\daily\\symbol=EDIT\\year=2026\\EDIT_2026.parquet"",""left_sha256"":""f43bd4562c33e6894e7f3db74828aa559f9dd0ebdd084fd3ca6458dbc9f8bb93"",""right_sha256"":""8bf59458fc8c9d8cf4a9d13e1a9a9cf50bd55582c9e44ceedca344fa56791bd5"",""overlap_rows"":167,""conflicting_rows"":48,""first_conflict"":""2026-01-30"",""last_conflict"":""2026-08-14"",""warmup_conflicting_sessions"":48}]",H:\workspace\PCSOS\pool_scan_runs\daily_coverage_recovery_20260905_1741\tickers\EDIT.json
EDV,MIGRATED_ACTIVE_CONTENT_CONFLICT,"[{""year"":2026,""left"":""data\\parquet\\daily\\symbol=EDV\\year=2026\\62b89049839364fe0fb8f8b1.parquet"",""right"":""data\\parquet\\daily\\symbol=EDV\\year=2026\\EDV_2026.parquet"",""left_sha256"":""192fd842349128cdc9bcfeb5f98105f6c954e353883cef08043ac3ada0ca2c46"",""right_sha256"":""8e44ed7a94606cefa8f572882b71af5cc5d83d81ff1042f1fc46b539daeca2ac"",""overlap_rows"":167,""conflicting_rows"":62,""first_conflict"":""2026-01-02"",""last_conflict"":""2026-08-14"",""warmup_conflicting_sessions"":62}]",H:\workspace\PCSOS\pool_scan_runs\daily_coverage_recovery_20260905_1741\tickers\EDV.json
EEFT,MIGRATED_ACTIVE_CONTENT_CONFLICT,"[{""year"":2026,""left"":""data\\parquet\\daily\\symbol=EEFT\\year=2026\\EEFT_2026.parquet"",""right"":""data\\parquet\\daily\\symbol=EEFT\\year=2026\\ea97b93b9efa3a5037dbaba9.parquet"",""left_sha256"":""676bc2c20e55ef7992d8bec42c0324f19fbaeb553196bd975323695334e66c1f"",""right_sha256"":""3e1b0420475218373404187389ddc1589e3d885f3184db901a0d2fd6806d47d5"",""overlap_rows"":167,""conflicting_rows"":34,""first_conflict"":""2026-01-02"",""last_conflict"":""2026-08-14"",""warmup_conflicting_sessions"":34}]",H:\workspace\PCSOS\pool_scan_runs\daily_coverage_recovery_20260905_1741\tickers\EEFT.json
EEM,MIGRATED_ACTIVE_CONTENT_CONFLICT,"[{""year"":2026,""left"":""data\\parquet\\daily\\symbol=EEM\\year=2026\\EEM_2026.parquet"",""right"":""data\\parquet\\daily\\symbol=EEM\\year=2026\\c3a6cc0050f9839be840f2b9.parquet"",""left_sha256"":""bdc61aa72147665a09cd5e7dcb4f4b5783c6f51eff4e705c6181939d5a2c03a1"",""right_sha256"":""fb0b05bf3b63be13dc1e0a415496c89bfd174ca8073449a0faa94fe91d0584b8"",""overlap_rows"":167,""conflicting_rows"":60,""first_conflict"":""2026-01-02"",""last_conflict"":""2026-08-14"",""warmup_conflicting_sessions"":60}]",H:\workspace\PCSOS\pool_scan_runs\daily_coverage_recovery_20260905_1741\tickers\EEM.json
EFA,MIGRATED_ACTIVE_CONTENT_CONFLICT,"[{""year"":2026,""left"":""data\\parquet\\daily\\symbol=EFA\\year=2026\\4d05c3b00514a9a39ee636dc.parquet"",""right"":""data\\parquet\\daily\\symbol=EFA\\year=2026\\EFA_2026.parquet"",""left_sha256"":""771be3ee296ab3b3906fc9a19ff325380e6f19790672646dcc50e1e28f806994"",""right_sha256"":""dfc184320d09867ae5fe9eda9b36fcc174a28cbce123cdb276a60f6c6c4aa060"",""overlap_rows"":167,""conflicting_rows"":60,""first_conflict"":""2026-01-02"",""last_conflict"":""2026-08-14"",""warmup_conflicting_sessions"":60}]",H:\workspace\PCSOS\pool_scan_runs\daily_coverage_recovery_20260905_1741\tickers\EFA.json
EG,MIGRATED_ACTIVE_CONTENT_CONFLICT,"[{""year"":2026,""left"":""data\\parquet\\daily\\symbol=EG\\year=2026\\347f2f8950921bfe4d54ad19.parquet"",""right"":""data\\parquet\\daily\\symbol=EG\\year=2026\\EG_2026.parquet"",""left_sha256"":""875f20cb72ee1b8d3f9affc97a7fe5439ad12a3cf3019280df15267cc06b63d5"",""right_sha256"":""52195c69c9d16b87c02bc0390ba8281911d623965577b7a45b88496392fbe711"",""overlap_rows"":167,""conflicting_rows"":54,""first_conflict"":""2026-01-02"",""last_conflict"":""2026-08-14"",""warmup_conflicting_sessions"":54}]",H:\workspace\PCSOS\pool_scan_runs\daily_coverage_recovery_20260905_1741\tickers\EG.json
EGO,MIGRATED_ACTIVE_CONTENT_CONFLICT,"[{""year"":2026,""left"":""data\\parquet\\daily\\symbol=EGO\\year=2026\\28305adaea610c5bae68ee53.parquet"",""right"":""data\\parquet\\daily\\symbol=EGO\\year=2026\\EGO_2026.parquet"",""left_sha256"":""a25e29b83f818df78069f0e095748a1668299ed3790457e6bcf56ce04c087e9d"",""right_sha256"":""d29ebb60fc703714dd47f9a2ffdad9383a60723e79b4bf58addf684448290084"",""overlap_rows"":166,""conflicting_rows"":60,""first_conflict"":""2026-01-02"",""last_conflict"":""2026-08-18"",""warmup_conflicting_sessions"":60}]",H:\workspace\PCSOS\pool_scan_runs\daily_coverage_recovery_20260905_1741\tickers\EGO.json
EH,MIGRATED_ACTIVE_CONTENT_CONFLICT,"[{""year"":2026,""left"":""data\\parquet\\daily\\symbol=EH\\year=2026\\45fc47b1296c59c14a37a129.parquet"",""right"":""data\\parquet\\daily\\symbol=EH\\year=2026\\EH_2026.parquet"",""left_sha256"":""88a1048e2ba788e6ad9e2da3d739003ea1131cb7d81aa620b0cd25fda474eb27"",""right_sha256"":""001830af1e517a10de64e2b540f76014382bbaa44edfed5eb0646301859ca901"",""overlap_rows"":167,""conflicting_rows"":42,""first_conflict"":""2026-01-27"",""last_conflict"":""2026-08-14"",""warmup_conflicting_sessions"":42}]",H:\workspace\PCSOS\pool_scan_runs\daily_coverage_recovery_20260905_1741\tickers\EH.json
EHC,MIGRATED_ACTIVE_CONTENT_CONFLICT,"[{""year"":2026,""left"":""data\\parquet\\daily\\symbol=EHC\\year=2026\\23a19161e92ef723328d4d81.parquet"",""right"":""data\\parquet\\daily\\symbol=EHC\\year=2026\\EHC_2026.parquet"",""left_sha256"":""c611a5b96314390010777f473f086edae1515dbe3dec529713bc4771073c1d53"",""right_sha256"":""23c837c8ff482037d46a8791a56518bcd88b7f400efe2a7b96db2e85ca839400"",""overlap_rows"":167,""conflicting_rows"":58,""first_conflict"":""2026-01-02"",""last_conflict"":""2026-08-14"",""warmup_conflicting_sessions"":58}]",H:\workspace\PCSOS\pool_scan_runs\daily_coverage_recovery_20260905_1741\tickers\EHC.json
EIX,MIGRATED_ACTIVE_CONTENT_CONFLICT,"[{""year"":2026,""left"":""data\\parquet\\daily\\symbol=EIX\\year=2026\\698125bb8f16ee3c33700170.parquet"",""right"":""data\\parquet\\daily\\symbol=EIX\\year=2026\\EIX_2026.parquet"",""left_sha256"":""8cb83c93e1d640be7d7a2f9876c7457a3e04d8404f29a82f0249c386d386a00b"",""right_sha256"":""765e8479e5f32f732a00431aa63bdccdceb063756f1374fd36b2c77102979a37"",""overlap_rows"":167,""conflicting_rows"":60,""first_conflict"":""2026-01-02"",""last_conflict"":""2026-08-14"",""warmup_conflicting_sessions"":60}]",H:\workspace\PCSOS\pool_scan_runs\daily_coverage_recovery_20260905_1741\tickers\EIX.json
ELS,MIGRATED_ACTIVE_CONTENT_CONFLICT,"[{""year"":2026,""left"":""data\\parquet\\daily\\symbol=ELS\\year=2026\\ELS_2026.parquet"",""right"":""data\\parquet\\daily\\symbol=ELS\\year=2026\\fbe6fd17350117b7fcc0e01d.parquet"",""left_sha256"":""3352ea36c08adb76a37bbb0d51070e5323491356695285b7881f31ec3d33f49d"",""right_sha256"":""4e9dd2638313c1dfd54dc6283d05878c2f1a61e65f7dd8848531927ff6c8243f"",""overlap_rows"":167,""conflicting_rows"":60,""first_conflict"":""2026-01-02"",""last_conflict"":""2026-08-14"",""warmup_conflicting_sessions"":60}]",H:\workspace\PCSOS\pool_scan_runs\daily_coverage_recovery_20260905_1741\tickers\ELS.json
ELV,MIGRATED_ACTIVE_CONTENT_CONFLICT,"[{""year"":2026,""left"":""data\\parquet\\daily\\symbol=ELV\\year=2026\\ELV_2026.parquet"",""right"":""data\\parquet\\daily\\symbol=ELV\\year=2026\\c8f4ae3db519bdf6d59cebe7.parquet"",""left_sha256"":""75489745eb7eebf994c152e3727d1015f77061c85c715da6be66f75cf9411afd"",""right_sha256"":""16c5755a78ecc87d80d3db5fe1a23e7fdb39ef1d7d434c303d5bfa64ac1f43d2"",""overlap_rows"":166,""conflicting_rows"":55,""first_conflict"":""2026-01-02"",""last_conflict"":""2026-08-18"",""warmup_conflicting_sessions"":55}]",H:\workspace\PCSOS\pool_scan_runs\daily_coverage_recovery_20260905_1741\tickers\ELV.json
EME,MIGRATED_ACTIVE_CONTENT_CONFLICT,"[{""year"":2026,""left"":""data\\parquet\\daily\\symbol=EME\\year=2026\\4ba80f9f7f4e43d9d424a6e6.parquet"",""right"":""data\\parquet\\daily\\symbol=EME\\year=2026\\EME_2026.parquet"",""left_sha256"":""c9863dfebe9eef8c6c47378aebe302f60cfb97aabb173cf2ca720584fac5a60b"",""right_sha256"":""69b7b1f18a74ee611e934a99f80e508d89f989fe07c1488bc73911d9d2f6f489"",""overlap_rows"":167,""conflicting_rows"":62,""first_conflict"":""2026-01-02"",""last_conflict"":""2026-08-14"",""warmup_conflicting_sessions"":62}]",H:\workspace\PCSOS\pool_scan_runs\daily_coverage_recovery_20260905_1741\tickers\EME.json
EMN,MIGRATED_ACTIVE_CONTENT_CONFLICT,"[{""year"":2026,""left"":""data\\parquet\\daily\\symbol=EMN\\year=2026\\142813b767cbefdd46f849d9.parquet"",""right"":""data\\parquet\\daily\\symbol=EMN\\year=2026\\EMN_2026.parquet"",""left_sha256"":""d58b12f3cb1d95f1235e613f7076b256809e5b03facb4aaac3097a00210d3a9f"",""right_sha256"":""6cdccd6329bf1c5b4edc35b09e51c1caa974f070ee2a008512892a7cddbdf10a"",""overlap_rows"":167,""conflicting_rows"":57,""first_conflict"":""2026-01-02"",""last_conflict"":""2026-08-14"",""warmup_conflicting_sessions"":57}]",H:\workspace\PCSOS\pool_scan_runs\daily_coverage_recovery_20260905_1741\tickers\EMN.json
EMR,MIGRATED_ACTIVE_CONTENT_CONFLICT,"[{""year"":2026,""left"":""data\\parquet\\daily\\symbol=EMR\\year=2026\\2ef7c21f084c398379c25efd.parquet"",""right"":""data\\parquet\\daily\\symbol=EMR\\year=2026\\EMR_2026.parquet"",""left_sha256"":""c97f91a24eb85f87000f4166c56adec346cab6a7c11d385926e26cfc668e8b8d"",""right_sha256"":""2d95484bbbc5b34865acf2e84cfd71bbd781e0a18f60ec4f895d387806a1b180"",""overlap_rows"":166,""conflicting_rows"":60,""first_conflict"":""2026-01-02"",""last_conflict"":""2026-08-18"",""warmup_conflicting_sessions"":60}]",H:\workspace\PCSOS\pool_scan_runs\daily_coverage_recovery_20260905_1741\tickers\EMR.json
ENPH,MIGRATED_ACTIVE_CONTENT_CONFLICT,"[{""year"":2026,""left"":""data\\parquet\\daily\\symbol=ENPH\\year=2026\\85f77be2bb25a27f48cb6fa0.parquet"",""right"":""data\\parquet\\daily\\symbol=ENPH\\year=2026\\ENPH_2026.parquet"",""left_sha256"":""9f4fb1b111311943222cea64dc18e269c61682612c3b0b5111234e65519e438b"",""right_sha256"":""5939c4b4201e866ee5fe1345bd75cd037b919d89de31459958357475f4a0e052"",""overlap_rows"":167,""conflicting_rows"":39,""first_conflict"":""2026-01-02"",""last_conflict"":""2026-08-14"",""warmup_conflicting_sessions"":39}]",H:\workspace\PCSOS\pool_scan_runs\daily_coverage_recovery_20260905_1741\tickers\ENPH.json
ENR,MIGRATED_ACTIVE_CONTENT_CONFLICT,"[{""year"":2026,""left"":""data\\parquet\\daily\\symbol=ENR\\year=2026\\9634f72c3b27455ba24e289f.parquet"",""right"":""data\\parquet\\daily\\symbol=ENR\\year=2026\\ENR_2026.parquet"",""left_sha256"":""f0fb1c1d167014b8ca23bd4825a06c5df0c6835b257316c607c9425714314ba6"",""right_sha256"":""d94188769d96adc440cae19165b0d6bc345fc0644e3b05f00b1c1c5a10952e4c"",""overlap_rows"":167,""conflicting_rows"":58,""first_conflict"":""2026-01-02"",""last_conflict"":""2026-08-14"",""warmup_conflicting_sessions"":58}]",H:\workspace\PCSOS\pool_scan_runs\daily_coverage_recovery_20260905_1741\tickers\ENR.json
ENSG,MIGRATED_ACTIVE_CONTENT_CONFLICT,"[{""year"":2026,""left"":""data\\parquet\\daily\\symbol=ENSG\\year=2026\\5d823aae25b30cd561949549.parquet"",""right"":""data\\parquet\\daily\\symbol=ENSG\\year=2026\\ENSG_2026.parquet"",""left_sha256"":""513bfe369c6279ee4a523ea4c1a02be11e8dfe33a52cc58177b3f9eb25432d03"",""right_sha256"":""4bd9af9acf0c92428d276ca67183659c25dfb7e65a71792bbf8f43f31c2b023b"",""overlap_rows"":166,""conflicting_rows"":63,""first_conflict"":""2026-01-02"",""last_conflict"":""2026-08-18"",""warmup_conflicting_sessions"":63}]",H:\workspace\PCSOS\pool_scan_runs\daily_coverage_recovery_20260905_1741\tickers\ENSG.json
ENVA,MIGRATED_ACTIVE_CONTENT_CONFLICT,"[{""year"":2026,""left"":""data\\parquet\\daily\\symbol=ENVA\\year=2026\\60b3c932168d7fe3e4b66c04.parquet"",""right"":""data\\parquet\\daily\\symbol=ENVA\\year=2026\\ENVA_2026.parquet"",""left_sha256"":""ba8c58068a36a07640d13cc5df4f7456aeccdf6059ef3c7f7d1406d8e3926a5a"",""right_sha256"":""52b9a259e1df3a5e486460457ff556b837d9d789f9ffe1409b3bf55f8d85c7fc"",""overlap_rows"":167,""conflicting_rows"":37,""first_conflict"":""2026-01-27"",""last_conflict"":""2026-08-14"",""warmup_conflicting_sessions"":37}]",H:\workspace\PCSOS\pool_scan_runs\daily_coverage_recovery_20260905_1741\tickers\ENVA.json
ENVX,MIGRATED_ACTIVE_CONTENT_CONFLICT,"[{""year"":2026,""left"":""data\\parquet\\daily\\symbol=ENVX\\year=2026\\ENVX_2026.parquet"",""right"":""data\\parquet\\daily\\symbol=ENVX\\year=2026\\dc8b3b313a7e25ea9f0b5c7a.parquet"",""left_sha256"":""9756ede10c5db72f04582964ebd4788a38e506f0dfb59ae427411dafceacf65b"",""right_sha256"":""9d70edbc9a559206295c06be2834a2219425a2d9e188a5411fb6585f617676a6"",""overlap_rows"":167,""conflicting_rows"":52,""first_conflict"":""2026-01-02"",""last_conflict"":""2026-08-13"",""warmup_conflicting_sessions"":52}]",H:\workspace\PCSOS\pool_scan_runs\daily_coverage_recovery_20260905_1741\tickers\ENVX.json
EOG,MIGRATED_ACTIVE_CONTENT_CONFLICT,"[{""year"":2026,""left"":""data\\parquet\\daily\\symbol=EOG\\year=2026\\EOG_2026.parquet"",""right"":""data\\parquet\\daily\\symbol=EOG\\year=2026\\a10f31c08a942292e3eb2503.parquet"",""left_sha256"":""ef08f54f7352a68403813d595e26338dd2e61c36b808f06f9c120d164220646b"",""right_sha256"":""ae4b04f2a2a077b1b2668a9ef2c1582cb1ad09aca5c7701f33b4024626ddb0a7"",""overlap_rows"":166,""conflicting_rows"":62,""first_conflict"":""2026-01-02"",""last_conflict"":""2026-08-18"",""warmup_conflicting_sessions"":62}]",H:\workspace\PCSOS\pool_scan_runs\daily_coverage_recovery_20260905_1741\tickers\EOG.json
EOSE,MIGRATED_ACTIVE_CONTENT_CONFLICT,"[{""year"":2026,""left"":""data\\parquet\\daily\\symbol=EOSE\\year=2026\\EOSE_2026.parquet"",""right"":""data\\parquet\\daily\\symbol=EOSE\\year=2026\\c4bc180fe379cd1f776859db.parquet"",""left_sha256"":""1e62938bb0470948a481a55da5f701120b47fbf670a23d460f16b9e25e8a2bf4"",""right_sha256"":""4d588d400e768bd9fcd661d78a507c9c6fbdfb22ea0976b57f08400eddd37739"",""overlap_rows"":167,""conflicting_rows"":48,""first_conflict"":""2026-01-29"",""last_conflict"":""2026-08-14"",""warmup_conflicting_sessions"":48}]",H:\workspace\PCSOS\pool_scan_runs\daily_coverage_recovery_20260905_1741\tickers\EOSE.json
EPAM,MIGRATED_ACTIVE_CONTENT_CONFLICT,"[{""year"":2026,""left"":""data\\parquet\\daily\\symbol=EPAM\\year=2026\\EPAM_2026.parquet"",""right"":""data\\parquet\\daily\\symbol=EPAM\\year=2026\\dfc02000b0b9fd09dc6f0177.parquet"",""left_sha256"":""e53aeee2c140caf6947303e4ad25899b3375c73ee53958d418f1c1ec639aba49"",""right_sha256"":""c847efab0a7d0cf61b513c48dced5bc1152eb0b0fd126511588fe90b9ddae13d"",""overlap_rows"":167,""conflicting_rows"":33,""first_conflict"":""2026-01-02"",""last_conflict"":""2026-08-13"",""warmup_conflicting_sessions"":33}]",H:\workspace\PCSOS\pool_scan_runs\daily_coverage_recovery_20260905_1741\tickers\EPAM.json
EPD,MIGRATED_ACTIVE_CONTENT_CONFLICT,"[{""year"":2026,""left"":""data\\parquet\\daily\\symbol=EPD\\year=2026\\17376a6b773ac7a675f0bd66.parquet"",""right"":""data\\parquet\\daily\\symbol=EPD\\year=2026\\EPD_2026.parquet"",""left_sha256"":""c13ed1320d9b0e98c0f6b9dc208bcd60e0e256c32ad97d6d4d1547bf86d075e5"",""right_sha256"":""092aba4a7dc2d2e0b0c675b64cf2b4bcc2cced09ae5d8c2f87ef1e0049131af8"",""overlap_rows"":167,""conflicting_rows"":62,""first_conflict"":""2026-01-02"",""last_conflict"":""2026-08-06"",""warmup_conflicting_sessions"":62}]",H:\workspace\PCSOS\pool_scan_runs\daily_coverage_recovery_20260905_1741\tickers\EPD.json
EPI,MIGRATED_ACTIVE_CONTENT_CONFLICT,"[{""year"":2026,""left"":""data\\parquet\\daily\\symbol=EPI\\year=2026\\EPI_2026.parquet"",""right"":""data\\parquet\\daily\\symbol=EPI\\year=2026\\f9670554f6c6dc24a7825325.parquet"",""left_sha256"":""46a71337ca4288364950c42bfe527561bd306926da574b4dcb798506544be4c4"",""right_sha256"":""2bc35f21663cf90a32eda13ff088d0dc3062d9a37d8389b81f2fde0337aaddc2"",""overlap_rows"":167,""conflicting_rows"":50,""first_conflict"":""2026-01-29"",""last_conflict"":""2026-08-14"",""warmup_conflicting_sessions"":50}]",H:\workspace\PCSOS\pool_scan_runs\daily_coverage_recovery_20260905_1741\tickers\EPI.json
EQIX,MIGRATED_ACTIVE_CONTENT_CONFLICT,"[{""year"":2026,""left"":""data\\parquet\\daily\\symbol=EQIX\\year=2026\\EQIX_2026.parquet"",""right"":""data\\parquet\\daily\\symbol=EQIX\\year=2026\\f68c167e852e1a5901ced139.parquet"",""left_sha256"":""c83d7bf50b1f3c7d215dcaa9441004ae50076cbc5e950371e2303ccdf9011401"",""right_sha256"":""701f0103651ffbc51e393e4d651a0cc232ee64872a0e1c4a59bf5119c8f1c7b5"",""overlap_rows"":167,""conflicting_rows"":56,""first_conflict"":""2026-01-02"",""last_conflict"":""2026-08-14"",""warmup_conflicting_sessions"":56}]",H:\workspace\PCSOS\pool_scan_runs\daily_coverage_recovery_20260905_1741\tickers\EQIX.json
EQNR,MIGRATED_ACTIVE_CONTENT_CONFLICT,"[{""year"":2026,""left"":""data\\parquet\\daily\\symbol=EQNR\\year=2026\\EQNR_2026.parquet"",""right"":""data\\parquet\\daily\\symbol=EQNR\\year=2026\\a7f45cd30a246ef03be536fb.parquet"",""left_sha256"":""c7e02e7689672694aef437ce3275a41376fd2e7ec538295a24ec7472c3eb7cc7"",""right_sha256"":""eaff1441a714f1074b6ac0edb94dfe8bd76ff113b8ae410ae7931b9ba4b61787"",""overlap_rows"":167,""conflicting_rows"":63,""first_conflict"":""2026-01-02"",""last_conflict"":""2026-08-13"",""warmup_conflicting_sessions"":63}]",H:\workspace\PCSOS\pool_scan_runs\daily_coverage_recovery_20260905_1741\tickers\EQNR.json
EQT,MIGRATED_ACTIVE_CONTENT_CONFLICT,"[{""year"":2026,""left"":""data\\parquet\\daily\\symbol=EQT\\year=2026\\0d056ad3fc14906f50ae1c05.parquet"",""right"":""data\\parquet\\daily\\symbol=EQT\\year=2026\\EQT_2026.parquet"",""left_sha256"":""6a03a0b8a939acdca221d0fcd711c040d52a4bdeceb0751dd2c8e36178b024f7"",""right_sha256"":""2946c2931205a3f97a85070530090a7af2efc7cd1835c8a1dcda362139311691"",""overlap_rows"":167,""conflicting_rows"":64,""first_conflict"":""2026-01-02"",""last_conflict"":""2026-08-14"",""warmup_conflicting_sessions"":64}]",H:\workspace\PCSOS\pool_scan_runs\daily_coverage_recovery_20260905_1741\tickers\EQT.json
ERIC,MIGRATED_ACTIVE_CONTENT_CONFLICT,"[{""year"":2026,""left"":""data\\parquet\\daily\\symbol=ERIC\\year=2026\\91d9fdd922047dc5da1d6058.parquet"",""right"":""data\\parquet\\daily\\symbol=ERIC\\year=2026\\ERIC_2026.parquet"",""left_sha256"":""51b61badf51b7d775efa8b29853259345d323bdda59ba3c7cb65c1f7c83b09e4"",""right_sha256"":""feda99458975fa9b4801e7ae4de96769ceda55dcb79f7674077e7915678930db"",""overlap_rows"":167,""conflicting_rows"":56,""first_conflict"":""2026-01-02"",""last_conflict"":""2026-08-13"",""warmup_conflicting_sessions"":56}]",H:\workspace\PCSOS\pool_scan_runs\daily_coverage_recovery_20260905_1741\tickers\ERIC.json
ERY,MIGRATED_ACTIVE_CONTENT_CONFLICT,"[{""year"":2026,""left"":""data\\parquet\\daily\\symbol=ERY\\year=2026\\ERY_2026.parquet"",""right"":""data\\parquet\\daily\\symbol=ERY\\year=2026\\a0ba0109c5fbca91c1144b81.parquet"",""left_sha256"":""58a0d4ba56c171263cc857b56ffe117e00be729a9d1518ebcfc11cafb3e44b26"",""right_sha256"":""00ee6455494a5f26c927221436ad4ed47096d8cc1fd9b0f1b160899608358493"",""overlap_rows"":167,""conflicting_rows"":63,""first_conflict"":""2026-01-02"",""last_conflict"":""2026-08-14"",""warmup_conflicting_sessions"":63}]",H:\workspace\PCSOS\pool_scan_runs\daily_coverage_recovery_20260905_1741\tickers\ERY.json
ES,MIGRATED_ACTIVE_CONTENT_CONFLICT,"[{""year"":2026,""left"":""data\\parquet\\daily\\symbol=ES\\year=2026\\323fe9676a3b93f2b942ce34.parquet"",""right"":""data\\parquet\\daily\\symbol=ES\\year=2026\\ES_2026.parquet"",""left_sha256"":""0bfb356ad46285d84d11bc2729d64c91157abf5639516ed4eaf935da77bc463e"",""right_sha256"":""b3463fbc23443844fa0aef1a42e80e4c96021699fba28284af8f1a07d613118e"",""overlap_rows"":167,""conflicting_rows"":53,""first_conflict"":""2026-01-02"",""last_conflict"":""2026-08-14"",""warmup_conflicting_sessions"":53}]",H:\workspace\PCSOS\pool_scan_runs\daily_coverage_recovery_20260905_1741\tickers\ES.json
ESTA,MIGRATED_ACTIVE_CONTENT_CONFLICT,"[{""year"":2026,""left"":""data\\parquet\\daily\\symbol=ESTA\\year=2026\\3728f416139a51fa832cf988.parquet"",""right"":""data\\parquet\\daily\\symbol=ESTA\\year=2026\\ESTA_2026.parquet"",""left_sha256"":""8593eb3199a2665d77591057d82dbdaa297a59dee709bf2b43a8d9c26bcc5f34"",""right_sha256"":""af111e2fd0f49948c1bf5d8848cf18ea80cd3291fbbb2ba9d8bc895f36e351a3"",""overlap_rows"":167,""conflicting_rows"":37,""first_conflict"":""2026-01-02"",""last_conflict"":""2026-08-14"",""warmup_conflicting_sessions"":37}]",H:\workspace\PCSOS\pool_scan_runs\daily_coverage_recovery_20260905_1741\tickers\ESTA.json
ESTC,MIGRATED_ACTIVE_CONTENT_CONFLICT,"[{""year"":2026,""left"":""data\\parquet\\daily\\symbol=ESTC\\year=2026\\ESTC_2026.parquet"",""right"":""data\\parquet\\daily\\symbol=ESTC\\year=2026\\df6845599848976833b4fdfc.parquet"",""left_sha256"":""bc12d26341f4ee643986be52cd1819665a4ce1942da75911a3974b77342afa95"",""right_sha256"":""0a394b21d0ff1b9a5c82e92b36ffcb7360d5fbba8d6eab78cbc2c31546a71cdf"",""overlap_rows"":167,""conflicting_rows"":38,""first_conflict"":""2026-01-02"",""last_conflict"":""2026-08-13"",""warmup_conflicting_sessions"":38}]",H:\workspace\PCSOS\pool_scan_runs\daily_coverage_recovery_20260905_1741\tickers\ESTC.json
ETN,MIGRATED_ACTIVE_CONTENT_CONFLICT,"[{""year"":2026,""left"":""data\\parquet\\daily\\symbol=ETN\\year=2026\\47189859828a4d0e1d460294.parquet"",""right"":""data\\parquet\\daily\\symbol=ETN\\year=2026\\ETN_2026.parquet"",""left_sha256"":""ac416c618c7c70717d961da8ac49fc0e7895f182c364db5d0bd0adff2290acf7"",""right_sha256"":""61873728a28067ffbe6fc53f3d2cfb41c5e8eb44fc6b21d42f85a2b5359a876a"",""overlap_rows"":167,""conflicting_rows"":64,""first_conflict"":""2026-01-02"",""last_conflict"":""2026-08-14"",""warmup_conflicting_sessions"":64}]",H:\workspace\PCSOS\pool_scan_runs\daily_coverage_recovery_20260905_1741\tickers\ETN.json
ETR,MIGRATED_ACTIVE_CONTENT_CONFLICT,"[{""year"":2026,""left"":""data\\parquet\\daily\\symbol=ETR\\year=2026\\5b666443928e10e09680cd9f.parquet"",""right"":""data\\parquet\\daily\\symbol=ETR\\year=2026\\ETR_2026.parquet"",""left_sha256"":""cf6ff6646abe5326cd4adf1296de372a85042060fe48cea3b2c0b92f99d16868"",""right_sha256"":""8992c29b94b55e307d8a95d4fc5ef5b77be4874206338a3374d22f1e12ef90eb"",""overlap_rows"":167,""conflicting_rows"":63,""first_conflict"":""2026-01-02"",""last_conflict"":""2026-08-14"",""warmup_conflicting_sessions"":63}]",H:\workspace\PCSOS\pool_scan_runs\daily_coverage_recovery_20260905_1741\tickers\ETR.json
EVGO,MIGRATED_ACTIVE_CONTENT_CONFLICT,"[{""year"":2026,""left"":""data\\parquet\\daily\\symbol=EVGO\\year=2026\\EVGO_2026.parquet"",""right"":""data\\parquet\\daily\\symbol=EVGO\\year=2026\\e093da1046317c29b9631ea1.parquet"",""left_sha256"":""066f994ab1de3d98c0899b64ab81e0c294d400d18cb704ab595d023968442b74"",""right_sha256"":""86a9f56fb74e355639544a9fb205185df0adcead0f42220752be7a59b08d620c"",""overlap_rows"":167,""conflicting_rows"":34,""first_conflict"":""2026-01-02"",""last_conflict"":""2026-08-13"",""warmup_conflicting_sessions"":34}]",H:\workspace\PCSOS\pool_scan_runs\daily_coverage_recovery_20260905_1741\tickers\EVGO.json
EVR,MIGRATED_ACTIVE_CONTENT_CONFLICT,"[{""year"":2026,""left"":""data\\parquet\\daily\\symbol=EVR\\year=2026\\84572782c98c2f96139c5787.parquet"",""right"":""data\\parquet\\daily\\symbol=EVR\\year=2026\\EVR_2026.parquet"",""left_sha256"":""08af74eb4730431b1a1fa11c0035bc8668fad8984a0428319d5ca29b2cfbb298"",""right_sha256"":""a06b218f2ae1f840557fde715bc7a4c1e485ed9789b1e628577a12987335f9b1"",""overlap_rows"":167,""conflicting_rows"":55,""first_conflict"":""2026-01-02"",""last_conflict"":""2026-08-14"",""warmup_conflicting_sessions"":55}]",H:\workspace\PCSOS\pool_scan_runs\daily_coverage_recovery_20260905_1741\tickers\EVR.json
EVRG,MIGRATED_ACTIVE_CONTENT_CONFLICT,"[{""year"":2026,""left"":""data\\parquet\\daily\\symbol=EVRG\\year=2026\\1598674eed420a80d1e74666.parquet"",""right"":""data\\parquet\\daily\\symbol=EVRG\\year=2026\\EVRG_2026.parquet"",""left_sha256"":""3fdc012ff8472d2f5581ac6cfa018b0a950bdc999202a385ebab1ca4f20e62bf"",""right_sha256"":""28b92e7da53f34e805ed49b2d4b48c88c52341c46744f799e0f8403043c729b0"",""overlap_rows"":167,""conflicting_rows"":50,""first_conflict"":""2026-01-02"",""last_conflict"":""2026-08-14"",""warmup_conflicting_sessions"":50}]",H:\workspace\PCSOS\pool_scan_runs\daily_coverage_recovery_20260905_1741\tickers\EVRG.json
EW,MIGRATED_ACTIVE_CONTENT_CONFLICT,"[{""year"":2026,""left"":""data\\parquet\\daily\\symbol=EW\\year=2026\\32947d19fe1216ad6075e516.parquet"",""right"":""data\\parquet\\daily\\symbol=EW\\year=2026\\EW_2026.parquet"",""left_sha256"":""a8c22add5210f0ed14aecb711d87ea3ae734b7b9a44e5203c58d7795791eb22b"",""right_sha256"":""b92f5e8eaf20604a018d2f689404c2441daf2e0ab5324511ccda04442b3e386f"",""overlap_rows"":167,""conflicting_rows"":41,""first_conflict"":""2026-02-05"",""last_conflict"":""2026-08-14"",""warmup_conflicting_sessions"":41}]",H:\workspace\PCSOS\pool_scan_runs\daily_coverage_recovery_20260905_1741\tickers\EW.json
EWA,MIGRATED_ACTIVE_CONTENT_CONFLICT,"[{""year"":2026,""left"":""data\\parquet\\daily\\symbol=EWA\\year=2026\\EWA_2026.parquet"",""right"":""data\\parquet\\daily\\symbol=EWA\\year=2026\\de392c0bebad81f3b3db9000.parquet"",""left_sha256"":""5f6a96f324ea3f10f9a1047ad181e71202cfbc422fc759b023b508c4e9e8c1ff"",""right_sha256"":""7059d50d7f3b63e60e31c5cf75b091aaef56110c547741677f201530517bf125"",""overlap_rows"":166,""conflicting_rows"":64,""first_conflict"":""2026-01-02"",""last_conflict"":""2026-08-18"",""warmup_conflicting_sessions"":64}]",H:\workspace\PCSOS\pool_scan_runs\daily_coverage_recovery_20260905_1741\tickers\EWA.json
EWBC,MIGRATED_ACTIVE_CONTENT_CONFLICT,"[{""year"":2026,""left"":""data\\parquet\\daily\\symbol=EWBC\\year=2026\\50aa634e97221552e8a827ee.parquet"",""right"":""data\\parquet\\daily\\symbol=EWBC\\year=2026\\EWBC_2026.parquet"",""left_sha256"":""4985e74be9c008e5ca6075e5600c356b271ac5c7e8b6945519d8a3c80d5e891e"",""right_sha256"":""e08ad03248cd3d8ed890ae61ede808b9fcffc68b844b123f720fbba4fbc00c35"",""overlap_rows"":167,""conflicting_rows"":63,""first_conflict"":""2026-01-02"",""last_conflict"":""2026-08-14"",""warmup_conflicting_sessions"":63}]",H:\workspace\PCSOS\pool_scan_runs\daily_coverage_recovery_20260905_1741\tickers\EWBC.json
EWH,MIGRATED_ACTIVE_CONTENT_CONFLICT,"[{""year"":2026,""left"":""data\\parquet\\daily\\symbol=EWH\\year=2026\\4c8e65cfab64987d8194bb4a.parquet"",""right"":""data\\parquet\\daily\\symbol=EWH\\year=2026\\EWH_2026.parquet"",""left_sha256"":""df61fa6ecd9a0ecb55dfc6a8abb2397e5e6655dd8c6df4da92d910b6b7313075"",""right_sha256"":""075f85a1368dfb7fac092d2c1faf884f86a4bb43be7e42429c634329dbb8cd78"",""overlap_rows"":167,""conflicting_rows"":59,""first_conflict"":""2026-01-02"",""last_conflict"":""2026-08-14"",""warmup_conflicting_sessions"":59}]",H:\workspace\PCSOS\pool_scan_runs\daily_coverage_recovery_20260905_1741\tickers\EWH.json
EWI,MIGRATED_ACTIVE_CONTENT_CONFLICT,"[{""year"":2026,""left"":""data\\parquet\\daily\\symbol=EWI\\year=2026\\18e435cc9452a5526a3ad8f3.parquet"",""right"":""data\\parquet\\daily\\symbol=EWI\\year=2026\\EWI_2026.parquet"",""left_sha256"":""80092f93bd0955bec9e3e4030d9f144db745c39f4bc8f7e86c0898654a0aef63"",""right_sha256"":""fd81679a6ae32653e9c7147f9986782525b891799081e48aa75e43feb1e8cac5"",""overlap_rows"":167,""conflicting_rows"":55,""first_conflict"":""2026-01-02"",""last_conflict"":""2026-08-14"",""warmup_conflicting_sessions"":55}]",H:\workspace\PCSOS\pool_scan_runs\daily_coverage_recovery_20260905_1741\tickers\EWI.json
EWU,MIGRATED_ACTIVE_CONTENT_CONFLICT,"[{""year"":2026,""left"":""data\\parquet\\daily\\symbol=EWU\\year=2026\\EWU_2026.parquet"",""right"":""data\\parquet\\daily\\symbol=EWU\\year=2026\\c5813d8ef52ad2be07fbb138.parquet"",""left_sha256"":""88ff42add807880eb3ae568182413841d566f6f7220bf679d7ab88b37ab155e9"",""right_sha256"":""b7cbe0957672bae5ad90310a0a06e077f67a0068023bb0afd7d58abe04803b94"",""overlap_rows"":167,""conflicting_rows"":58,""first_conflict"":""2026-01-02"",""last_conflict"":""2026-08-14"",""warmup_conflicting_sessions"":58}]",H:\workspace\PCSOS\pool_scan_runs\daily_coverage_recovery_20260905_1741\tickers\EWU.json
EWW,MIGRATED_ACTIVE_CONTENT_CONFLICT,"[{""year"":2026,""left"":""data\\parquet\\daily\\symbol=EWW\\year=2026\\42948fd0dbde45ac0970a0fb.parquet"",""right"":""data\\parquet\\daily\\symbol=EWW\\year=2026\\EWW_2026.parquet"",""left_sha256"":""6e05edfda78ed63af596a91c3a7fc9e5461fc5757a8717420b7210f671f0f690"",""right_sha256"":""78833b7067e3a776fb6ad914b3db4baa080181e37607e485124d6adac20f503a"",""overlap_rows"":167,""conflicting_rows"":56,""first_conflict"":""2026-01-02"",""last_conflict"":""2026-08-13"",""warmup_conflicting_sessions"":56}]",H:\workspace\PCSOS\pool_scan_runs\daily_coverage_recovery_20260905_1741\tickers\EWW.json
EWY,MIGRATED_ACTIVE_CONTENT_CONFLICT,"[{""year"":2026,""left"":""data\\parquet\\daily\\symbol=EWY\\year=2026\\1e870b3d2c0191f2fd9bdc1f.parquet"",""right"":""data\\parquet\\daily\\symbol=EWY\\year=2026\\EWY_2026.parquet"",""left_sha256"":""6f178ea4d3048b7f9328021983e88bd8100b52f6eb58e7925318d88498c99caf"",""right_sha256"":""5f340f63caa24cf164fc3a55fbd327e49942af37c82a601e3dd8a44fc980d0ad"",""overlap_rows"":167,""conflicting_rows"":44,""first_conflict"":""2026-01-02"",""last_conflict"":""2026-08-06"",""warmup_conflicting_sessions"":44}]",H:\workspace\PCSOS\pool_scan_runs\daily_coverage_recovery_20260905_1741\tickers\EWY.json
EWZ,MIGRATED_ACTIVE_CONTENT_CONFLICT,"[{""year"":2026,""left"":""data\\parquet\\daily\\symbol=EWZ\\year=2026\\6b9acdfc09c23716fa849e28.parquet"",""right"":""data\\parquet\\daily\\symbol=EWZ\\year=2026\\EWZ_2026.parquet"",""left_sha256"":""12d07995e646cad66a8e534d7d24f74f406a38bf070d32c6764dc8a9a7ace9fc"",""right_sha256"":""14794af05de6417ec01fa126522d8c9d930069c9e2e6a539c021cccdde1f080b"",""overlap_rows"":167,""conflicting_rows"":59,""first_conflict"":""2026-01-02"",""last_conflict"":""2026-08-14"",""warmup_conflicting_sessions"":59}]",H:\workspace\PCSOS\pool_scan_runs\daily_coverage_recovery_20260905_1741\tickers\EWZ.json
EXC,MIGRATED_ACTIVE_CONTENT_CONFLICT,"[{""year"":2026,""left"":""data\\parquet\\daily\\symbol=EXC\\year=2026\\EXC_2026.parquet"",""right"":""data\\parquet\\daily\\symbol=EXC\\year=2026\\ea8430aa36f203e457be9716.parquet"",""left_sha256"":""59c7c26b4ef1fc06093c73fdaf2eeef6ba157855fec4b98f7388697021bf35bb"",""right_sha256"":""60ef55a0dbcb90064ddb04f97b8c70b27aad36e3c969a46b926090f0bcb34dd8"",""overlap_rows"":167,""conflicting_rows"":59,""first_conflict"":""2026-01-02"",""last_conflict"":""2026-08-13"",""warmup_conflicting_sessions"":59}]",H:\workspace\PCSOS\pool_scan_runs\daily_coverage_recovery_20260905_1741\tickers\EXC.json
EXEL,MIGRATED_ACTIVE_CONTENT_CONFLICT,"[{""year"":2026,""left"":""data\\parquet\\daily\\symbol=EXEL\\year=2026\\3eadc98d4c679e2c4228403a.parquet"",""right"":""data\\parquet\\daily\\symbol=EXEL\\year=2026\\EXEL_2026.parquet"",""left_sha256"":""985465a040c0c54799829b43d16add2d1d9162e22bd3a3385356e9d0232f422f"",""right_sha256"":""d1f234b26c7f21ae4dbb5a8a280151b4d594494671f1b4d9951c44f5a6782d4e"",""overlap_rows"":167,""conflicting_rows"":43,""first_conflict"":""2026-01-02"",""last_conflict"":""2026-08-14"",""warmup_conflicting_sessions"":43}]",H:\workspace\PCSOS\pool_scan_runs\daily_coverage_recovery_20260905_1741\tickers\EXEL.json
EXK,MIGRATED_ACTIVE_CONTENT_CONFLICT,"[{""year"":2026,""left"":""data\\parquet\\daily\\symbol=EXK\\year=2026\\EXK_2026.parquet"",""right"":""data\\parquet\\daily\\symbol=EXK\\year=2026\\d554bf3755cba10efd4bf095.parquet"",""left_sha256"":""07b844dc249ed6a639bbe8e7e85f4974192cbc46dc97c217e21810b65e6d745d"",""right_sha256"":""12c7577ce9f219354e9cc36d397a8aacdb99507a86f6346a06212035ed1312f9"",""overlap_rows"":167,""conflicting_rows"":42,""first_conflict"":""2026-01-02"",""last_conflict"":""2026-08-14"",""warmup_conflicting_sessions"":42}]",H:\workspace\PCSOS\pool_scan_runs\daily_coverage_recovery_20260905_1741\tickers\EXK.json
EXLS,MIGRATED_ACTIVE_CONTENT_CONFLICT,"[{""year"":2026,""left"":""data\\parquet\\daily\\symbol=EXLS\\year=2026\\8369586c76fd65d5449d5774.parquet"",""right"":""data\\parquet\\daily\\symbol=EXLS\\year=2026\\EXLS_2026.parquet"",""left_sha256"":""95dd012994d8032907e1b2e4ce9a13214f019eb54d98eaed5aec0f930a3c7146"",""right_sha256"":""50d6d5f2446b4f7634186a875c66adf44ac8f3016f3440040ee1fd4e74570780"",""overlap_rows"":167,""conflicting_rows"":50,""first_conflict"":""2026-01-27"",""last_conflict"":""2026-08-14"",""warmup_conflicting_sessions"":50}]",H:\workspace\PCSOS\pool_scan_runs\daily_coverage_recovery_20260905_1741\tickers\EXLS.json
EXPE,MIGRATED_ACTIVE_CONTENT_CONFLICT,"[{""year"":2026,""left"":""data\\parquet\\daily\\symbol=EXPE\\year=2026\\EXPE_2026.parquet"",""right"":""data\\parquet\\daily\\symbol=EXPE\\year=2026\\d8180f8945ffb8bddfd0401e.parquet"",""left_sha256"":""a8ff09d0118313d283cc570dd09ffc9f4d7620947218b82ad3d2b00ee983a82b"",""right_sha256"":""9f55e4bcd07fbdd74dac66125712c9a38a7b2886016d0cd167d068bdf2bd9557"",""overlap_rows"":166,""conflicting_rows"":60,""first_conflict"":""2026-01-02"",""last_conflict"":""2026-08-18"",""warmup_conflicting_sessions"":60}]",H:\workspace\PCSOS\pool_scan_runs\daily_coverage_recovery_20260905_1741\tickers\EXPE.json
EXR,MIGRATED_ACTIVE_CONTENT_CONFLICT,"[{""year"":2026,""left"":""data\\parquet\\daily\\symbol=EXR\\year=2026\\EXR_2026.parquet"",""right"":""data\\parquet\\daily\\symbol=EXR\\year=2026\\c93e862a6bc53c1c88cb75d1.parquet"",""left_sha256"":""6b6dce8476efb07badedbf24a016c435afb11d1b37e871910e275e3672dbc817"",""right_sha256"":""88c65b1af18c3c62485bf268d7e269d88878b6f840dca6d1473bbf90aa192c07"",""overlap_rows"":166,""conflicting_rows"":60,""first_conflict"":""2026-01-02"",""last_conflict"":""2026-08-18"",""warmup_conflicting_sessions"":60}]",H:\workspace\PCSOS\pool_scan_runs\daily_coverage_recovery_20260905_1741\tickers\EXR.json
EXTR,MIGRATED_ACTIVE_CONTENT_CONFLICT,"[{""year"":2026,""left"":""data\\parquet\\daily\\symbol=EXTR\\year=2026\\EXTR_2026.parquet"",""right"":""data\\parquet\\daily\\symbol=EXTR\\year=2026\\e515a7ce73a592f5483f7f92.parquet"",""left_sha256"":""1e5bea1c2c44911b4bb7a7a5cb34666cc1f87a6bb0e6d890f4d47670f54a42fb"",""right_sha256"":""4b97d0cae7147e4121fabae6f970244a1558eade266666acb2a8d8004d53773c"",""overlap_rows"":167,""conflicting_rows"":44,""first_conflict"":""2026-01-27"",""last_conflict"":""2026-08-06"",""warmup_conflicting_sessions"":44}]",H:\workspace\PCSOS\pool_scan_runs\daily_coverage_recovery_20260905_1741\tickers\EXTR.json
F,MIGRATED_ACTIVE_CONTENT_CONFLICT,"[{""year"":2026,""left"":""data\\parquet\\daily\\symbol=F\\year=2026\\F_2026.parquet"",""right"":""data\\parquet\\daily\\symbol=F\\year=2026\\c40d56b534bdd44772e5e952.parquet"",""left_sha256"":""05622557edc1bb989e8086b0ef4b2fe67bbe12f1c9ef6b99bcc3c54430b1ba02"",""right_sha256"":""b01f9698e073e619ebe2fc116813e01ab378891f0a419820f6989ae72828b599"",""overlap_rows"":167,""conflicting_rows"":63,""first_conflict"":""2026-01-02"",""last_conflict"":""2026-08-13"",""warmup_conflicting_sessions"":63}]",H:\workspace\PCSOS\pool_scan_runs\daily_coverage_recovery_20260905_1741\tickers\F.json
FAZ,MIGRATED_ACTIVE_CONTENT_CONFLICT,"[{""year"":2026,""left"":""data\\parquet\\daily\\symbol=FAZ\\year=2026\\29e215d6d819d6da515f32a5.parquet"",""right"":""data\\parquet\\daily\\symbol=FAZ\\year=2026\\FAZ_2026.parquet"",""left_sha256"":""c3507700d602b3d6c5c59e015ad544d12f9ea3d2fe12d349fb82763ccd33c0ef"",""right_sha256"":""2ade3881efd65001866b2f82deda6a1dfcbe8f765bb83b6b54a400b110550c3e"",""overlap_rows"":167,""conflicting_rows"":59,""first_conflict"":""2026-01-02"",""last_conflict"":""2026-08-14"",""warmup_conflicting_sessions"":59}]",H:\workspace\PCSOS\pool_scan_runs\daily_coverage_recovery_20260905_1741\tickers\FAZ.json
FBIN,MIGRATED_ACTIVE_CONTENT_CONFLICT,"[{""year"":2026,""left"":""data\\parquet\\daily\\symbol=FBIN\\year=2026\\1f993a5f900f0435c8f3357b.parquet"",""right"":""data\\parquet\\daily\\symbol=FBIN\\year=2026\\FBIN_2026.parquet"",""left_sha256"":""1e3526ce7ac13a69ab6d40d255ba69b260e1ca00939c8c11a0a14025570549a8"",""right_sha256"":""e05c17e4595c8eff729ee85f4204e85e699fb272162619b031eccf4e3ec9b4a5"",""overlap_rows"":167,""conflicting_rows"":52,""first_conflict"":""2026-01-02"",""last_conflict"":""2026-08-06"",""warmup_conflicting_sessions"":52}]",H:\workspace\PCSOS\pool_scan_runs\daily_coverage_recovery_20260905_1741\tickers\FBIN.json
FBL,MIGRATED_ACTIVE_CONTENT_CONFLICT,"[{""year"":2026,""left"":""data\\parquet\\daily\\symbol=FBL\\year=2026\\5f18b10a2fdd1d21f2671603.parquet"",""right"":""data\\parquet\\daily\\symbol=FBL\\year=2026\\FBL_2026.parquet"",""left_sha256"":""3682999854d48001e179785bf9508c79a986e51c6a7f541e3ac194edc7297356"",""right_sha256"":""012bbfe5951a20cb82c2fed26a8b1826bdac207ef6d586a995a8e8aee1bd320b"",""overlap_rows"":167,""conflicting_rows"":36,""first_conflict"":""2026-01-02"",""last_conflict"":""2026-08-14"",""warmup_conflicting_sessions"":36}]",H:\workspace\PCSOS\pool_scan_runs\daily_coverage_recovery_20260905_1741\tickers\FBL.json
FCG,MIGRATED_ACTIVE_CONTENT_CONFLICT,"[{""year"":2026,""left"":""data\\parquet\\daily\\symbol=FCG\\year=2026\\0fd85fe506dd1c123c388432.parquet"",""right"":""data\\parquet\\daily\\symbol=FCG\\year=2026\\FCG_2026.parquet"",""left_sha256"":""8f663752f030e0cba973975a6c7eb73609b60e897f91c978786b9b0e5588be2c"",""right_sha256"":""a7cc4bf401d4ee0b7df15a4525fac5e60cc70120412fa232f4f44e039810481a"",""overlap_rows"":167,""conflicting_rows"":57,""first_conflict"":""2026-01-02"",""last_conflict"":""2026-08-14"",""warmup_conflicting_sessions"":57}]",H:\workspace\PCSOS\pool_scan_runs\daily_coverage_recovery_20260905_1741\tickers\FCG.json
FCX,MIGRATED_ACTIVE_CONTENT_CONFLICT,"[{""year"":2026,""left"":""data\\parquet\\daily\\symbol=FCX\\year=2026\\65dbacbd3f8483230d53e0f9.parquet"",""right"":""data\\parquet\\daily\\symbol=FCX\\year=2026\\FCX_2026.parquet"",""left_sha256"":""8a3840559e3ae41d5bfc58243821a4d1d1d1d6ceeed925e7163f70d93cfe74a3"",""right_sha256"":""4a3f13cfb3164eeeed37bf33bc9da47a7d275279413f221e65bcaad68d8f936f"",""overlap_rows"":167,""conflicting_rows"":60,""first_conflict"":""2026-01-02"",""last_conflict"":""2026-08-13"",""warmup_conflicting_sessions"":60}]",H:\workspace\PCSOS\pool_scan_runs\daily_coverage_recovery_20260905_1741\tickers\FCX.json
FDN,MIGRATED_ACTIVE_CONTENT_CONFLICT,"[{""year"":2026,""left"":""data\\parquet\\daily\\symbol=FDN\\year=2026\\87237b92549d2d208c23390c.parquet"",""right"":""data\\parquet\\daily\\symbol=FDN\\year=2026\\FDN_2026.parquet"",""left_sha256"":""09504920343316e6f7318deb21fe8a988becf37594531a5c60fd52269493b503"",""right_sha256"":""9590d3a417c7526d0d54fcdbbab75be99cecd129cc3dba98e914f003e23a0be2"",""overlap_rows"":167,""conflicting_rows"":36,""first_conflict"":""2026-01-02"",""last_conflict"":""2026-08-14"",""warmup_conflicting_sessions"":36}]",H:\workspace\PCSOS\pool_scan_runs\daily_coverage_recovery_20260905_1741\tickers\FDN.json
FDX,MIGRATED_ACTIVE_CONTENT_CONFLICT,"[{""year"":2026,""left"":""data\\parquet\\daily\\symbol=FDX\\year=2026\\FDX_2026.parquet"",""right"":""data\\parquet\\daily\\symbol=FDX\\year=2026\\ad1641c1f65e3134759b2150.parquet"",""left_sha256"":""4bee8b5466e709e8c25fc1478f101153986359d3ef0680dd0511c0b8b6a55309"",""right_sha256"":""1333c7d88edf83752df096e5eded39f24116b9a655801ed80d06728e41e043cd"",""overlap_rows"":167,""conflicting_rows"":57,""first_conflict"":""2026-01-02"",""last_conflict"":""2026-08-13"",""warmup_conflicting_sessions"":57}]",H:\workspace\PCSOS\pool_scan_runs\daily_coverage_recovery_20260905_1741\tickers\FDX.json
FERG,MIGRATED_ACTIVE_CONTENT_CONFLICT,"[{""year"":2026,""left"":""data\\parquet\\daily\\symbol=FERG\\year=2026\\FERG_2026.parquet"",""right"":""data\\parquet\\daily\\symbol=FERG\\year=2026\\c7a3c6e1e00c2f2c59eaa0c5.parquet"",""left_sha256"":""4a97782282beba4a99b9ea5cc858941094cfbba95eb497f16353d35e03e3cd8d"",""right_sha256"":""45a10301b1515c9120554754cf7db2faff198116769a789b537b9979a4fc2fda"",""overlap_rows"":166,""conflicting_rows"":57,""first_conflict"":""2026-01-02"",""last_conflict"":""2026-08-18"",""warmup_conflicting_sessions"":57}]",H:\workspace\PCSOS\pool_scan_runs\daily_coverage_recovery_20260905_1741\tickers\FERG.json
FET,MIGRATED_ACTIVE_CONTENT_CONFLICT,"[{""year"":2026,""left"":""data\\parquet\\daily\\symbol=FET\\year=2026\\385f5009821d06f2649e7286.parquet"",""right"":""data\\parquet\\daily\\symbol=FET\\year=2026\\FET_2026.parquet"",""left_sha256"":""674f799c25fb41aa7199be6cb9b3d00183f6ac02ba0e2c897ba97d3ba0a91256"",""right_sha256"":""6ff4fcebeb0d44c173e1ac80f6408b4cb428c0f1c3cce63b9326307ddaec856d"",""overlap_rows"":167,""conflicting_rows"":36,""first_conflict"":""2026-01-02"",""last_conflict"":""2026-08-14"",""warmup_conflicting_sessions"":36}]",H:\workspace\PCSOS\pool_scan_runs\daily_coverage_recovery_20260905_1741\tickers\FET.json
FHN,MIGRATED_ACTIVE_CONTENT_CONFLICT,"[{""year"":2026,""left"":""data\\parquet\\daily\\symbol=FHN\\year=2026\\FHN_2026.parquet"",""right"":""data\\parquet\\daily\\symbol=FHN\\year=2026\\b5feda8651c5a4ced73ad4ad.parquet"",""left_sha256"":""929de7912a498339f97aee72130dc6784a0d22e6def0dc1f53b560e93876e4d9"",""right_sha256"":""2ea15b22adf95168970a50540109386ba3869ecb0332da21c2b01568e0557d8b"",""overlap_rows"":166,""conflicting_rows"":59,""first_conflict"":""2026-01-02"",""last_conflict"":""2026-08-18"",""warmup_conflicting_sessions"":59}]",H:\workspace\PCSOS\pool_scan_runs\daily_coverage_recovery_20260905_1741\tickers\FHN.json
FIGS,MIGRATED_ACTIVE_CONTENT_CONFLICT,"[{""year"":2026,""left"":""data\\parquet\\daily\\symbol=FIGS\\year=2026\\44e33e94da816f46b3379a5c.parquet"",""right"":""data\\parquet\\daily\\symbol=FIGS\\year=2026\\FIGS_2026.parquet"",""left_sha256"":""7f16f25f9dad0f3851dde4ee9e760ce658bd42594f7a8e82c06e81d6838fdfef"",""right_sha256"":""da8d464e2f2eed2dd3064a87ffde5b57b36e8755bd0c348c45d6297634eceb21"",""overlap_rows"":167,""conflicting_rows"":44,""first_conflict"":""2026-01-02"",""last_conflict"":""2026-08-14"",""warmup_conflicting_sessions"":44}]",H:\workspace\PCSOS\pool_scan_runs\daily_coverage_recovery_20260905_1741\tickers\FIGS.json
FIS,MIGRATED_ACTIVE_CONTENT_CONFLICT,"[{""year"":2026,""left"":""data\\parquet\\daily\\symbol=FIS\\year=2026\\0f8df1dcb95dea0a325c1569.parquet"",""right"":""data\\parquet\\daily\\symbol=FIS\\year=2026\\FIS_2026.parquet"",""left_sha256"":""4cbf98d0b04c896e8453715a489ab85dc99dfaaf6678904d624e0acc83ca5a7c"",""right_sha256"":""e80e2fa2906ab9223bfe785013c7283538c13e67765b08c523707abdfabc1e5a"",""overlap_rows"":166,""conflicting_rows"":63,""first_conflict"":""2026-01-02"",""last_conflict"":""2026-08-18"",""warmup_conflicting_sessions"":63}]",H:\workspace\PCSOS\pool_scan_runs\daily_coverage_recovery_20260905_1741\tickers\FIS.json
FIVN,MIGRATED_ACTIVE_CONTENT_CONFLICT,"[{""year"":2026,""left"":""data\\parquet\\daily\\symbol=FIVN\\year=2026\\FIVN_2026.parquet"",""right"":""data\\parquet\\daily\\symbol=FIVN\\year=2026\\a471fa09cb1d1b2bfe8392c5.parquet"",""left_sha256"":""b7313dcde6908245d04d811c4e626e964ff0bfd632b265eebfa04eb0f25930e1"",""right_sha256"":""27987474517f0fcd2fb7e48123c40da55e70e66171314105bb5291a1d783fa35"",""overlap_rows"":167,""conflicting_rows"":43,""first_conflict"":""2026-01-02"",""last_conflict"":""2026-08-14"",""warmup_conflicting_sessions"":43}]",H:\workspace\PCSOS\pool_scan_runs\daily_coverage_recovery_20260905_1741\tickers\FIVN.json
FIX,MIGRATED_ACTIVE_CONTENT_CONFLICT,"[{""year"":2026,""left"":""data\\parquet\\daily\\symbol=FIX\\year=2026\\55af2305a0fb082b82a0ff02.parquet"",""right"":""data\\parquet\\daily\\symbol=FIX\\year=2026\\FIX_2026.parquet"",""left_sha256"":""27d69bffc1b962d41d3b621c5c8e67e8b9b4ddd17bb4f0438818addb14f57fe0"",""right_sha256"":""682532b7fbb2138fd6e30711a617c100df6c40c92d344087c8760b6479731f5a"",""overlap_rows"":167,""conflicting_rows"":64,""first_conflict"":""2026-01-02"",""last_conflict"":""2026-08-14"",""warmup_conflicting_sessions"":64}]",H:\workspace\PCSOS\pool_scan_runs\daily_coverage_recovery_20260905_1741\tickers\FIX.json
FLEX,MIGRATED_ACTIVE_CONTENT_CONFLICT,"[{""year"":2026,""left"":""data\\parquet\\daily\\symbol=FLEX\\year=2026\\03b9e05b255ffe88456a808a.parquet"",""right"":""data\\parquet\\daily\\symbol=FLEX\\year=2026\\FLEX_2026.parquet"",""left_sha256"":""07e746f18e59d2ceb90afaab6b4bf08eecf64d51f8d3130ed6ffe9e6a31d1e28"",""right_sha256"":""68553f805000b020be0084292a6fbb2947395c65674e72cdaec8c3cf75391312"",""overlap_rows"":166,""conflicting_rows"":41,""first_conflict"":""2026-02-03"",""last_conflict"":""2026-08-18"",""warmup_conflicting_sessions"":41}]",H:\workspace\PCSOS\pool_scan_runs\daily_coverage_recovery_20260905_1741\tickers\FLEX.json
FLO,MIGRATED_ACTIVE_CONTENT_CONFLICT,"[{""year"":2026,""left"":""data\\parquet\\daily\\symbol=FLO\\year=2026\\3dc4533cb5c22678fb4e9dab.parquet"",""right"":""data\\parquet\\daily\\symbol=FLO\\year=2026\\FLO_2026.parquet"",""left_sha256"":""2d2a6ab2af386bf571516cc8824f775eca408972a44bfa88ccdbc69864bf58c5"",""right_sha256"":""7558ab10b02908308699627357058378907d8715c8832dbb5d01baf701dbdc26"",""overlap_rows"":167,""conflicting_rows"":59,""first_conflict"":""2026-01-02"",""last_conflict"":""2026-08-14"",""warmup_conflicting_sessions"":59}]",H:\workspace\PCSOS\pool_scan_runs\daily_coverage_recovery_20260905_1741\tickers\FLO.json
FLYW,MIGRATED_ACTIVE_CONTENT_CONFLICT,"[{""year"":2026,""left"":""data\\parquet\\daily\\symbol=FLYW\\year=2026\\0a82d7cbd12a777dcdfea118.parquet"",""right"":""data\\parquet\\daily\\symbol=FLYW\\year=2026\\FLYW_2026.parquet"",""left_sha256"":""80953c8bb710566f808d61348729a8e8ae9aaa01671e845a5ac7ec37db1b5957"",""right_sha256"":""eb4756ee1e40e0d17af5cf7fb5c149af239edfc0c6bec3fd9bb648805c50ba15"",""overlap_rows"":167,""conflicting_rows"":38,""first_conflict"":""2026-01-27"",""last_conflict"":""2026-08-13"",""warmup_conflicting_sessions"":38}]",H:\workspace\PCSOS\pool_scan_runs\daily_coverage_recovery_20260905_1741\tickers\FLYW.json
FMC,MIGRATED_ACTIVE_CONTENT_CONFLICT,"[{""year"":2026,""left"":""data\\parquet\\daily\\symbol=FMC\\year=2026\\51bab459a1a9669e375650d9.parquet"",""right"":""data\\parquet\\daily\\symbol=FMC\\year=2026\\FMC_2026.parquet"",""left_sha256"":""49a46925c0de413da718f11b0ef1d1b4c9fa681b9c301eef9ccd5b96d07cb16a"",""right_sha256"":""e9afc69029cbc98dd45833190f5f45c77995f9348280627c96e290471cb01ce2"",""overlap_rows"":167,""conflicting_rows"":60,""first_conflict"":""2026-01-02"",""last_conflict"":""2026-08-14"",""warmup_conflicting_sessions"":60}]",H:\workspace\PCSOS\pool_scan_runs\daily_coverage_recovery_20260905_1741\tickers\FMC.json
FMX,MIGRATED_ACTIVE_CONTENT_CONFLICT,"[{""year"":2026,""left"":""data\\parquet\\daily\\symbol=FMX\\year=2026\\7ac2a51e2dba188e0d2fe655.parquet"",""right"":""data\\parquet\\daily\\symbol=FMX\\year=2026\\FMX_2026.parquet"",""left_sha256"":""657353e4a446ab33eb8065cd03afe6bf62178be6b6c9da247e7a0f145cf8e0b7"",""right_sha256"":""bc5695c4c67c49e5fb61c7a6cb48d5f2bfbbb67ac2d69903cb6cf4b05cf1952b"",""overlap_rows"":167,""conflicting_rows"":61,""first_conflict"":""2026-01-02"",""last_conflict"":""2026-08-13"",""warmup_conflicting_sessions"":61}]",H:\workspace\PCSOS\pool_scan_runs\daily_coverage_recovery_20260905_1741\tickers\FMX.json
FN,MIGRATED_ACTIVE_CONTENT_CONFLICT,"[{""year"":2026,""left"":""data\\parquet\\daily\\symbol=FN\\year=2026\\83ec114cb606efdf865d509f.parquet"",""right"":""data\\parquet\\daily\\symbol=FN\\year=2026\\FN_2026.parquet"",""left_sha256"":""e8f8e542d261450bd72dc6e5c31e41fc781be1180f8a4ea04f8dc0dc938c35d7"",""right_sha256"":""dc8c1d4244b8f11cbf9bb30a570fda4ab978812e9e2649b9ab349a1fbd1bf98e"",""overlap_rows"":167,""conflicting_rows"":36,""first_conflict"":""2026-01-29"",""last_conflict"":""2026-08-14"",""warmup_conflicting_sessions"":36}]",H:\workspace\PCSOS\pool_scan_runs\daily_coverage_recovery_20260905_1741\tickers\FN.json
FND,MIGRATED_ACTIVE_CONTENT_CONFLICT,"[{""year"":2026,""left"":""data\\parquet\\daily\\symbol=FND\\year=2026\\5d5cf7baba31e4a1b699ea67.parquet"",""right"":""data\\parquet\\daily\\symbol=FND\\year=2026\\FND_2026.parquet"",""left_sha256"":""9b1714d09b41133f7387abe13ecfbb62ef310e7efafddf7211a3ed130aec62fa"",""right_sha256"":""c71e51e4ba24cbc0e55327135dcdd69f24ce5c5b68c483ee2121f36a8ebf0009"",""overlap_rows"":167,""conflicting_rows"":36,""first_conflict"":""2026-01-29"",""last_conflict"":""2026-08-14"",""warmup_conflicting_sessions"":36}]",H:\workspace\PCSOS\pool_scan_runs\daily_coverage_recovery_20260905_1741\tickers\FND.json
FNV,MIGRATED_ACTIVE_CONTENT_CONFLICT,"[{""year"":2026,""left"":""data\\parquet\\daily\\symbol=FNV\\year=2026\\FNV_2026.parquet"",""right"":""data\\parquet\\daily\\symbol=FNV\\year=2026\\a29f16fec28d8b287dfd7da8.parquet"",""left_sha256"":""e978a1a87b237d11df33378708e7ddf6b4b974679014fc8b8acfe1b5b440ab45"",""right_sha256"":""1b6cd8e49b7022d87c35dcb67a172159799d5b57f1d61c296221bad77476a424"",""overlap_rows"":167,""conflicting_rows"":59,""first_conflict"":""2026-01-02"",""last_conflict"":""2026-08-14"",""warmup_conflicting_sessions"":59}]",H:\workspace\PCSOS\pool_scan_runs\daily_coverage_recovery_20260905_1741\tickers\FNV.json
FOX,MIGRATED_ACTIVE_CONTENT_CONFLICT,"[{""year"":2026,""left"":""data\\parquet\\daily\\symbol=FOX\\year=2026\\18b5d7c248143127dd33d071.parquet"",""right"":""data\\parquet\\daily\\symbol=FOX\\year=2026\\FOX_2026.parquet"",""left_sha256"":""b9a29b68adfba7ea51c6e40f0ea0f6ce0e3fbd9b7e95a09b9bf4c651c21138b0"",""right_sha256"":""f55b70d590c4b401288325641fa1ae2ad8842f0dd19877760dfe3c1c0f140126"",""overlap_rows"":167,""conflicting_rows"":47,""first_conflict"":""2026-01-02"",""last_conflict"":""2026-08-14"",""warmup_conflicting_sessions"":47}]",H:\workspace\PCSOS\pool_scan_runs\daily_coverage_recovery_20260905_1741\tickers\FOX.json
FOXA,MIGRATED_ACTIVE_CONTENT_CONFLICT,"[{""year"":2026,""left"":""data\\parquet\\daily\\symbol=FOXA\\year=2026\\FOXA_2026.parquet"",""right"":""data\\parquet\\daily\\symbol=FOXA\\year=2026\\b84667effc07e80ecbcfbb93.parquet"",""left_sha256"":""e916cba75e293ca848b96998eefadebd8773ec6f83413634297e3273a9f2065a"",""right_sha256"":""bdf56091219a9260a3fbd559c48b6ab3d6d1e308b54e79f01ce38fa71b129d55"",""overlap_rows"":167,""conflicting_rows"":54,""first_conflict"":""2026-01-02"",""last_conflict"":""2026-08-14"",""warmup_conflicting_sessions"":54}]",H:\workspace\PCSOS\pool_scan_runs\daily_coverage_recovery_20260905_1741\tickers\FOXA.json
FOXF,MIGRATED_ACTIVE_CONTENT_CONFLICT,"[{""year"":2026,""left"":""data\\parquet\\daily\\symbol=FOXF\\year=2026\\4e4d6d21248ca00f227428c6.parquet"",""right"":""data\\parquet\\daily\\symbol=FOXF\\year=2026\\FOXF_2026.parquet"",""left_sha256"":""44fa9c325dc6c1f410959dbe1b53100fabf837bec40e4b6b4b3025c7340bfa48"",""right_sha256"":""ccf97092eff443721d6c2f4ba1038dc6faccd58444e2cb2ffa2b5437fdd15c6b"",""overlap_rows"":167,""conflicting_rows"":40,""first_conflict"":""2026-01-30"",""last_conflict"":""2026-08-14"",""warmup_conflicting_sessions"":40}]",H:\workspace\PCSOS\pool_scan_runs\daily_coverage_recovery_20260905_1741\tickers\FOXF.json
FRO,MIGRATED_ACTIVE_CONTENT_CONFLICT,"[{""year"":2026,""left"":""data\\parquet\\daily\\symbol=FRO\\year=2026\\FRO_2026.parquet"",""right"":""data\\parquet\\daily\\symbol=FRO\\year=2026\\a7b26cc95d9c253fc0cdabfe.parquet"",""left_sha256"":""73ff67331f56bb770faa5268bbd2c89782366a0f6bb1a7141e486f09abdaafed"",""right_sha256"":""5be3ebf5e5dd68a4e681aa91f30bfcc16da16b75131c4dc4b184e43fd8a39103"",""overlap_rows"":167,""conflicting_rows"":57,""first_conflict"":""2026-01-02"",""last_conflict"":""2026-08-13"",""warmup_conflicting_sessions"":57}]",H:\workspace\PCSOS\pool_scan_runs\daily_coverage_recovery_20260905_1741\tickers\FRO.json
FRSH,MIGRATED_ACTIVE_CONTENT_CONFLICT,"[{""year"":2026,""left"":""data\\parquet\\daily\\symbol=FRSH\\year=2026\\6eeaaca3caf9b123b5bb526c.parquet"",""right"":""data\\parquet\\daily\\symbol=FRSH\\year=2026\\FRSH_2026.parquet"",""left_sha256"":""bf71635e6ca16d1f6cde34f0fb9d928c9ddefdc46fa3caf4519404c626bc678b"",""right_sha256"":""e878252f364835e30f0d923271ed8d1ce72bff2e2b7477e394f3cf6c7fa86a25"",""overlap_rows"":167,""conflicting_rows"":48,""first_conflict"":""2026-01-02"",""last_conflict"":""2026-08-14"",""warmup_conflicting_sessions"":48}]",H:\workspace\PCSOS\pool_scan_runs\daily_coverage_recovery_20260905_1741\tickers\FRSH.json
FRT,MIGRATED_ACTIVE_CONTENT_CONFLICT,"[{""year"":2026,""left"":""data\\parquet\\daily\\symbol=FRT\\year=2026\\FRT_2026.parquet"",""right"":""data\\parquet\\daily\\symbol=FRT\\year=2026\\a868df8ad61053b8ddf2745d.parquet"",""left_sha256"":""920a83c7076b8f983e4165f7dd5ac342f3eb570712ea4c1b220ea7e3fcc97f1c"",""right_sha256"":""f760259b546613aeefa175e51fef8cc54dea33aabefad4e37bd8121e0dadd15f"",""overlap_rows"":167,""conflicting_rows"":59,""first_conflict"":""2026-01-02"",""last_conflict"":""2026-08-13"",""warmup_conflicting_sessions"":59}]",H:\workspace\PCSOS\pool_scan_runs\daily_coverage_recovery_20260905_1741\tickers\FRT.json
FSM,MIGRATED_ACTIVE_CONTENT_CONFLICT,"[{""year"":2026,""left"":""data\\parquet\\daily\\symbol=FSM\\year=2026\\23951e013776d3ba3aa040dd.parquet"",""right"":""data\\parquet\\daily\\symbol=FSM\\year=2026\\FSM_2026.parquet"",""left_sha256"":""e4b1f35e6313810356294e311c716bf438fb1677e951546c9534fcc01f49ff8d"",""right_sha256"":""8b6f55042dd15e8301f76d53f035cbaf2731f38e287b5c8b886a9652df97b890"",""overlap_rows"":167,""conflicting_rows"":45,""first_conflict"":""2026-01-02"",""last_conflict"":""2026-08-14"",""warmup_conflicting_sessions"":45}]",H:\workspace\PCSOS\pool_scan_runs\daily_coverage_recovery_20260905_1741\tickers\FSM.json
FTDR,MIGRATED_ACTIVE_CONTENT_CONFLICT,"[{""year"":2026,""left"":""data\\parquet\\daily\\symbol=FTDR\\year=2026\\33371bc1641269399cc9d396.parquet"",""right"":""data\\parquet\\daily\\symbol=FTDR\\year=2026\\FTDR_2026.parquet"",""left_sha256"":""82cfbf03af8f840fba92faa1ed7cd11cd3c462fa9b2e05f24748df328bc90559"",""right_sha256"":""bd8fa84c6e74bdf398a0b0c5bce1532014b69ad6bd9178530dcd8e4e964c1903"",""overlap_rows"":167,""conflicting_rows"":40,""first_conflict"":""2026-01-29"",""last_conflict"":""2026-08-13"",""warmup_conflicting_sessions"":40}]",H:\workspace\PCSOS\pool_scan_runs\daily_coverage_recovery_20260905_1741\tickers\FTDR.json
FTNT,MIGRATED_ACTIVE_CONTENT_CONFLICT,"[{""year"":2026,""left"":""data\\parquet\\daily\\symbol=FTNT\\year=2026\\FTNT_2026.parquet"",""right"":""data\\parquet\\daily\\symbol=FTNT\\year=2026\\b3e375e1b543157e672159b9.parquet"",""left_sha256"":""306a2e9ae7f65960dc2f1679140e37e573744c218e491fa3e46adb447d1988cd"",""right_sha256"":""0418e871a2504d0d7f8a228d8b0a219ee0a6072c1a8b369719c800cecb36a88a"",""overlap_rows"":167,""conflicting_rows"":46,""first_conflict"":""2026-01-27"",""last_conflict"":""2026-08-14"",""warmup_conflicting_sessions"":46}]",H:\workspace\PCSOS\pool_scan_runs\daily_coverage_recovery_20260905_1741\tickers\FTNT.json
FTRE,MIGRATED_ACTIVE_CONTENT_CONFLICT,"[{""year"":2026,""left"":""data\\parquet\\daily\\symbol=FTRE\\year=2026\\FTRE_2026.parquet"",""right"":""data\\parquet\\daily\\symbol=FTRE\\year=2026\\c74de86235b4f700af09618d.parquet"",""left_sha256"":""0e55853d5990d983e97d7a480d097c7bb07783e18932d92430b1c94a6edcdd50"",""right_sha256"":""c58395f8b6c1fa23e28f2f19238ed9254507623ec70d22cbed0b50dc595e460a"",""overlap_rows"":167,""conflicting_rows"":38,""first_conflict"":""2026-01-02"",""last_conflict"":""2026-08-14"",""warmup_conflicting_sessions"":38}]",H:\workspace\PCSOS\pool_scan_runs\daily_coverage_recovery_20260905_1741\tickers\FTRE.json
FUBO,MIGRATED_ACTIVE_CONTENT_CONFLICT,"[{""year"":2026,""left"":""data\\parquet\\daily\\symbol=FUBO\\year=2026\\3dab56659d5b35bdd457e5bd.parquet"",""right"":""data\\parquet\\daily\\symbol=FUBO\\year=2026\\FUBO_2026.parquet"",""left_sha256"":""f92b8eb577295382022916faa14fa2ea5b5bccbac0084b8b221c47618ab20c57"",""right_sha256"":""d5e03731d608fc0a5dee05cfa335808a69dcbcd5f896d53bdb0d721bc8a461b5"",""overlap_rows"":167,""conflicting_rows"":55,""first_conflict"":""2026-01-02"",""last_conflict"":""2026-08-14"",""warmup_conflicting_sessions"":55}]",H:\workspace\PCSOS\pool_scan_runs\daily_coverage_recovery_20260905_1741\tickers\FUBO.json
FUL,MIGRATED_ACTIVE_CONTENT_CONFLICT,"[{""year"":2026,""left"":""data\\parquet\\daily\\symbol=FUL\\year=2026\\0c0bce27060141238ab895ee.parquet"",""right"":""data\\parquet\\daily\\symbol=FUL\\year=2026\\FUL_2026.parquet"",""left_sha256"":""fc26b6f574c0197e5e591a467e4db36c4b9312427047da4a97d97d09f8ab1925"",""right_sha256"":""1278b2c6fc09c8dcc3e6b64a942f45bd2b252648c5c2c63fa49933ad06adb122"",""overlap_rows"":167,""conflicting_rows"":61,""first_conflict"":""2026-01-02"",""last_conflict"":""2026-08-14"",""warmup_conflicting_sessions"":61}]",H:\workspace\PCSOS\pool_scan_runs\daily_coverage_recovery_20260905_1741\tickers\FUL.json
FUN,MIGRATED_ACTIVE_CONTENT_CONFLICT,"[{""year"":2026,""left"":""data\\parquet\\daily\\symbol=FUN\\year=2026\\8a53eda92e8e574715147425.parquet"",""right"":""data\\parquet\\daily\\symbol=FUN\\year=2026\\FUN_2026.parquet"",""left_sha256"":""91184a9026396fcd7f96e803485f53ff23011aa42fbd85e16938712cae560530"",""right_sha256"":""9abeab7443c9af1f802ca3534ddce659163b17f4260e0238dfdf8a20bf924b24"",""overlap_rows"":167,""conflicting_rows"":38,""first_conflict"":""2026-02-06"",""last_conflict"":""2026-08-14"",""warmup_conflicting_sessions"":38}]",H:\workspace\PCSOS\pool_scan_runs\daily_coverage_recovery_20260905_1741\tickers\FUN.json
FVRR,MIGRATED_ACTIVE_CONTENT_CONFLICT,"[{""year"":2026,""left"":""data\\parquet\\daily\\symbol=FVRR\\year=2026\\FVRR_2026.parquet"",""right"":""data\\parquet\\daily\\symbol=FVRR\\year=2026\\a57c1b86088f83cc44bced9c.parquet"",""left_sha256"":""0456c61347bc8da731ec30c95e940a87106a55dd703e22d2746296df1df05e2a"",""right_sha256"":""5900a03e7715679f662e3ff59ee201f1fba2fa19d5684b4c56172d524c25e1de"",""overlap_rows"":166,""conflicting_rows"":38,""first_conflict"":""2026-02-03"",""last_conflict"":""2026-08-18"",""warmup_conflicting_sessions"":38}]",H:\workspace\PCSOS\pool_scan_runs\daily_coverage_recovery_20260905_1741\tickers\FVRR.json
FWONK,MIGRATED_ACTIVE_CONTENT_CONFLICT,"[{""year"":2026,""left"":""data\\parquet\\daily\\symbol=FWONK\\year=2026\\26899bc9d2ed5446ac987cd9.parquet"",""right"":""data\\parquet\\daily\\symbol=FWONK\\year=2026\\FWONK_2026.parquet"",""left_sha256"":""5c77258b7ea26e24fb0ba3176b334c6fbad553e4124e4d19f2a5041ab77c7425"",""right_sha256"":""a4f1e4d23cfe02fa3a47c1bdcf503f2e8575f7d8cafb9eb5b1d347d10b738043"",""overlap_rows"":167,""conflicting_rows"":40,""first_conflict"":""2026-01-02"",""last_conflict"":""2026-08-13"",""warmup_conflicting_sessions"":40}]",H:\workspace\PCSOS\pool_scan_runs\daily_coverage_recovery_20260905_1741\tickers\FWONK.json
FWRG,MIGRATED_ACTIVE_CONTENT_CONFLICT,"[{""year"":2026,""left"":""data\\parquet\\daily\\symbol=FWRG\\year=2026\\60238850e4312da79d7fb786.parquet"",""right"":""data\\parquet\\daily\\symbol=FWRG\\year=2026\\FWRG_2026.parquet"",""left_sha256"":""e72235db3a8f79f319760d4826368861021c9f3864e8c340af32d4e046d43e7c"",""right_sha256"":""72175ab1d97fa88e5ca7033feee17a3fdda26117e915d4478df6f9ed8750a8aa"",""overlap_rows"":167,""conflicting_rows"":42,""first_conflict"":""2026-02-06"",""last_conflict"":""2026-08-14"",""warmup_conflicting_sessions"":42}]",H:\workspace\PCSOS\pool_scan_runs\daily_coverage_recovery_20260905_1741\tickers\FWRG.json
FXE,MIGRATED_ACTIVE_CONTENT_CONFLICT,"[{""year"":2026,""left"":""data\\parquet\\daily\\symbol=FXE\\year=2026\\237f61fd240fadbffab30152.parquet"",""right"":""data\\parquet\\daily\\symbol=FXE\\year=2026\\FXE_2026.parquet"",""left_sha256"":""364f509009b690d2a45ba9964ad6a1bed8c23af77983497eb0d9006877eda465"",""right_sha256"":""3c3a37799896eddaad4c7eb97d35fa38e44a8a2f7440af734b617e0feafa9f64"",""overlap_rows"":167,""conflicting_rows"":63,""first_conflict"":""2026-01-02"",""last_conflict"":""2026-08-14"",""warmup_conflicting_sessions"":63}]",H:\workspace\PCSOS\pool_scan_runs\daily_coverage_recovery_20260905_1741\tickers\FXE.json
GBX,MIGRATED_ACTIVE_CONTENT_CONFLICT,"[{""year"":2026,""left"":""data\\parquet\\daily\\symbol=GBX\\year=2026\\20a683ee552adc8adfc6b7a3.parquet"",""right"":""data\\parquet\\daily\\symbol=GBX\\year=2026\\GBX_2026.parquet"",""left_sha256"":""dcc1630d506ebf24c292dc2a63523084682f46bab2315fd581caf0de6e91e523"",""right_sha256"":""d5f96573b7650f880ce9533c7f4cee4f4f9d8dda64bef8352c49bab6b9b7d82f"",""overlap_rows"":167,""conflicting_rows"":60,""first_conflict"":""2026-01-02"",""last_conflict"":""2026-08-13"",""warmup_conflicting_sessions"":60}]",H:\workspace\PCSOS\pool_scan_runs\daily_coverage_recovery_20260905_1741\tickers\GBX.json
GCO,MIGRATED_ACTIVE_CONTENT_CONFLICT,"[{""year"":2026,""left"":""data\\parquet\\daily\\symbol=GCO\\year=2026\\40ddeeda667cebcb98a6c5cf.parquet"",""right"":""data\\parquet\\daily\\symbol=GCO\\year=2026\\GCO_2026.parquet"",""left_sha256"":""aa57d887597034db8b3bd056bd208de11e10c6fa3f0d5f87e9cdf0f39567c765"",""right_sha256"":""ea52217f997849071fbbe3b9f4543e21b416e31a73a1ebe9a769b6cc1b35b34e"",""overlap_rows"":167,""conflicting_rows"":30,""first_conflict"":""2026-02-09"",""last_conflict"":""2026-08-06"",""warmup_conflicting_sessions"":30}]",H:\workspace\PCSOS\pool_scan_runs\daily_coverage_recovery_20260905_1741\tickers\GCO.json
GCT,MIGRATED_ACTIVE_CONTENT_CONFLICT,"[{""year"":2026,""left"":""data\\parquet\\daily\\symbol=GCT\\year=2026\\26b9f1a4097a5da7e47bab53.parquet"",""right"":""data\\parquet\\daily\\symbol=GCT\\year=2026\\GCT_2026.parquet"",""left_sha256"":""5cb54596aa11b0438cda8df86a4ecc58c332ddfe207415e8c74e4f927577cb91"",""right_sha256"":""d8c4db4ea9899e60e16279441a9deb1bd388013656c70aab5c7de6f7b23a6fee"",""overlap_rows"":167,""conflicting_rows"":38,""first_conflict"":""2026-01-29"",""last_conflict"":""2026-08-13"",""warmup_conflicting_sessions"":38}]",H:\workspace\PCSOS\pool_scan_runs\daily_coverage_recovery_20260905_1741\tickers\GCT.json
GD,MIGRATED_ACTIVE_CONTENT_CONFLICT,"[{""year"":2026,""left"":""data\\parquet\\daily\\symbol=GD\\year=2026\\01f36399862c9fd93d5b710c.parquet"",""right"":""data\\parquet\\daily\\symbol=GD\\year=2026\\GD_2026.parquet"",""left_sha256"":""08d162c4edf1a60001dcba348c49ce1c519ef129ae02331a51cbf9a953260bd7"",""right_sha256"":""9cb7ae40c2ddd4cf188f638530e851554857786997d9329e6f59d226f0cd0841"",""overlap_rows"":167,""conflicting_rows"":58,""first_conflict"":""2026-01-02"",""last_conflict"":""2026-08-14"",""warmup_conflicting_sessions"":58}]",H:\workspace\PCSOS\pool_scan_runs\daily_coverage_recovery_20260905_1741\tickers\GD.json
GDDY,MIGRATED_ACTIVE_CONTENT_CONFLICT,"[{""year"":2026,""left"":""data\\parquet\\daily\\symbol=GDDY\\year=2026\\0bca30ca5deb844eb011be55.parquet"",""right"":""data\\parquet\\daily\\symbol=GDDY\\year=2026\\GDDY_2026.parquet"",""left_sha256"":""3b0905f3352be3519c700884b551fd46034808afdd5679605774cc92fcc58b30"",""right_sha256"":""2c57a0d48a3f4d2377a6f4d2b7baf23698676d83428a5e3de987852acc67ba69"",""overlap_rows"":167,""conflicting_rows"":31,""first_conflict"":""2026-02-02"",""last_conflict"":""2026-08-14"",""warmup_conflicting_sessions"":31}]",H:\workspace\PCSOS\pool_scan_runs\daily_coverage_recovery_20260905_1741\tickers\GDDY.json
GDS,MIGRATED_ACTIVE_CONTENT_CONFLICT,"[{""year"":2026,""left"":""data\\parquet\\daily\\symbol=GDS\\year=2026\\909ae2126baf50bb8a99aadd.parquet"",""right"":""data\\parquet\\daily\\symbol=GDS\\year=2026\\GDS_2026.parquet"",""left_sha256"":""1917eb6bbb283aa9fb8598bd96dbb65fa4a707d21833031813b2c9ca46bbd46f"",""right_sha256"":""6ffeb94d31d7172d92e59d13786ef18c92b2e3ee0c5058441001d0e2d6e375eb"",""overlap_rows"":167,""conflicting_rows"":32,""first_conflict"":""2026-01-02"",""last_conflict"":""2026-08-14"",""warmup_conflicting_sessions"":32}]",H:\workspace\PCSOS\pool_scan_runs\daily_coverage_recovery_20260905_1741\tickers\GDS.json
GDX,MIGRATED_ACTIVE_CONTENT_CONFLICT,"[{""year"":2026,""left"":""data\\parquet\\daily\\symbol=GDX\\year=2026\\685b1185505187d17d9b2070.parquet"",""right"":""data\\parquet\\daily\\symbol=GDX\\year=2026\\GDX_2026.parquet"",""left_sha256"":""632ba52f592c3c575cc986b427c0a05c3933ee53f38a3b8bbb2f05cb92eaa7e2"",""right_sha256"":""fc19d3b792f73cb02bf7268e83cb03f4c66fedfa0f38f5cf41eedfbf4a099d2d"",""overlap_rows"":167,""conflicting_rows"":38,""first_conflict"":""2026-01-29"",""last_conflict"":""2026-08-14"",""warmup_conflicting_sessions"":38}]",H:\workspace\PCSOS\pool_scan_runs\daily_coverage_recovery_20260905_1741\tickers\GDX.json
GDXJ,MIGRATED_ACTIVE_CONTENT_CONFLICT,"[{""year"":2026,""left"":""data\\parquet\\daily\\symbol=GDXJ\\year=2026\\07141a5ada9327ea7cae49f5.parquet"",""right"":""data\\parquet\\daily\\symbol=GDXJ\\year=2026\\GDXJ_2026.parquet"",""left_sha256"":""9d1498e9e3e53187c0216b7d1569294df85df4e693b49638d38f9795b674cbc1"",""right_sha256"":""f36520cb02cc7d9c4ba581dd55a8da7529d04eed2c0cb9472474399b488cbd04"",""overlap_rows"":167,""conflicting_rows"":31,""first_conflict"":""2026-02-02"",""last_conflict"":""2026-08-14"",""warmup_conflicting_sessions"":31}]",H:\workspace\PCSOS\pool_scan_runs\daily_coverage_recovery_20260905_1741\tickers\GDXJ.json
GE,MIGRATED_ACTIVE_CONTENT_CONFLICT,"[{""year"":2026,""left"":""data\\parquet\\daily\\symbol=GE\\year=2026\\64ec6078fd0836b2b9e33b9e.parquet"",""right"":""data\\parquet\\daily\\symbol=GE\\year=2026\\GE_2026.parquet"",""left_sha256"":""7bb1254670b0babaa1a26348962c68c9a38aa6b8f9b2d7ffa0c48c8eea166e17"",""right_sha256"":""93da5589faa8c4da460cd2f861d855446a32b2243c53971b01c3f84f603e1241"",""overlap_rows"":167,""conflicting_rows"":61,""first_conflict"":""2026-01-02"",""last_conflict"":""2026-08-06"",""warmup_conflicting_sessions"":61}]",H:\workspace\PCSOS\pool_scan_runs\daily_coverage_recovery_20260905_1741\tickers\GE.json
GENI,MIGRATED_ACTIVE_CONTENT_CONFLICT,"[{""year"":2026,""left"":""data\\parquet\\daily\\symbol=GENI\\year=2026\\3485e1de54dfbaa4e8c375a2.parquet"",""right"":""data\\parquet\\daily\\symbol=GENI\\year=2026\\GENI_2026.parquet"",""left_sha256"":""c6015492e02d1d23ec9e94462ccf14a57978763ea3e6cc85c3ebf54ecb43e2b3"",""right_sha256"":""58eb8649ae04ff0d7aad78a437b77288126152ad4e78efb491ee242564a2e749"",""overlap_rows"":167,""conflicting_rows"":47,""first_conflict"":""2026-01-27"",""last_conflict"":""2026-08-13"",""warmup_conflicting_sessions"":47}]",H:\workspace\PCSOS\pool_scan_runs\daily_coverage_recovery_20260905_1741\tickers\GENI.json
GEVO,MIGRATED_ACTIVE_CONTENT_CONFLICT,"[{""year"":2026,""left"":""data\\parquet\\daily\\symbol=GEVO\\year=2026\\875ae19b82bce440c80a63ac.parquet"",""right"":""data\\parquet\\daily\\symbol=GEVO\\year=2026\\GEVO_2026.parquet"",""left_sha256"":""3d6ab80a85b647b2e605269b7810ed538ee1244ea508f4615781adba7bf5e261"",""right_sha256"":""4a1fd9421d300d95980f6631615e9b5517a3a113bc63b521c2cee1bb584fd352"",""overlap_rows"":167,""conflicting_rows"":41,""first_conflict"":""2026-01-27"",""last_conflict"":""2026-08-14"",""warmup_conflicting_sessions"":41}]",H:\workspace\PCSOS\pool_scan_runs\daily_coverage_recovery_20260905_1741\tickers\GEVO.json
GFL,MIGRATED_ACTIVE_CONTENT_CONFLICT,"[{""year"":2026,""left"":""data\\parquet\\daily\\symbol=GFL\\year=2026\\4d9f127922839f53d307000d.parquet"",""right"":""data\\parquet\\daily\\symbol=GFL\\year=2026\\GFL_2026.parquet"",""left_sha256"":""cbffd7a501b495d65ad2c63b1de0d9f81dfcece5f7975919e894cb5baa1ae247"",""right_sha256"":""2bb26e8edd1e415de4082ae50a3f87929d52ea66d4718cf3ba41b4d66d6e5050"",""overlap_rows"":167,""conflicting_rows"":63,""first_conflict"":""2026-01-02"",""last_conflict"":""2026-08-14"",""warmup_conflicting_sessions"":63}]",H:\workspace\PCSOS\pool_scan_runs\daily_coverage_recovery_20260905_1741\tickers\GFL.json
GFS,MIGRATED_ACTIVE_CONTENT_CONFLICT,"[{""year"":2026,""left"":""data\\parquet\\daily\\symbol=GFS\\year=2026\\3f092ed01b6fb4ba842a52bc.parquet"",""right"":""data\\parquet\\daily\\symbol=GFS\\year=2026\\GFS_2026.parquet"",""left_sha256"":""007350f29a9ace6b69ed3b4ab588e95e9f3344f8b28d6da16fb8bf6a1a62141e"",""right_sha256"":""e2ecd34d04cf6b3b42ecba5b99fd582ab1eb8f0cca0170638ca762dadd605e22"",""overlap_rows"":167,""conflicting_rows"":63,""first_conflict"":""2026-01-02"",""last_conflict"":""2026-08-14"",""warmup_conflicting_sessions"":63}]",H:\workspace\PCSOS\pool_scan_runs\daily_coverage_recovery_20260905_1741\tickers\GFS.json
GGLL,MIGRATED_ACTIVE_CONTENT_CONFLICT,"[{""year"":2026,""left"":""data\\parquet\\daily\\symbol=GGLL\\year=2026\\2b9a5611add6b966088031b8.parquet"",""right"":""data\\parquet\\daily\\symbol=GGLL\\year=2026\\GGLL_2026.parquet"",""left_sha256"":""a8c176d124e85544abc72e4de26eb222eb2813d8b0f7ba31097ed03b34f7ac45"",""right_sha256"":""1601b55cb9166fe9ceda4965321a73813ff8b455255e3f0744776b4df426a046"",""overlap_rows"":167,""conflicting_rows"":62,""first_conflict"":""2026-01-02"",""last_conflict"":""2026-08-13"",""warmup_conflicting_sessions"":62}]",H:\workspace\PCSOS\pool_scan_runs\daily_coverage_recovery_20260905_1741\tickers\GGLL.json
GH,MIGRATED_ACTIVE_CONTENT_CONFLICT,"[{""year"":2026,""left"":""data\\parquet\\daily\\symbol=GH\\year=2026\\7ae5d338ef04f1bc9fd786c3.parquet"",""right"":""data\\parquet\\daily\\symbol=GH\\year=2026\\GH_2026.parquet"",""left_sha256"":""4fe93ed91720073a24793d975d751bdcc8048ef1810b868be97a13e63fcc3f0a"",""right_sha256"":""653c7c3d6840a506a139e37daef71ef8d427cfdd79af1dcdfb80eabfee34465f"",""overlap_rows"":167,""conflicting_rows"":44,""first_conflict"":""2026-01-30"",""last_conflict"":""2026-08-14"",""warmup_conflicting_sessions"":44}]",H:\workspace\PCSOS\pool_scan_runs\daily_coverage_recovery_20260905_1741\tickers\GH.json
GIS,MIGRATED_ACTIVE_CONTENT_CONFLICT,"[{""year"":2026,""left"":""data\\parquet\\daily\\symbol=GIS\\year=2026\\GIS_2026.parquet"",""right"":""data\\parquet\\daily\\symbol=GIS\\year=2026\\e681dae15956f75438051a44.parquet"",""left_sha256"":""8ce21bbc9a1f4a188e300d1175e04004f0ef5fe780b524346a5778f6ff7c0b88"",""right_sha256"":""4750507ca2447e7269f8da47f2e40e998492ed122040002e948d69b32c649d63"",""overlap_rows"":167,""conflicting_rows"":60,""first_conflict"":""2026-01-02"",""last_conflict"":""2026-08-14"",""warmup_conflicting_sessions"":60}]",H:\workspace\PCSOS\pool_scan_runs\daily_coverage_recovery_20260905_1741\tickers\GIS.json
